	algorithm	#Fc	D	percFES	run_1	mean	elapsed_time	evals
0	CDE/best/1/bin	1	10	1	9.923752486429294e-09	9.923752486429294e-09	0:01:44	34030
