	algorithm	#Fc	D	percFES	run_1	run_2	mean	elapsed_time	evals
0	CDE/best/1/bin	1	10	1	0.0019269967544488509	9.969369330065092e-09	0.0009635033619090905	0:04:40	24330
