	algorithm	#Fc	D	percFES	run_1	run_2	run_3	run_4	run_5	run_6	run_7	run_8	run_9	run_10	run_11	run_12	run_13	run_14	run_15	run_16	run_17	run_18	run_19	run_20	run_21	run_22	run_23	run_24	run_25	run_26	run_27	run_28	run_29	run_30	run_31	run_32	run_33	run_34	run_35	run_36	run_37	run_38	run_39	run_40	run_41	run_42	run_43	run_44	run_45	run_46	run_47	run_48	run_49	run_50	run_51	mean	elapsed_time	evals
0	QODE/best/1/bin	1	10	0.4	9.52675804910541e-09	9.947484613803681e-09	9.464457662033965e-08	9.645489740250923e-09	9.387065347254975e-09	9.940478662429086e-09	8.207607038457354e-09	7.62970842060895e-09	9.595041206011956e-09	9.80250547399919e-09	7.990053063622327e-09	9.653987831370614e-09	8.457888611701492e-09	9.276675427827286e-09	9.941231837728992e-09	8.559226216675597e-09	9.137949064097484e-09	8.459565492557886e-09	9.695128255771124e-09	9.778105436453188e-09	9.206061690747447e-09	9.70366897945496e-09	9.118068078350916e-09	8.656826366859605e-09	2.3310663692655e-06	8.423057806794532e-09	7.780144528624078e-09	8.744397774762547e-07	8.095715031686268e-08	8.814836860437936e-09	7.295383852579107e-09	4.172029832716362e-08	9.724743676997605e-09	9.222020480592619e-09	9.969824077415979e-09	6.084263759476016e-09	9.19681042432785e-09	9.949602031156246e-09	8.412641250288289e-09	9.791065735953453e-09	9.624400831853563e-09	7.528612400165002e-09	9.662670663601602e-09	8.620091307420807e-09	7.567876991743105e-09	2.6750470283332106e-08	8.573920240451116e-09	9.566164749230666e-09	9.746770501806168e-09	9.284889301852672e-09	9.907608955472824e-09	7.560083563966341e-08	1:09:18	29280
