	algorithm	#Fc	D	percFES	run_1	run_2	run_3	run_4	run_5	run_6	run_7	run_8	run_9	run_10	run_11	run_12	run_13	run_14	run_15	run_16	run_17	run_18	run_19	run_20	run_21	run_22	run_23	run_24	run_25	run_26	run_27	run_28	run_29	run_30	run_31	run_32	run_33	run_34	run_35	run_36	run_37	run_38	run_39	run_40	run_41	run_42	run_43	run_44	run_45	run_46	run_47	run_48	run_49	run_50	run_51	mean	elapsed_time	evals
0	QODE/best/1/bin	1	10	0.01	11024621.921806252	1572640.2426516302	1804759.4057900498	2478981.5855782405	7249466.060765159	1738675.6147698949	4143194.2515792553	7691050.890182826	10402237.248146577	15019020.585159456	1464353.5879439707	1204893.6462272776	5497940.086375445	1287571.6856517575	2624376.651604118	12124713.617465395	6200770.196420202	7667860.2638935475	2563195.1884006015	9026566.113064896	2144469.3524379362	3827767.4281124454	3173803.541090435	6756158.85859893	4077260.3191069933	11551250.254969556	4049039.459186937	3234985.1475969725	1020199.1925458686	1537653.731013095	3435850.9183817906	1384231.8350125535	2390317.7827385874	2781166.2454601307	4416638.619301456	10945045.576359158	2072778.4014838056	4904470.548029811	2579277.995250828	6150120.406851542	3248662.2525707697	754926.5693872161	808356.1391956649	3576624.2089115777	1244589.0887057276	652410.3988227851	3226134.8432324887	1836431.2067086487	2907073.991191405	3980203.0767365545	1173723.647015302	4286833.527048697	0:02:26	990
