	algorithm	#Fc	D	percFES	run_1	run_2	run_3	run_4	run_5	run_6	run_7	run_8	run_9	run_10	run_11	run_12	run_13	run_14	run_15	run_16	run_17	run_18	run_19	run_20	run_21	run_22	run_23	run_24	run_25	run_26	run_27	run_28	run_29	run_30	run_31	run_32	run_33	run_34	run_35	run_36	run_37	run_38	run_39	run_40	run_41	run_42	run_43	run_44	run_45	run_46	run_47	run_48	run_49	run_50	run_51	mean	elapsed_time	evals
0	QODE/best/1/bin	1	10	0.1	151.96268815591867	846.2321948785824	2379.7008828288926	5.711287496725632	5.489569317891636	333.75816378967977	752.1011113749801	482.0309236102023	24.640049889246924	7518.1675124287085	20.53268053642182	449.52319075569767	1509.6042881223943	2241.489600574141	21.257236789319364	269.6016525673138	428.25045704974707	42.48355519281742	1254.9319270326378	12.156539865539457	6.677209753836522	505.68144288927397	10.36937409112268	353.538119572063	49.72935765744822	126.18312885125673	1143.191296111428	4.934313692815579	209.14560403634573	190.53825040174183	147.0417145521677	1185.530602390559	28.133691448653252	291.44888055587336	254.60038656086806	114.3230680342507	2380.8176141367526	534.1363107604668	3.0666659242130834	295.119087805211	1808.794768242637	120.77391674215627	921.8459962697443	26.65687133233064	1485.2595221098209	1.3570220504904142	2440.4408715901704	11.277830500939643	152.73778271284573	245.8706612896549	9.975181649580051	662.9180795288936	0:20:50	9780
