	algorithm	#Fc	D	percFES	run_1	run_2	run_3	run_4	run_5	run_6	run_7	run_8	run_9	run_10	run_11	run_12	run_13	run_14	run_15	run_16	run_17	run_18	run_19	run_20	run_21	run_22	run_23	run_24	run_25	run_26	run_27	run_28	run_29	run_30	run_31	run_32	run_33	run_34	run_35	run_36	run_37	run_38	run_39	run_40	run_41	run_42	run_43	run_44	run_45	run_46	run_47	run_48	run_49	run_50	run_51	mean	elapsed_time	evals
0	QODE/best/1/bin	1	10	0.2	0.030698659608532353	0.0032058037798776695	0.8204050658685844	0.0010792666504784165	0.036883972904121265	0.0035343410175698864	0.028972465739812492	0.26582320525889713	0.00030604195437433646	0.002942177521177314	0.05216004344549674	0.14714218141253355	0.6868644785339768	0.08638674927792067	0.0010811251351015017	12.335339449668737	9.987657345789103e-05	0.00034290551006677106	2.139033995263162e-05	0.011951188445067373	16.175705037133568	0.051630422753589755	8.807508918096119e-05	0.010689487288615851	0.0068191179012586645	0.013592453886928979	2.207981181884037	0.00397161769213028	0.3538451743404778	0.12041549568512266	4.944874025787286	0.07978735706954865	0.057841605211990554	0.00816123187729545	3.814342426267103e-05	1.2533619567509362	0.0009873136510663016	4.754279107999082e-05	0.001500109488176804	0.18131786733236765	6.63338175854733e-06	1.5432438550697327	0.0010154697008459834	2404.6623501114814	2.4907258620032735e-06	3.462480110272281e-05	0.0016779881806883168	0.059490178982159136	0.0021604708373672565	0.003826112578067864	0.05613966790730274	47.96701653351629	0:43:32	19500
