	algorithm	#Fc	D	percFES	run_1	run_2	run_3	run_4	run_5	run_6	run_7	run_8	run_9	run_10	run_11	run_12	run_13	run_14	run_15	run_16	run_17	run_18	run_19	run_20	run_21	run_22	run_23	run_24	run_25	run_26	run_27	run_28	run_29	run_30	run_31	run_32	run_33	run_34	run_35	run_36	run_37	run_38	run_39	run_40	run_41	run_42	run_43	run_44	run_45	run_46	run_47	run_48	run_49	run_50	run_51	mean	elapsed_time	evals
0	QODE/best/1/bin	1	10	0.7	8.760054015510832e-09	9.688648106020992e-09	8.817337970867811e-09	8.034419352043187e-09	9.561745173414238e-09	7.515964739468473e-09	9.897703989736328e-09	9.78600667167484e-09	8.416293439950095e-09	8.877478308022546e-09	8.27908763767482e-09	9.778020171324897e-09	9.37617983254313e-09	9.610701567908109e-09	8.71065708452079e-09	9.841812698141439e-09	9.702588954496605e-09	9.264795153285377e-09	5.599588348559337e-09	9.777167520041985e-09	9.391087019139377e-09	7.908980137472099e-09	5.97374594235589e-09	7.556664627372811e-09	8.902844683689182e-09	9.2228447101661e-09	7.824397130207217e-09	9.280256563215517e-09	9.515687793282268e-09	9.90839055248216e-09	9.371419196213537e-09	9.156948976851709e-09	9.604235629012692e-09	8.514462024322711e-09	7.335856366808002e-09	9.74972635958693e-09	7.994074735506729e-09	9.298389613832114e-09	9.737178174873407e-09	8.536062523489818e-09	9.770403153197549e-09	9.381295740240603e-09	8.975078458206553e-09	9.93726700926345e-09	9.815721568884328e-09	9.490719321547658e-09	8.985196586763777e-09	8.927941053116228e-09	9.939199685504718e-09	9.443141379961162e-09	7.648381483704725e-09	8.948898998734841e-09	1:10:04	31710
