	algorithm	#Fc	D	percFES	run_1	run_2	run_3	run_4	run_5	run_6	run_7	run_8	run_9	run_10	run_11	run_12	run_13	run_14	run_15	run_16	run_17	run_18	run_19	run_20	run_21	run_22	run_23	run_24	run_25	run_26	run_27	run_28	run_29	run_30	run_31	run_32	run_33	run_34	run_35	run_36	run_37	run_38	run_39	run_40	run_41	run_42	run_43	run_44	run_45	run_46	run_47	run_48	run_49	run_50	run_51	mean	elapsed_time	evals
0	QODE/best/1/bin	1	10	0.3	2.4608146986793145e-07	1.1449304224697698e-06	0.00010344013425367393	8.541621099311669e-07	2.6065458342827696e-06	6.439186535089902e-07	2.4813299148718215e-07	2.012453042254947e-05	3.567653550362593e-08	8.946855700742162e-09	0.0012327013835147227	0.00012149986120846279	3.91167181135188e-06	4.869757262326857e-06	8.048374411373516e-09	9.095359132516023e-09	9.664816502663598e-09	3.969169924289417e-06	1.2279630823286425e-06	6.643370241476987e-06	4.978787160325737e-09	7.769884291519702e-09	0.00017440547151181818	8.573763921049249e-09	2.253581968147955e-06	4.1942422512875055e-07	2.3630158807463886e-07	9.016844160214532e-09	7.805028161556038e-07	9.488147156844207e-09	0.00022126678913991782	1.4707497086874355e-07	2.0614412221675593e-07	8.08419997611054e-08	0.0001146260711237801	8.996337896860496e-09	0.002138938834775672	1.6193542876408173e-05	8.181977875665325e-06	3.23791182381683e-05	1.1107438098179045e-06	9.715321880321426e-09	3.072581904461913e-07	4.4357744855005876e-07	2.1356244417347625e-07	7.149125735850248e-09	8.768225256972073e-09	6.400692171837363e-07	5.4911111192268436e-05	8.951556651481951e-08	1.1047816883547057e-08	8.376706008821693e-05	1:02:09	29250
