	algorithm	#Fc	D	percFES	run_1	run_2	run_3	run_4	run_5	run_6	run_7	run_8	run_9	run_10	run_11	run_12	run_13	run_14	run_15	run_16	run_17	run_18	run_19	run_20	run_21	run_22	run_23	run_24	run_25	run_26	run_27	run_28	run_29	run_30	run_31	run_32	run_33	run_34	run_35	run_36	run_37	run_38	run_39	run_40	run_41	run_42	run_43	run_44	run_45	run_46	run_47	run_48	run_49	run_50	run_51	mean	elapsed_time	evals
0	QODE/best/1/bin	1	10	1.0	9.331856176686415e-09	9.557695079820405e-09	9.890143815027841e-09	9.951975243893685e-09	9.800871225706942e-09	5.395932589635777e-09	9.362835839965555e-09	9.696378810986062e-09	8.258012940132176e-09	8.76346462064248e-09	9.501448516857636e-09	7.289045811376127e-09	8.975078458206553e-09	8.469612566841533e-09	9.98326754597656e-09	9.6185459597109e-09	9.882271001515619e-09	8.625690384178597e-09	8.959403885455686e-09	9.77078684627486e-09	8.96567087238509e-09	8.80288553162245e-09	7.791030043335923e-09	9.98365123905387e-09	9.517705734651827e-09	9.464955041948997e-09	9.884189466902171e-09	9.877098250399285e-09	9.019586855174566e-09	9.049671234606649e-09	6.692474130431947e-09	9.976446335713263e-09	7.550355007879261e-09	8.793875849733013e-09	9.200505246553803e-09	9.479492746322649e-09	9.933046385413036e-09	9.875265050141024e-09	5.68526559163729e-09	9.173504622594919e-09	9.751161655913165e-09	9.851845561570372e-09	9.148990898211196e-09	9.66424806847499e-09	9.267210998586961e-09	9.96575977296743e-09	8.663420203447458e-09	7.493298426197725e-09	9.993271987696062e-09	9.969568282031105e-09	8.382670557693928e-09	9.057890960160448e-09	1:10:18	27960
