	algorithm	#Fc	D	percFES	run_1	run_2	run_3	run_4	run_5	run_6	run_7	run_8	run_9	run_10	run_11	run_12	run_13	run_14	run_15	run_16	run_17	run_18	run_19	run_20	run_21	run_22	run_23	run_24	run_25	run_26	run_27	run_28	run_29	run_30	run_31	run_32	run_33	run_34	run_35	run_36	run_37	run_38	run_39	run_40	run_41	run_42	run_43	run_44	run_45	run_46	run_47	run_48	run_49	run_50	run_51	mean	elapsed_time	evals
0	QODE/best/1/bin	1	10	0.9	9.77291847448214e-09	9.684356427897e-09	9.921478749674861e-09	8.92769946858607e-09	5.873687314306153e-09	8.641151794108737e-09	9.920199772750493e-09	5.994039042889199e-09	7.228891263366677e-09	5.971827476969338e-09	9.695355629446567e-09	9.013731983031903e-09	9.871726547316939e-09	9.143221291196824e-09	9.89079751434474e-09	8.466912504445645e-09	7.824482395335508e-09	9.750962703947152e-09	7.578876193292672e-09	9.956423241419543e-09	9.254819133275305e-09	8.352486702278838e-09	6.737622015862144e-09	9.537160394756938e-09	9.783178711586515e-09	9.023324309964664e-09	9.778474918675784e-09	5.8377054301672615e-09	9.811913059820654e-09	9.32583077428717e-09	8.315936383951339e-09	9.420588753528136e-09	9.92491777651594e-09	9.16935505301808e-09	8.864873279890162e-09	9.323329663857294e-09	9.30684507238766e-09	7.54144480197283e-09	9.78144498731126e-09	9.252261179426569e-09	8.12602252153738e-09	7.781551403240883e-09	8.862542699716869e-09	8.993964684123057e-09	9.919830290527898e-09	8.527692330062564e-09	6.600387791877438e-09	8.320128586092324e-09	5.8334848063168465e-09	9.708386983220407e-09	8.58788951063616e-09	8.681061447033226e-09	1:10:46	33570
