	algorithm	#Fc	D	percFES	run_1	run_2	run_3	run_4	run_5	run_6	run_7	run_8	run_9	run_10	run_11	run_12	run_13	run_14	run_15	run_16	run_17	run_18	run_19	run_20	run_21	run_22	run_23	run_24	run_25	run_26	run_27	run_28	run_29	run_30	run_31	run_32	run_33	run_34	run_35	run_36	run_37	run_38	run_39	run_40	run_41	run_42	run_43	run_44	run_45	run_46	run_47	run_48	run_49	run_50	run_51	mean	elapsed_time	evals
0	QODE/best/1/bin	1	10	0.8	8.574332355237857e-09	9.596405448064615e-09	9.532868716632947e-09	9.68817914781539e-09	9.401489364790905e-09	9.565567893332627e-09	4.435833034222014e-09	9.569376402396301e-09	9.861167882263544e-09	9.742251450006734e-09	8.23892776224966e-09	9.769905773282517e-09	8.749793778406456e-09	9.777252785170276e-09	9.276519108425418e-09	8.024741759982135e-09	6.301149824139429e-09	6.732321367053373e-09	9.34869603952393e-09	9.310639370596618e-09	7.872316132306878e-09	9.050665994436713e-09	9.657952659836155e-09	9.740688255988061e-09	9.260205047212366e-09	9.216861940331e-09	7.176538474595873e-09	9.222361541105784e-09	7.480267072423885e-09	9.65225410709536e-09	9.84610437626543e-09	8.795012718110229e-09	9.895970265461074e-09	7.443816230079392e-09	9.64531920999434e-09	9.999240546676447e-09	7.246768518598401e-09	8.232419190790097e-09	9.163059644379246e-09	8.653444183437387e-09	6.6004304244415835e-09	8.913900728657609e-09	9.850197102423408e-09	8.446988886134932e-09	9.413483326170535e-09	7.702524840169644e-09	9.882882068268373e-09	8.495192105328897e-09	9.878903028948116e-09	9.41557232181367e-09	9.248623200619477e-09	8.835242811876336e-09	1:09:47	31590
