	algorithm	#Fc	D	percFES	run_1	run_2	run_3	run_4	run_5	run_6	run_7	run_8	run_9	run_10	run_11	run_12	run_13	run_14	run_15	run_16	run_17	run_18	run_19	run_20	run_21	run_22	run_23	run_24	run_25	run_26	run_27	run_28	run_29	run_30	run_31	run_32	run_33	run_34	run_35	run_36	run_37	run_38	run_39	run_40	run_41	run_42	run_43	run_44	run_45	run_46	run_47	run_48	run_49	run_50	run_51	mean	elapsed_time	evals
0	QODE/best/1/bin	1	10	0.5	9.71806457528146e-09	8.947807828008081e-09	6.573117161678965e-09	9.751559559845191e-09	9.687681767900358e-09	9.981036441786273e-09	7.587260597574641e-09	9.649710364101338e-09	8.640128612569242e-09	8.532225592716713e-09	7.2904953185570776e-09	8.620119729130238e-09	9.210239682033716e-09	8.997858458315022e-09	8.723901601115358e-09	5.529599889086967e-09	8.86576856373722e-09	8.647091931379691e-09	9.980965387512697e-09	9.920526622408943e-09	9.189690786115534e-09	9.825953384279273e-09	9.941430789695005e-09	8.773113790994103e-09	9.014442525767663e-09	9.354394592264725e-09	9.800388056646625e-09	8.933596973292879e-09	8.455060651613167e-09	8.47045100726973e-09	8.486964020448795e-09	9.936869105331425e-09	9.416652346772025e-09	7.837130056032038e-09	9.576297088642605e-09	9.998572636504832e-09	8.934193829190917e-09	8.33323099413974e-09	9.955172686204605e-09	9.71459712673095e-09	9.325432870355144e-09	9.151804647444806e-09	9.605628292774782e-09	9.095558084482036e-09	3.94311427953653e-09	9.34765864712972e-09	9.29102839108964e-09	7.399862056445272e-09	9.909356890602794e-09	9.105903586714703e-09	9.46236866639083e-09	8.910609383247884e-09	1:10:08	37710
