	algorithm	#Fc	D	percFES	run_1	run_2	run_3	run_4	run_5	run_6	run_7	run_8	run_9	run_10	run_11	run_12	run_13	run_14	run_15	run_16	run_17	run_18	run_19	run_20	run_21	run_22	run_23	run_24	run_25	run_26	run_27	run_28	run_29	run_30	run_31	run_32	run_33	run_34	run_35	run_36	run_37	run_38	run_39	run_40	run_41	run_42	run_43	run_44	run_45	run_46	run_47	run_48	run_49	run_50	run_51	mean	elapsed_time	evals
0	QODE/best/1/bin	1	30	0.1	940226.9343212768	2693678.0570872035	1480944.7669591205	1980720.9824415755	1496155.6913920243	765646.1114740567	2769550.8080880907	129464.68626499572	1314445.034288	4981071.843061271	725731.6704329641	3364591.680399817	1401020.0543718627	2768103.2993635107	1069049.7341677297	986267.6518819063	3286364.190076799	304844.8485697515	654371.789091162	2918812.203746946	761887.745228649	665855.7269473838	3184758.573326567	263087.75363478734	1756215.4562166126	382828.44267001393	4530345.94396304	8865584.936676603	4305044.308902036	3054370.458082716	3147264.1690506465	3300653.408054217	3598021.1304723965	1847451.1288615204	1003765.1934176225	959902.6439131413	2015244.8213378894	3352642.150368911	2186448.682349721	832172.591614524	1543856.6189837893	251437.74869775333	420957.51205679117	896689.0079829368	1024748.1068651166	2243982.0872536344	1955188.2512998718	4113336.365193277	5661524.02285751	1171206.98006678	2049032.5669252067	2105422.8739363085	1:15:14	29250
