	algorithm	#Fc	D	percFES	run_1	run_2	run_3	run_4	run_5	run_6	run_7	run_8	run_9	run_10	run_11	run_12	run_13	run_14	run_15	run_16	run_17	run_18	run_19	run_20	run_21	run_22	run_23	run_24	run_25	run_26	run_27	run_28	run_29	run_30	run_31	run_32	run_33	run_34	run_35	run_36	run_37	run_38	run_39	run_40	run_41	run_42	run_43	run_44	run_45	run_46	run_47	run_48	run_49	run_50	run_51	mean	elapsed_time	evals
0	QODE/best/1/bin	1	30	0.7	158719.8226811689	353470.9619170891	50330.820169736406	96654.97642477756	129146.32266954725	89784.53089271221	351634.4369753113	78744.90673623125	153540.58006761866	21473.18731261296	16110.490494831001	27465.6229111898	31241.86909906696	272011.1488038295	30289.2273532709	45204.25886035663	196920.25817226397	256023.85419579022	92976.06783781058	35441.570118231604	18076.80313551355	63655.869421500516	96545.80218835047	38758.72846052552	118740.63901974438	36261.224382161534	192987.7179903622	50341.4180907839	46829.43161663383	57085.53714869949	117285.54616059146	23935.33279782847	127842.49462858807	181208.8330871758	61440.348992843545	335123.5917244346	52668.52477863834	41293.27618804103	102414.36196596037	262698.94989529985	65897.55606792445	131451.5530083701	99156.625855131	84205.36384210757	70065.2173826619	24125.61546128236	83078.1116943148	23287.22589073761	29314.713419832762	67104.22751536168	289255.47315770894	107437.66722867757	6:56:30	204810
