	algorithm	#Fc	D	percFES	run_1	run_2	run_3	run_4	run_5	run_6	run_7	run_8	run_9	run_10	run_11	run_12	run_13	run_14	run_15	run_16	run_17	run_18	run_19	run_20	run_21	run_22	run_23	run_24	run_25	run_26	run_27	run_28	run_29	run_30	run_31	run_32	run_33	run_34	run_35	run_36	run_37	run_38	run_39	run_40	run_41	run_42	run_43	run_44	run_45	run_46	run_47	run_48	run_49	run_50	run_51	mean	elapsed_time	evals
0	QODE/best/1/bin	1	30	0.9	17838.77846383291	149157.83430902348	124480.78906881729	44453.783591360334	9888.95704112469	34499.67133402747	73706.89870166754	24742.242137055746	39983.83702332962	50586.40816608066	26762.434805167013	86082.7609659513	438358.51633894217	76683.77662318431	36254.030438353075	67953.33065686202	33558.92039943862	13301.478649585697	100445.67181183152	903348.2636030273	45745.11157135957	251501.71381316098	48565.73824503137	2283.174960120357	28874.663777375976	7862.511251840653	38364.62775018489	91680.88244984265	54924.03567769596	161198.73988903043	21444.17588514437	20828.123346899174	37228.903661719516	97880.6803570495	10268.139394951315	46751.18727882669	72474.38384582994	37084.94773260848	22884.417343311685	7412.562885293538	57573.204793545105	8363.492725943028	110362.27038125029	27289.488436387266	281643.3284911348	12278.101074735496	78870.09124319826	4085.960709588978	28520.040198435865	68297.86017769258	74595.60068751306	82533.853807164	8:09:06	263250
