	algorithm	#Fc	D	percFES	run_1	run_2	run_3	run_4	run_5	run_6	run_7	run_8	run_9	run_10	run_11	run_12	run_13	run_14	run_15	run_16	run_17	run_18	run_19	run_20	run_21	run_22	run_23	run_24	run_25	run_26	run_27	run_28	run_29	run_30	run_31	run_32	run_33	run_34	run_35	run_36	run_37	run_38	run_39	run_40	run_41	run_42	run_43	run_44	run_45	run_46	run_47	run_48	run_49	run_50	run_51	mean	elapsed_time	evals
0	QODE/best/1/bin	1	30	0.4	281199.7108362468	93160.81831680717	2125927.443185716	509648.5055750729	170248.52168083904	442636.84863625525	865086.4376482728	591201.3227200386	278038.1278140715	252823.80393613857	565676.8531891478	43715.58925099672	174007.3426819785	293914.25737567374	94242.04326400073	544089.7271871059	69155.69735033394	381196.6650873999	88124.13560358928	492193.8530892812	513951.1943614926	117363.5604665993	958558.2774943965	247949.6997793588	174394.95789995306	1552383.9041355564	605148.182924493	985712.424103887	167172.4196613783	925783.1842531243	924173.9677411118	346878.22539586056	215598.07446903834	81755.6787414987	42057.44787827377	736772.853896592	119821.98567248648	203402.91847934225	363596.7663554257	539284.023060003	66639.51849627846	82831.10623207502	72959.17526344093	98559.97652010532	78249.5152160786	78424.46729479817	141061.53626771565	107683.70177803241	431589.2314510269	85146.85312896935	96561.05259272481	382701.0506949036	4:35:57	117030
