	algorithm	#Fc	D	percFES	run_1	run_2	run_3	run_4	run_5	run_6	run_7	run_8	run_9	run_10	run_11	run_12	run_13	run_14	run_15	run_16	run_17	run_18	run_19	run_20	run_21	run_22	run_23	run_24	run_25	run_26	run_27	run_28	run_29	run_30	run_31	run_32	run_33	run_34	run_35	run_36	run_37	run_38	run_39	run_40	run_41	run_42	run_43	run_44	run_45	run_46	run_47	run_48	run_49	run_50	run_51	mean	elapsed_time	evals
0	QODE/best/1/bin	1	30	0.01	22149097.27600059	27760550.203324046	31798476.530730527	30239768.96816687	33544092.264124285	131422540.38582136	42662239.81736146	17044331.541558642	47663350.261868566	57890819.14726906	74515951.22618556	41741759.45939265	33486071.064773217	44281826.378465645	48004321.470232174	39385429.96668358	43863658.236149795	66008563.61360034	26035706.071121216	34117146.51450787	18382592.727649547	89879043.0262504	54477458.15017569	50969458.454332694	35436745.38805177	59304484.77001388	28040165.564956706	57100215.36162504	17128544.39122106	25536534.83896161	54023503.232251614	12525406.343594238	55095952.050391614	72020642.61325361	15550157.379827011	60135805.72833462	66799194.69570775	31163313.997632377	53934606.58298893	28886492.82476609	56611818.202862516	111016346.4699217	63445922.50175687	92152880.56992534	36742317.82748419	30137609.67600318	120987382.97438881	43517103.51233111	34127386.15743349	85900579.16837521	60831664.72231264	49323079.02553174	0:06:56	2940
