	algorithm	#Fc	D	percFES	run_1	run_2	run_3	run_4	run_5	run_6	run_7	run_8	run_9	run_10	run_11	run_12	run_13	run_14	run_15	run_16	run_17	run_18	run_19	run_20	run_21	run_22	run_23	run_24	run_25	run_26	run_27	run_28	run_29	run_30	run_31	run_32	run_33	run_34	run_35	run_36	run_37	run_38	run_39	run_40	run_41	run_42	run_43	run_44	run_45	run_46	run_47	run_48	run_49	run_50	run_51	mean	elapsed_time	evals
0	QODE/best/1/bin	1	30	1.0	47378.12400259081	35154.489190995344	2900.2960469442028	34145.212123885954	19452.036282527883	25329.292962403768	13238.02590583767	16904.231322757576	21835.00429543534	110906.54870526727	30657.48712120403	18872.853173084826	2871.2175976066496	18273.765252090692	89662.5399425166	13627.989629851745	21953.908469436203	24973.662498039797	56594.05601839792	12880.374658036146	10976.094967559537	16158.736892624262	51059.84542729278	14465.265482640729	49349.973955288566	19195.297023258103	13435.434813246346	163022.6201201036	291572.97418390255	99945.31471056337	2473.250301080548	4789.7509342145595	33826.082474017036	11336.912047141368	25560.243258985698	15019.712786360855	52724.32921595646	20678.849825040375	2533.784056236212	12484.252903025397	8343.465765650477	62103.37834247759	72768.0353995587	5806.87078786676	14909.31387578959	5134.501164747144	405708.1322898954	1350.2089872593888	14528.691046853939	161988.69291494138	6621.014898303269	44852.59109903515	8:42:02	292500
