	algorithm	#Fc	D	percFES	run_1	run_2	run_3	run_4	run_5	run_6	run_7	run_8	run_9	run_10	run_11	run_12	run_13	run_14	run_15	run_16	run_17	run_18	run_19	run_20	run_21	run_22	run_23	run_24	run_25	run_26	run_27	run_28	run_29	run_30	run_31	run_32	run_33	run_34	run_35	run_36	run_37	run_38	run_39	run_40	run_41	run_42	run_43	run_44	run_45	run_46	run_47	run_48	run_49	run_50	run_51	mean	elapsed_time	evals
0	QODE/best/1/bin	1	30	0.8	20066.395848041866	81056.38158765713	47269.81675880299	23637.069367026215	16956.43378214826	22877.656335177166	56211.855372542144	31147.92287559784	61856.726370743476	167884.3048596564	91898.15018417845	87497.77562537177	14509.726269201079	84719.85984855033	10325.384465232934	23103.79111776417	41166.662517282086	10140.764496531461	35857.625866145965	14902.987911119257	219937.51177959086	56864.61891802284	131263.80274958335	86787.85643111794	14840.217722408614	62613.81210380956	118847.10251142437	41155.62902905401	22639.33402400718	15727.471429062894	91090.18229454206	97624.77351566692	9113.33005186824	20368.12956421284	50712.50400069986	59386.91591403802	93095.65486189179	15718.170254804334	141385.36555710383	114490.82004020986	89709.5096482768	13396.262118473975	129333.81895206684	41718.32286463932	52489.74372393913	42108.5965197039	72818.14157620036	16841.922567045654	15221.54717921813	817122.0532603685	1916.9334095212714	72537.79109865382	7:33:58	234030
