	algorithm	#Fc	D	percFES	run_1	run_2	run_3	run_4	run_5	run_6	run_7	run_8	run_9	run_10	run_11	run_12	run_13	run_14	run_15	run_16	run_17	run_18	run_19	run_20	run_21	run_22	run_23	run_24	run_25	run_26	run_27	run_28	run_29	run_30	run_31	run_32	run_33	run_34	run_35	run_36	run_37	run_38	run_39	run_40	run_41	run_42	run_43	run_44	run_45	run_46	run_47	run_48	run_49	run_50	run_51	mean	elapsed_time	evals
0	QODE/best/1/bin	1	30	0.6	40030.59684711329	70619.27878995736	30649.355467065674	82053.912946794	60688.98864834706	74368.39498567148	106688.97250897318	110528.15477026207	83550.70928250067	80435.38815572148	45281.24235477636	123582.31792781757	544049.1645917279	87165.78891739732	166289.65244046698	50664.613735656945	242960.46012219135	192117.18265039858	759802.6117350489	59234.53658277849	72028.38815417884	281106.5209548903	50017.599434766984	33466.50249974646	272731.78951545164	527569.2560834604	100919.21041818659	29865.51929526939	113511.42298873138	450005.71758018574	130340.73132309964	115600.33562448701	70244.66228038131	67879.86875637692	125575.06626078031	47135.62043996367	152808.4765752823	66570.6028469075	35169.64404694114	546755.9816890686	436329.6245552906	877022.0713191258	12609.783559282747	247741.3345848994	318384.73968228657	149418.14495861225	566783.1247390812	230418.89874091404	33202.510660748936	519731.75696245715	88683.16766619252	191772.34113054347	6:14:18	175500
