	algorithm	#Fc	D	percFES	run_1	run_2	run_3	run_4	run_5	run_6	run_7	run_8	run_9	run_10	run_11	run_12	run_13	run_14	run_15	run_16	run_17	run_18	run_19	run_20	run_21	run_22	run_23	run_24	run_25	run_26	run_27	run_28	run_29	run_30	run_31	run_32	run_33	run_34	run_35	run_36	run_37	run_38	run_39	run_40	run_41	run_42	run_43	run_44	run_45	run_46	run_47	run_48	run_49	run_50	run_51	mean	elapsed_time	evals
0	QODE/best/1/bin	1	30	0.3	83423.78151995594	175243.64041296125	493532.6154166534	149333.5921004062	792924.7918879908	162255.11505614693	500327.921536701	1126788.9421518683	167257.6747533059	209332.84761537597	269179.9269536183	406996.70503560145	587381.37428274	156910.5271317951	94687.63881491366	192360.1475694487	890128.6931992958	174737.55426977162	383921.7661589241	219813.3807314157	633331.5975115709	407774.752674766	584460.3525614332	92636.91049978214	252862.3422144035	212454.82931893272	440258.85677427915	486195.75763324735	309952.6779035367	470943.8412095758	124139.96743744446	175480.5082499387	242235.98356379822	574011.1486851502	305599.33075118443	610036.2948249379	152818.32010647736	306330.1522341279	103502.56890195927	514341.7381029599	234474.41479263024	458609.46978064213	689360.8558248422	491192.80015990214	277031.8816098988	306023.91311198345	71837.61423937499	427590.52637750015	452195.7300605337	101544.81361051381	26623.32043029432	348478.2727011081	3:38:03	87750
