	algorithm	#Fc	D	percFES	run_1	run_2	run_3	run_4	run_5	run_6	run_7	run_8	run_9	run_10	run_11	run_12	run_13	run_14	run_15	run_16	run_17	run_18	run_19	run_20	run_21	run_22	run_23	run_24	run_25	run_26	run_27	run_28	run_29	run_30	run_31	run_32	run_33	run_34	run_35	run_36	run_37	run_38	run_39	run_40	run_41	run_42	run_43	run_44	run_45	run_46	run_47	run_48	run_49	run_50	run_51	mean	elapsed_time	evals
0	QODE/best/1/bin	1	30	0.5	167335.03511983607	135452.0696384074	74787.51468923835	125072.80748295464	31864.87250933415	46082.03713319319	80901.1969091068	113984.15811346742	55602.07236095216	92206.03807966565	100785.89902333134	53093.73101259334	138975.02435507093	109385.04172475725	334049.1837043417	301424.61153578473	32136.730748726906	144333.83488001523	68758.04662145712	47967.035104165676	186969.08691626022	75715.93615500632	75148.69304238392	237013.8708012259	76440.22923325885	184057.24525742672	90208.97940722309	84355.00801161076	351862.42392318946	528792.3930221129	63791.04753058666	243144.36067627283	739968.8618829235	290088.09700734145	33474.27837023683	392361.15008428507	139277.2754078046	604612.8479884238	58009.67193846069	102903.3119898263	336252.4763996085	111620.92667651428	86549.34008350356	36409.76034627893	95487.35206731349	125946.94588941467	349806.5961545176	43586.85474346231	163920.37523917435	455479.4696438969	409543.13650294405	176999.90084586054	5:28:15	146250
