	algorithm	#Fc	D	percFES	run_1	run_2	run_3	run_4	run_5	run_6	run_7	run_8	run_9	run_10	run_11	run_12	run_13	run_14	run_15	run_16	run_17	run_18	run_19	run_20	run_21	run_22	run_23	run_24	run_25	run_26	run_27	run_28	run_29	run_30	run_31	run_32	run_33	run_34	run_35	run_36	run_37	run_38	run_39	run_40	run_41	run_42	run_43	run_44	run_45	run_46	run_47	run_48	run_49	run_50	run_51	mean	elapsed_time	evals
0	QODE/best/1/bin	2	10	0.9	9.106287279792014e-09	7.368868182311417e-09	7.721013162154122e-09	9.295746394855087e-09	6.082217396397027e-09	9.686090152172255e-09	9.462553407502128e-09	8.000597517821006e-09	6.963489340705564e-09	8.861576361596235e-09	9.384848453919403e-09	8.213390856326441e-09	7.750230679448578e-09	9.272383749703295e-09	8.740641987969866e-09	5.0490882586018415e-09	9.626688779462711e-09	9.463661854169914e-09	9.459512284593075e-09	5.805844693895779e-09	7.973909532665857e-09	6.386130735336337e-09	9.988724514187197e-09	8.150152552843792e-09	9.830216640693834e-09	9.209514928443241e-09	5.840689709657454e-09	7.028262416497455e-09	7.553296654805308e-09	8.898325631889747e-09	9.235549214281491e-09	9.842125336945173e-09	6.643745109613519e-09	9.842437975748908e-09	9.780166010386893e-09	6.85909640196769e-09	9.386127430843771e-09	6.633172233705409e-09	9.814669965635403e-09	9.694531399873085e-09	9.953907920134952e-09	8.426837894148775e-09	7.293039061551099e-09	9.889959073916543e-09	9.062574690688052e-09	9.185157523461385e-09	5.542261760638212e-09	8.313094213008299e-09	6.197240054461872e-09	6.528154017360066e-09	6.172967914608307e-09	8.244524888497979e-09	1:00:55	15090
