	algorithm	#Fc	D	percFES	run_1	run_2	run_3	run_4	run_5	run_6	run_7	run_8	run_9	run_10	run_11	run_12	run_13	run_14	run_15	run_16	run_17	run_18	run_19	run_20	run_21	run_22	run_23	run_24	run_25	run_26	run_27	run_28	run_29	run_30	run_31	run_32	run_33	run_34	run_35	run_36	run_37	run_38	run_39	run_40	run_41	run_42	run_43	run_44	run_45	run_46	run_47	run_48	run_49	run_50	run_51	mean	elapsed_time	evals
0	QODE/best/1/bin	2	10	0.2	9.284235602535773e-09	5.5952114053070545e-09	7.542098501289729e-09	5.956650284133502e-09	9.746372597874142e-09	7.499721732528997e-09	5.374630518417689e-09	8.780489224591292e-09	9.038046755449614e-09	9.470142003920046e-09	9.403294143339735e-09	7.937984491945826e-09	8.052694511206937e-09	5.702787575501134e-09	7.482981345674489e-09	5.147029469299014e-09	5.27268184669083e-09	7.460897677447065e-09	9.614154805603903e-09	7.243244226629031e-09	8.037289944695658e-09	6.2630363117932575e-09	8.665125506013283e-09	8.511904070473975e-09	8.939537110563833e-09	5.8785758483281825e-09	5.324409357854165e-09	8.779835525274393e-09	9.289777835874702e-09	8.145548235916067e-09	9.149459856416797e-09	9.498677400188171e-09	4.956547172696446e-09	8.837361065161531e-09	7.921670430732775e-09	9.093184871744597e-09	6.9049121975695016e-09	7.869203955124249e-09	6.56854126646067e-09	9.118480193137657e-09	7.935540224934812e-09	8.828294539853232e-09	9.818336366151925e-09	9.958739610738121e-09	7.084281605784781e-09	9.474035778112011e-09	5.842821337864734e-09	7.51899165152281e-09	8.883574764695368e-09	9.852783477981575e-09	8.673140428072657e-09	7.906450326688583e-09	0:47:17	12720
