	algorithm	#Fc	D	percFES	run_1	run_2	run_3	run_4	run_5	run_6	run_7	run_8	run_9	run_10	run_11	run_12	run_13	run_14	run_15	run_16	run_17	run_18	run_19	run_20	run_21	run_22	run_23	run_24	run_25	run_26	run_27	run_28	run_29	run_30	run_31	run_32	run_33	run_34	run_35	run_36	run_37	run_38	run_39	run_40	run_41	run_42	run_43	run_44	run_45	run_46	run_47	run_48	run_49	run_50	run_51	mean	elapsed_time	evals
0	QODE/best/1/bin	2	10	0.6	7.121599310266902e-09	9.795826372283045e-09	8.465320888717542e-09	9.098755526792957e-09	8.460773415208678e-09	8.540126827938366e-09	8.842619081406156e-09	7.519332712035975e-09	9.456215366299148e-09	9.372342901770025e-09	7.248019073813339e-09	341.06331503948854	6.92799062562699e-09	6.734865110047394e-09	7.804374035913497e-09	8.059686251726816e-09	8.643951332487632e-09	8.727084832571563e-09	9.566605285726837e-09	9.015593604999594e-09	5.773102884631953e-09	6.726622814312577e-09	7.182336503319675e-09	8.83946427165938e-09	9.059732519745012e-09	7.507253485528054e-09	8.369369197680498e-09	6.039812205926864e-09	7.271182766999118e-09	6.110042249929393e-09	8.475609547531349e-09	6.8191041442306926	6.812570063630119e-09	9.64698187999602e-09	9.838458936428651e-09	8.6487830230908e-09	7.363354370681918e-09	8.480952828904265e-09	6.2166805037122685e-09	9.280284984924947e-09	8.087823744062916e-09	4.4052512748748995e-09	8.50667447593878e-09	7.321574457819224e-09	4.975191814082791e-09	8.603194601164432e-09	7.967599913172307e-09	8.494765779687441e-09	7.878810492911725e-09	6.445361577789299e-09	5.931468649578164e-09	6.821223913125111	1:05:58	12810
