	algorithm	#Fc	D	percFES	run_1	run_2	run_3	run_4	run_5	run_6	run_7	run_8	run_9	run_10	run_11	run_12	run_13	run_14	run_15	run_16	run_17	run_18	run_19	run_20	run_21	run_22	run_23	run_24	run_25	run_26	run_27	run_28	run_29	run_30	run_31	run_32	run_33	run_34	run_35	run_36	run_37	run_38	run_39	run_40	run_41	run_42	run_43	run_44	run_45	run_46	run_47	run_48	run_49	run_50	run_51	mean	elapsed_time	evals
0	QODE/best/1/bin	2	10	0.8	6.87103351992846e-09	8.972875775725697e-09	8.413593377554207e-09	8.527990758011583e-09	8.987967703433242e-09	8.955339581007138e-09	8.149470431817463e-09	7.824155545677058e-09	8.955396424425999e-09	5.500140787262353e-09	8.439684506811318e-09	9.228813269146485e-09	6.302144583969493e-09	7.167528792706435e-09	9.665058087193756e-09	7.3354442520212615e-09	8.129035222737002e-09	8.863679568094085e-09	5.0514756821939955e-09	8.825139730106457e-09	9.135135314863874e-09	6.3946572481654584e-09	9.011898782773642e-09	8.915236549000838e-09	9.615774843041436e-09	6.326899892883375e-09	7.57239604354254e-09	6.409408115359838e-09	9.349520269097411e-09	9.031083436639165e-09	3.693571670737583e-09	9.3269818535191e-09	7.311228955586557e-09	9.687511237643776e-09	5.503977718035458e-09	9.697799896457582e-09	7.797069656589883e-09	7.050203976177727e-09	4.906752337774378e-09	8.289902098113089e-09	8.956106967161759e-09	5.095103006169666e-09	8.241954674303997e-09	6.953484898986062e-09	6.310983735602349e-09	8.626528824606794e-09	8.07750666353968e-09	7.829385140212253e-09	6.209404546098085e-09	7.881510555307614e-09	5.325802021616255e-09	7.739230363322171e-09	0:52:40	12510
