	algorithm	#Fc	D	percFES	run_1	run_2	run_3	run_4	run_5	run_6	run_7	run_8	run_9	run_10	run_11	run_12	run_13	run_14	run_15	run_16	run_17	run_18	run_19	run_20	run_21	run_22	run_23	run_24	run_25	run_26	run_27	run_28	run_29	run_30	run_31	run_32	run_33	run_34	run_35	run_36	run_37	run_38	run_39	run_40	run_41	run_42	run_43	run_44	run_45	run_46	run_47	run_48	run_49	run_50	run_51	mean	elapsed_time	evals
0	QODE/best/1/bin	2	10	0.5	5.370281996874837e-09	5.202963393458049e-09	8.297973863591324e-09	7.450779548889841e-09	9.643343901188928e-09	9.838004189077765e-09	7.002967095104395e-09	9.212641316480585e-09	7.734598739261855e-09	7.438472948706476e-09	9.595993333277875e-09	9.807052947508055e-09	8.36027425066277e-09	7.968935733515536e-09	7.364121756836539e-09	7.076295105434838e-09	9.616599072614918e-09	9.542588941258145e-09	8.644889248898835e-09	5.922430545979296e-09	9.896439223666675e-09	6.554387255164329e-09	8.534243534086272e-09	9.675687806520727e-09	1.1018696966402786e-05	8.619366553830332e-09	9.606452522348263e-09	7.74409159021161e-09	6.406509100997937e-09	8.843869636621093e-09	8.873996648617322e-09	9.25797394302208e-09	9.851930826698663e-09	9.496915254203486e-09	9.547335366733023e-09	7.387654932244914e-09	8.921574590203818e-09	6.7907990342064295e-09	8.966907216745312e-09	7.046708105917787e-09	7.933522283565253e-09	9.132548939305707e-09	8.010346164155635e-09	7.830038839529152e-09	9.462411298954976e-09	6.64664412397542e-09	5.6460010000591865e-09	6.155062237667153e-09	9.254307542505558e-09	9.87068915492273e-09	6.278099817791372e-09	2.240790331152133e-07	0:58:16	12420
