	algorithm	#Fc	D	percFES	run_1	run_2	run_3	run_4	run_5	run_6	run_7	run_8	run_9	run_10	run_11	run_12	run_13	run_14	run_15	run_16	run_17	run_18	run_19	run_20	run_21	run_22	run_23	run_24	run_25	run_26	run_27	run_28	run_29	run_30	run_31	run_32	run_33	run_34	run_35	run_36	run_37	run_38	run_39	run_40	run_41	run_42	run_43	run_44	run_45	run_46	run_47	run_48	run_49	run_50	run_51	mean	elapsed_time	evals
0	QODE/best/1/bin	2	10	0.7	5.0002597618004074e-09	7.1563306391908554e-09	9.079627716346295e-09	7.653653710804065e-09	7.545395419583656e-09	5.3940141242492246e-09	9.14829456633015e-09	7.137884949770523e-09	9.392834954269347e-09	9.00547547644237e-09	7.862837492211838e-09	9.046374316312722e-09	5.293287586027873e-09	9.588063676346792e-09	8.145548235916067e-09	6.879986358399037e-09	9.188568128593033e-09	9.528633881927817e-09	8.719041488802759e-09	8.132616358125233e-09	7.58652163312945e-09	9.80321601673495e-09	8.167319265339756e-09	9.447802540307748e-09	8.436188636551378e-09	9.8137320492242e-09	9.065161066246219e-09	9.367170150653692e-09	7.737497753623757e-09	3.743878096429398e-09	9.73921032709768e-09	7.806903568052803e-09	9.575188641974819e-09	8.204921186916181e-09	8.464951406494947e-09	6.2473475281876745e-09	211.12527073219906	8.152966302077402e-09	5.1812776291626506e-09	9.002775414046482e-09	7.850161409805878e-09	8.469015710943495e-09	7.281670377778937e-09	8.889742275641765e-09	9.157560043604462e-09	9.78698722065019e-09	6.9838392846577335e-09	4.007716825071839e-09	9.152955726676737e-09	9.605344075680478e-09	9.48446654547297e-09	4.139711198770809	0:57:04	14070
