	algorithm	#Fc	D	percFES	run_1	run_2	run_3	run_4	run_5	run_6	run_7	run_8	run_9	run_10	run_11	run_12	run_13	run_14	run_15	run_16	run_17	run_18	run_19	run_20	run_21	run_22	run_23	run_24	run_25	run_26	run_27	run_28	run_29	run_30	run_31	run_32	run_33	run_34	run_35	run_36	run_37	run_38	run_39	run_40	run_41	run_42	run_43	run_44	run_45	run_46	run_47	run_48	run_49	run_50	run_51	mean	elapsed_time	evals
0	QODE/best/1/bin	2	10	0.4	4.423071686687763e-09	9.908177389661432e-09	8.555133490517619e-09	8.82459971762728e-09	8.331085155077744e-09	5.767333277617581e-09	9.46482714425656e-09	8.47433057060698e-09	8.694172493051155e-09	5.9034164223703556e-09	9.767489927980932e-09	9.845507520367391e-09	9.47886746871518e-09	7.20939397069742e-09	7.006320856817183e-09	8.38704750094621e-09	8.849525556797744e-09	8.851003485688125e-09	7.980105465321685e-09	7.866589157856652e-09	8.158508535416331e-09	8.923734640120529e-09	89.34085902712485	8.286292541015428e-09	6.283414677454857e-09	6.951864861548529e-09	6.314735401247162e-09	9.919801868818467e-09	9.565809477862786e-09	7.108241106834612e-09	9.39027700042061e-09	2.8085196390748024e-09	9.375071385875344e-09	9.73568603512831e-09	8.249486427303054e-09	273.1741848836826	7.761173037579283e-09	8.895341352399555e-09	8.780773441685596e-09	6.871516688988777e-09	7.32899252398056e-09	6.888143389005563e-09	8.261253015007242e-09	9.322633331976249e-09	8.969692544269492e-09	6.8368137817742536e-09	7.49432160773722e-09	6.934897101018578e-09	3.633118694779114e-09	7.864144890845637e-09	9.631463626647019e-09	7.108138123547865	1:00:09	14340
