	algorithm	#Fc	D	percFES	run_1	run_2	run_3	run_4	run_5	run_6	run_7	run_8	run_9	run_10	run_11	run_12	run_13	run_14	run_15	run_16	run_17	run_18	run_19	run_20	run_21	run_22	run_23	run_24	run_25	run_26	run_27	run_28	run_29	run_30	run_31	run_32	run_33	run_34	run_35	run_36	run_37	run_38	run_39	run_40	run_41	run_42	run_43	run_44	run_45	run_46	run_47	run_48	run_49	run_50	run_51	mean	elapsed_time	evals
0	QODE/best/1/bin	2	10	1.0	7.514529443142237e-09	8.352003533218522e-09	7.1832744197308784e-09	7.835751603124663e-09	9.019146318678395e-09	9.59209955908591e-09	6.830106258348678e-09	7.3839032666001e-09	9.444249826628948e-09	9.988127658289159e-09	9.055639793587034e-09	9.577263426763238e-09	9.435893844056409e-09	7.762992026982829e-09	6.09296080256172e-09	8.885393754098914e-09	8.393811867790646e-09	9.314476301369723e-09	9.767035180630046e-09	8.843073828757042e-09	7.916810318420175e-09	8.493572067891364e-09	6.183313416840974e-09	8.035442533582682e-09	8.832131470626337e-09	9.623448704587645e-09	9.913406984196627e-09	6.183938694448443e-09	8.87533246896055e-09	9.372598697154899e-09	7.787178901708103e-09	3.405489223951008e-09	9.416822877028608e-09	9.105662002184545e-09	9.862105798674747e-09	9.33115984480537e-09	6.294385457294993e-09	9.211163387590204e-09	9.629218311602017e-09	9.362651098854258e-09	9.018407354233204e-09	9.17219722396112e-09	8.133184792313841e-09	5.821931381433387e-09	9.53727408159466e-09	9.724175242808997e-09	8.886047453415813e-09	9.606992534827441e-09	8.002331242096261e-09	9.107822052101255e-09	8.78097239365161e-09	8.488213739731103e-09	0:56:17	12720
