	algorithm	#Fc	D	percFES	run_1	run_2	run_3	run_4	run_5	run_6	run_7	run_8	run_9	run_10	run_11	run_12	run_13	run_14	run_15	run_16	run_17	run_18	run_19	run_20	run_21	run_22	run_23	run_24	run_25	run_26	run_27	run_28	run_29	run_30	run_31	run_32	run_33	run_34	run_35	run_36	run_37	run_38	run_39	run_40	run_41	run_42	run_43	run_44	run_45	run_46	run_47	run_48	run_49	run_50	run_51	mean	elapsed_time	evals
0	QODE/best/1/bin	2	10	0.01	2624448.255227226	8590487.824448936	850933.4247396003	10458885.057023853	6186842.160836324	3076177.439034345	7472273.273170206	1495962.1673914182	1797173.0106773153	14407743.335022073	798175.1328016649	16149798.48232576	31952998.071907148	2032778.461141497	2980390.690138204	3472618.228437525	8424845.466583239	48095331.14465546	7941384.4135097815	1085979.0826226606	515516.5423384521	6339535.7592855245	22334248.1896111	12228033.502315631	15263515.087302107	12444466.202619154	9819550.013386147	2896103.146619152	33498769.361305352	4187902.086445487	24834154.376484167	1772861.718306025	22231376.125057273	1259727.7808829504	511020.930790555	3372565.3337205155	13682046.4907897	779693.1012439104	230094210.11428696	15035294.766158668	7703159.54650638	1710114.324721728	2730899.3210193524	4020626.673146283	2287781.533691827	2970562.237854603	6614319.606682783	20127181.889990095	4523334.363305734	8514649.598707251	2109630.9806082235	13260942.663272103	0:04:21	990
