	algorithm	#Fc	D	percFES	run_1	run_2	run_3	run_4	run_5	run_6	run_7	run_8	run_9	run_10	run_11	run_12	run_13	run_14	run_15	run_16	run_17	run_18	run_19	run_20	run_21	run_22	run_23	run_24	run_25	run_26	run_27	run_28	run_29	run_30	run_31	run_32	run_33	run_34	run_35	run_36	run_37	run_38	run_39	run_40	run_41	run_42	run_43	run_44	run_45	run_46	run_47	run_48	run_49	run_50	run_51	mean	elapsed_time	evals
0	QODE/best/1/bin	2	30	0.8	33202.57802469748	16507.32439059923	7342.462597068526	19119.1687343796	7003.366663391612	3483.5110993488406	13655.035569376392	139.09484438436527	20913.67485696774	19328.872055728832	33565.13353475383	22001.365560838312	65.14060651453326	19761.51573815905	30321.385810843876	10336.13847215323	15.310288740813235	0.9206420336950316	2.3398913520556164	9024.389942147483	10549.010687872169	3811.06169519069	31218.867185715193	2361.6513165716206	10022.793047770932	28642.88452285269	8203.399062148148	19891.68129753584	335.8090631247428	3069.9458989278114	2.952760453016026	31705.362169623462	2927.0999549468415	0.23798273016629423	4637.14513317652	10313.511517846167	6823.600560083663	14969.474964024168	10663.232873434785	144.04098327274085	920.6460398645072	1132.9134183164688	1.0276838919139948	2805.8099300484278	6.178142505755545	9549.736447019059	12780.983780697434	4032.559248236963	0.0027807927736773763	3785.7798312616737	0.6169736489545414	9825.465613275781	7:33:10	234030
