	algorithm	#Fc	D	percFES	run_1	run_2	run_3	run_4	run_5	run_6	run_7	run_8	run_9	run_10	run_11	run_12	run_13	run_14	run_15	run_16	run_17	run_18	run_19	run_20	run_21	run_22	run_23	run_24	run_25	run_26	run_27	run_28	run_29	run_30	run_31	run_32	run_33	run_34	run_35	run_36	run_37	run_38	run_39	run_40	run_41	run_42	run_43	run_44	run_45	run_46	run_47	run_48	run_49	run_50	run_51	mean	elapsed_time	evals
0	QODE/best/1/bin	2	30	1.0	1496.5476119759942	14785.105309150844	2.9788644059282774	3757.4601117536345	6808.988052111813	20732.590762662003	9687.745386623617	263.18543561398195	25155.46168726495	16935.503930109422	7586.606739893395	134.1378852565188	33474.898225665165	32590.907002519387	25.601984127151383	15641.894706283452	953.6974132399769	27581.562905974966	11337.587531845173	21256.201133535393	9388.574245783153	0.020444091134010023	40.48451480356107	675.6788742300015	11620.180929964743	11830.420551179792	11946.289636281834	31321.720191655862	6973.247091565065	0.9909217663106347	1.0420118607266318	26388.099621279584	18591.07941441988	7707.183182689272	20807.936402488023	5849.177431609725	21443.271675447173	4.528306762565677	5.3538097546379504e-05	20.860083028752825	608.5500435217104	1907.5702093371992	9702.048004123606	20775.917193156547	0.17179447208948773	0.47817574169624777	19498.702895716517	19799.479185414595	1159.8542903496698	1016.797384109102	3979.0603088573553	10064.079955867806	8:38:19	292560
