	algorithm	#Fc	D	percFES	run_1	run_2	run_3	run_4	run_5	run_6	run_7	run_8	run_9	run_10	run_11	run_12	run_13	run_14	run_15	run_16	run_17	run_18	run_19	run_20	run_21	run_22	run_23	run_24	run_25	run_26	run_27	run_28	run_29	run_30	run_31	run_32	run_33	run_34	run_35	run_36	run_37	run_38	run_39	run_40	run_41	run_42	run_43	run_44	run_45	run_46	run_47	run_48	run_49	run_50	run_51	mean	elapsed_time	evals
0	QODE/best/1/bin	2	30	0.5	25538.526783074412	7701.348928577815	5434.402281111775	23640.193011961423	34183.93787475979	12834.233481528552	532.7290120150391	18176.592207124966	50.484641080417134	10001.471280523785	22030.807991534177	15484.083757382848	15056.984564992375	9740.958080157265	8848.318656871419	10618.44462441217	14983.068122868133	6747.486595324499	18814.817749428905	19.22050022391528	22923.644459948177	9747.364573856215	3480.5412589150533	10784.278386807127	251.4413974426585	8792.835788799017	4.316941043796646	1839.2532699845267	4859.71156458481	31452.752420801375	12837.140057852454	7454.688082707925	9184.461568220348	34265.70892803187	20764.448027138726	0.06751536145708315	0.004077695534931536	316.0153614737716	1440.599410908342	34013.27323539391	32147.212686478877	26539.855547683965	16288.440811413271	4924.032253167136	25525.432201233816	7601.515319382324	117.16254703887626	1.756728181590006e-06	18048.259649535637	1.353091559508357e-05	14219.295553123802	12161.99731482875	5:39:39	146250
