	algorithm	#Fc	D	percFES	run_1	run_2	run_3	run_4	run_5	run_6	run_7	run_8	run_9	run_10	run_11	run_12	run_13	run_14	run_15	run_16	run_17	run_18	run_19	run_20	run_21	run_22	run_23	run_24	run_25	run_26	run_27	run_28	run_29	run_30	run_31	run_32	run_33	run_34	run_35	run_36	run_37	run_38	run_39	run_40	run_41	run_42	run_43	run_44	run_45	run_46	run_47	run_48	run_49	run_50	run_51	mean	elapsed_time	evals
0	QODE/best/1/bin	2	30	0.1	3260.0276869231197	153761.82659890468	111.40134221205074	13261.21211306824	5969.707746689925	34516.79990808863	4239.888129550538	66002.0326951274	32740.647972561528	37471.67817642689	20406112.666407578	223844.30289936916	13485.559624065512	30249.05431421496	43832.19004299412	2748.268084160229	10129.592965289597	3540140.8351860885	928.1279977393253	358010.17126797984	13300162.71648401	80166.75493827712	27608.033439798026	340793.5991905475	3129944.0338650513	68980247.98817386	31882.444830187986	1832749.9671151333	58091.755370705294	127836.26472442337	17069.143448621107	3933220.6096249255	12976.168626446872	3373.1182960857864	248766.4944419043	2800213.129593792	22249.036470355484	50321064.92352788	46550.09355794868	9709.712579556019	14994.707794236081	7715.551549569891	347.14111178176086	228586.11991440694	36571.143234708856	3864583.8656709124	3525.915956331412	25498.080477352574	49301942.926539436	33441.67714317141	111384.45375999107	4390864.383580596	1:48:47	29280
