	algorithm	#Fc	D	percFES	run_1	run_2	run_3	run_4	run_5	run_6	run_7	run_8	run_9	run_10	run_11	run_12	run_13	run_14	run_15	run_16	run_17	run_18	run_19	run_20	run_21	run_22	run_23	run_24	run_25	run_26	run_27	run_28	run_29	run_30	run_31	run_32	run_33	run_34	run_35	run_36	run_37	run_38	run_39	run_40	run_41	run_42	run_43	run_44	run_45	run_46	run_47	run_48	run_49	run_50	run_51	mean	elapsed_time	evals
0	QODE/best/1/bin	2	30	0.01	1530016560.5829043	3280175686.826891	1536033980.1855223	3013106122.198772	9600543835.888771	4631733783.198694	2295987283.920809	2586488249.0330286	276694386.6688905	4830932080.586385	3032859947.167573	526149424.68873507	2029671400.0363271	806214506.8178543	405767408.2359793	1641222002.8092227	1614292522.3033519	6407280598.666898	689084378.8341843	4274342419.9430566	470315689.0727591	1375807674.1115294	1895106240.3417022	1585687365.0027707	1307965389.2868934	418925142.27533275	5527507854.88679	1585295591.489468	1002724180.9948672	5566008100.281292	2499525132.7660756	1619036817.7668345	1076587121.8837287	1775177498.0978744	2867026641.8818765	1670386392.4419775	824176772.2955285	1884150483.0384016	720763385.4766998	3335393517.232935	1978760979.8082087	2526551368.878263	1224090493.0690432	5601120234.802671	1842132401.2679887	1776461813.6845865	5576042560.009426	1977911116.8193195	1198503896.3595417	2641664137.8063703	1323343900.1763709	2385936205.331392	0:11:30	2940
