	algorithm	#Fc	D	percFES	run_1	run_2	run_3	run_4	run_5	run_6	run_7	run_8	run_9	run_10	run_11	run_12	run_13	run_14	run_15	run_16	run_17	run_18	run_19	run_20	run_21	run_22	run_23	run_24	run_25	run_26	run_27	run_28	run_29	run_30	run_31	run_32	run_33	run_34	run_35	run_36	run_37	run_38	run_39	run_40	run_41	run_42	run_43	run_44	run_45	run_46	run_47	run_48	run_49	run_50	run_51	mean	elapsed_time	evals
0	QODE/best/1/bin	2	30	0.4	1.4918266117547319e-05	748.7866940206583	4034.910841183022	34368.79923031279	30337.96343350811	7770.020411325599	15563.143704073545	10180.364827935988	17729.38243598599	16550.430165431604	17632.73588561681	3805.0312528711806	2143.234961399158	7119.495708146426	6310.862420944571	453265.10907555296	11506.095159165878	17683.564763605555	16273.616095744455	10846.783189107673	3884.1389714559928	2464.816590901789	2474.534073723334	4004.5585551089125	8954.819524534065	7066.296456835272	2857.348690653984	12203.39052278778	16382.206042757018	16496.137915521882	33.48653377100857	8803.537990508905	12206.378365215392	0.814397451124961	15702.836380925353	16205.831394931494	11716.605791682425	22806.37356735063	15960.355453546947	20287.461489419016	306.10547244138536	21203.34639743312	20035.29729936902	33952.04338761775	32937.17593043796	7259.50500006732	2677.921905985606	15252.902235785263	173.2655627834249	20.32810333885695	2029.855255373367	20004.509912364032	4:53:58	117030
