	algorithm	#Fc	D	percFES	run_1	run_2	run_3	run_4	run_5	run_6	run_7	run_8	run_9	run_10	run_11	run_12	run_13	run_14	run_15	run_16	run_17	run_18	run_19	run_20	run_21	run_22	run_23	run_24	run_25	run_26	run_27	run_28	run_29	run_30	run_31	run_32	run_33	run_34	run_35	run_36	run_37	run_38	run_39	run_40	run_41	run_42	run_43	run_44	run_45	run_46	run_47	run_48	run_49	run_50	run_51	mean	elapsed_time	evals
0	QODE/best/1/bin	2	30	0.9	906.5009275097013	14076.135091118485	17005.551204395968	3.2572916668094365	19112.969853379345	10578.67355625241	38.280672337232204	0.022214250408751468	948.1924205777595	6145.6097891603085	0.0034267420241462787	446.6136824458457	33132.07292623371	5993.8700891673725	3204.944303348349	3876.445892741309	20820.01073340438	8662.234570549997	16888.477740282673	6777.8362852279215	1408.578775336742	30641.45192547241	23294.62852022914	4569.8570640274165	16809.46770929431	21882.151188770942	19595.85121288655	34253.24225515919	25598.66738349119	6526.5705547091375	4408.947802241008	31648.616130905557	45.074961839422	21524.642385088904	16308.750715330145	5805.759308211282	6355.664945203436	290.4867364972324	8260.68738436396	22653.158999789077	15532.882229374185	8958.690301896811	1947.0217627037118	3633.8675364661985	23.888975616897056	25417.67953820863	27281.634523249144	29211.8146955001	5141.104083427066	5026.363324909915	33539.80183099591	12278.719753568384	8:07:18	263310
