	algorithm	#Fc	D	percFES	run_1	run_2	run_3	run_4	run_5	run_6	run_7	run_8	run_9	run_10	run_11	run_12	run_13	run_14	run_15	run_16	run_17	run_18	run_19	run_20	run_21	run_22	run_23	run_24	run_25	run_26	run_27	run_28	run_29	run_30	run_31	run_32	run_33	run_34	run_35	run_36	run_37	run_38	run_39	run_40	run_41	run_42	run_43	run_44	run_45	run_46	run_47	run_48	run_49	run_50	run_51	mean	elapsed_time	evals
0	QODE/best/1/bin	6	30	1.0	22.20178956870086	15.172979909836954	16.812697220998757	16.90135301747887	10.471490233093618	21.983366241602766	16.394179183695428	13.333351722522252	17.638530075287235	21.413389320554757	15.539350036374458	15.891090858245661	10.861626539425515	19.379188508881725	14.81704096716146	15.659643287504082	16.140853901543437	16.94767166958104	18.382564471701585	12.334303650496281	19.689098208089604	17.163657733877358	14.277586903441943	15.515877162568017	14.695319428030416	18.330506523009262	20.48333858297815	24.202838206794354	13.912483902900249	18.081109072068216	19.347214733282613	12.957675202200448	19.099759346388055	18.401015922228908	21.951115215000414	17.77799651920384	17.964590216100305	15.049992381485367	17.134894158341694	16.364549185068427	16.01533000043753	19.99476588571349	15.93945975788688	14.692372911469647	15.039819044424576	13.763547158349411	15.418055416939978	18.279023725356637	23.384618072872286	21.125912852831334	18.71875056184774	17.118602634821055	7:56:56	292500
