	algorithm	#Fc	D	percFES	run_1	run_2	run_3	run_4	run_5	run_6	run_7	run_8	run_9	run_10	run_11	run_12	run_13	run_14	run_15	run_16	run_17	run_18	run_19	run_20	run_21	run_22	run_23	run_24	run_25	run_26	run_27	run_28	run_29	run_30	run_31	run_32	run_33	run_34	run_35	run_36	run_37	run_38	run_39	run_40	run_41	run_42	run_43	run_44	run_45	run_46	run_47	run_48	run_49	run_50	run_51	mean	elapsed_time	evals
0	QODE/best/1/bin	6	30	0.6	10.61927162534812	15.411222423959089	16.179241350817847	15.433349901414886	16.034175208998704	16.386689345310515	18.358455153624732	18.0548482158938	20.528789312054528	17.956447633373045	15.506791499097858	14.513193913632563	19.89718032946712	15.114146469702632	18.27169553927422	13.038580567802228	15.299559566366497	19.326378872720397	17.051824653276412	17.281420775501033	13.452964598914832	8.920771201168122	15.91017588772695	14.283374723038833	21.61644804927846	16.733295066510777	16.260921209508524	21.252724005800815	14.526464817558008	21.156623987778175	17.699374807615072	20.686539518609493	17.634063310878673	19.6770681790166	18.594696422228935	16.295016000777196	13.259280090146035	18.78915104776047	16.797312694580228	14.879840997234396	21.689410474169108	14.765099175900787	16.6276446614944	17.66008595689368	17.04734764429054	16.66078977358768	19.311064094265816	20.049682367930927	19.890786593727285	16.98982532536786	11.730780157763434	16.88454676861095	5:36:32	175530
