	algorithm	#Fc	D	percFES	run_1	run_2	run_3	run_4	run_5	run_6	run_7	run_8	run_9	run_10	run_11	run_12	run_13	run_14	run_15	run_16	run_17	run_18	run_19	run_20	run_21	run_22	run_23	run_24	run_25	run_26	run_27	run_28	run_29	run_30	run_31	run_32	run_33	run_34	run_35	run_36	run_37	run_38	run_39	run_40	run_41	run_42	run_43	run_44	run_45	run_46	run_47	run_48	run_49	run_50	run_51	mean	elapsed_time	evals
0	QODE/best/1/bin	6	30	0.1	15.559950624406838	14.365576683233598	15.038212069800807	20.767569644625496	15.458880487120155	18.034686198354052	11.856058903827375	16.71575436347041	15.59155076676791	15.725768748987093	17.194216386189964	9.357008611626725	13.588747723223946	21.049752073398963	14.800294753597427	15.927080599150031	19.157061692379784	13.8422366580686	16.17914413658093	15.567648708886395	19.69152549620958	15.153398777001257	19.400504868793973	19.63034984670628	13.574221791925766	12.513859003522953	15.962205462462066	16.46322397818267	14.713020691971451	25.23063005590211	15.571074365436061	18.08402109846486	15.74403652888077	17.91467093168876	14.553746821912682	14.66819132823764	15.556284786419951	14.789168822642523	18.55812893697214	14.646506919455305	17.682798403606853	15.54378391312082	15.551920888597692	13.409313616433906	16.481516203092724	18.863902273156327	19.727319575209435	16.874840868861725	14.572167301517311	21.224536057466366	14.729478911334127	16.33054016389966	2:04:22	29280
