	algorithm	#Fc	D	percFES	run_1	run_2	run_3	run_4	run_5	run_6	run_7	run_8	run_9	run_10	run_11	run_12	run_13	run_14	run_15	run_16	run_17	run_18	run_19	run_20	run_21	run_22	run_23	run_24	run_25	run_26	run_27	run_28	run_29	run_30	run_31	run_32	run_33	run_34	run_35	run_36	run_37	run_38	run_39	run_40	run_41	run_42	run_43	run_44	run_45	run_46	run_47	run_48	run_49	run_50	run_51	mean	elapsed_time	evals
0	QODE/best/1/bin	6	30	0.01	25.54106769498003	32.59819978978612	21.682893998633176	21.086215105004385	25.35500165886151	33.18289389942413	26.744965167911232	26.843663150814905	29.387279804013474	32.334030947768724	29.5806486059829	23.88301495283349	30.165546629001938	26.47094737924749	33.30373123269226	23.172870370394094	26.569207379968134	22.508843453026657	32.95963878129987	25.978674316817205	31.005874184659774	31.022085011571335	28.44281960541332	28.31645980968915	21.51179315818979	20.674274722858627	38.65495063078947	26.659776048767185	25.258449487977487	24.464303285611663	24.2298701932408	35.18557366255072	21.81574328843635	20.543801113111385	33.99047384287064	22.437971729418905	27.497217149040125	35.532381774772034	21.80026403837894	33.66757629338997	29.50247175934817	30.775257243078386	20.377731526459115	29.952269926056942	26.949935840838066	31.352562722169864	21.163829632445186	23.17351720991428	35.99586992957279	24.79797834220301	23.939934963951828	27.451810832259547	0:08:56	2940
