	algorithm	#Fc	D	percFES	run_1	run_2	run_3	run_4	run_5	run_6	run_7	run_8	run_9	run_10	run_11	run_12	run_13	run_14	run_15	run_16	run_17	run_18	run_19	run_20	run_21	run_22	run_23	run_24	run_25	run_26	run_27	run_28	run_29	run_30	run_31	run_32	run_33	run_34	run_35	run_36	run_37	run_38	run_39	run_40	run_41	run_42	run_43	run_44	run_45	run_46	run_47	run_48	run_49	run_50	run_51	mean	elapsed_time	evals
0	QODE/best/1/bin	6	30	0.7	13.7685046210064	9.939868441065641	13.629691222368592	21.1481164390475	18.0209596968333	21.203380668975115	20.213419802871044	16.677319453891073	13.52948960532774	18.205650197579416	18.6704015319649	15.10476101818881	17.247079427193285	17.624392956147744	18.18243521366992	15.255653696021795	16.657773633500256	12.840184279196592	16.181332037542916	15.08502061889294	14.96988001005434	17.150363954080603	10.814813609153475	15.540769362537958	19.425900390222978	19.416748231610313	17.284741761586247	18.293498819811703	13.718464337684964	17.241063653199944	16.44478940478723	10.8131159179934	13.866048882995983	17.0855511426837	13.868293500156256	15.337781429868187	23.169567726458695	14.493299136570613	11.49153640323027	17.648269531216442	15.797163494797474	18.916566169072212	13.139950875752788	24.696640502087575	13.897411417651938	16.850608515323756	16.18792115076019	16.657441944490984	14.437362961454369	18.350758912498918	18.266236435819224	16.361921453860738	6:14:47	204720
