	algorithm	#Fc	D	percFES	run_1	run_2	run_3	run_4	run_5	run_6	run_7	run_8	run_9	run_10	run_11	run_12	run_13	run_14	run_15	run_16	run_17	run_18	run_19	run_20	run_21	run_22	run_23	run_24	run_25	run_26	run_27	run_28	run_29	run_30	run_31	run_32	run_33	run_34	run_35	run_36	run_37	run_38	run_39	run_40	run_41	run_42	run_43	run_44	run_45	run_46	run_47	run_48	run_49	run_50	run_51	mean	elapsed_time	evals
0	QODE/best/1/bin	6	30	0.9	12.948453069200127	14.631685400215588	20.288487134124125	15.175270627935106	19.37807570222185	19.112000827563747	12.552762229990662	14.040442316361691	14.882286480784614	19.05215655174527	13.109792981416376	16.111511275383123	17.75756312856913	13.330167066855324	17.723661435607823	11.066251751351274	18.02666327378381	15.496464229422145	10.733773838605202	13.796574448117099	17.0863922378569	14.194095193940598	14.921503421402576	15.809707925797056	19.71187418040836	14.019164167119698	18.444285306084907	14.030299129330615	16.31932295567617	14.10228791980262	14.732012905852912	16.259335716295027	9.92512101089335	10.841421048303005	17.288806469882047	15.663006350610885	14.87721767977871	15.28485114966577	21.57505111380658	16.277322022537533	16.064577942239907	15.45380615523311	14.329907031700827	14.775180859867305	21.72785916532041	17.403684425035863	17.474403100555605	19.27063725299763	20.90743564080981	20.122927346852407	14.306713591851235	15.92969125856399	7:24:42	263310
