	algorithm	#Fc	D	percFES	run_1	run_2	run_3	run_4	run_5	run_6	run_7	run_8	run_9	run_10	run_11	run_12	run_13	run_14	run_15	run_16	run_17	run_18	run_19	run_20	run_21	run_22	run_23	run_24	run_25	run_26	run_27	run_28	run_29	run_30	run_31	run_32	run_33	run_34	run_35	run_36	run_37	run_38	run_39	run_40	run_41	run_42	run_43	run_44	run_45	run_46	run_47	run_48	run_49	run_50	run_51	mean	elapsed_time	evals
0	QODE/best/1/bin	6	30	0.8	14.944939925866038	14.470448263075127	15.909833011309388	19.71577562736377	15.473545430032345	17.134668380201106	14.465958769622034	20.119179814094764	17.99561169438209	15.230858430235799	16.342897180653836	13.511345812701165	14.560496349872778	19.636174835604265	16.16078242977744	17.86312918342992	18.823873364495284	21.53440618261368	17.38378521637219	14.21963144221138	17.471636261887966	21.033825087861715	15.403126336175433	19.871699785775263	19.852944814838793	15.955957745190403	14.47308900093526	21.033992626705526	15.624620694699729	16.44222989360071	16.242835706899655	20.15528044009693	16.87812869688139	12.512175722570532	16.586559721209824	15.257624186331327	19.702101138379703	20.267429015534276	18.506712317809047	17.034021675491545	13.702894350141037	14.451692006450457	19.583949937684793	14.717850451250115	18.040408528346006	9.902584016217702	25.01389558460221	21.295821991762296	18.7095319072788	19.496860557722243	16.857838839284796	17.207385497716274	6:49:07	234030
