	algorithm	#Fc	D	percFES	run_1	run_2	run_3	run_4	run_5	run_6	run_7	run_8	run_9	run_10	run_11	run_12	run_13	run_14	run_15	run_16	run_17	run_18	run_19	run_20	run_21	run_22	run_23	run_24	run_25	run_26	run_27	run_28	run_29	run_30	run_31	run_32	run_33	run_34	run_35	run_36	run_37	run_38	run_39	run_40	run_41	run_42	run_43	run_44	run_45	run_46	run_47	run_48	run_49	run_50	run_51	mean	elapsed_time	evals
0	QODE/best/1/bin	6	30	0.2	20.577785311694697	18.439872497120064	15.74970794696992	10.540966255330886	15.657302777966606	18.707532786913816	17.597683770560252	17.03371573859158	13.75983247887359	17.8159222584884	12.793969559514153	14.570068961546212	17.552961069910907	15.533537565398888	16.50335177820284	15.135612316394486	18.615032708313493	15.653479778517294	12.225047422898456	15.078795328009846	20.803378391235924	16.134009157926243	21.146608576583844	15.130832732132717	15.791501511464162	18.367327245506658	13.107162175807048	16.122660077569435	18.505713864050335	16.845080657085987	15.08256676369308	18.985705092316948	19.261740494622472	14.86388141319992	19.12482895975029	15.99311089945627	15.904929550635984	14.390081649567492	16.82449835406669	17.17951493508258	14.830745328255489	17.105406694302474	11.554422619302954	17.1262249925544	17.603475099825914	14.649476538427507	16.982234579923443	14.178445392327376	20.60875449748346	14.763790763832617	14.85424019291679	16.34048093161025	4:11:06	58530
