	algorithm	#Fc	D	percFES	run_1	run_2	run_3	run_4	run_5	run_6	run_7	run_8	run_9	run_10	run_11	run_12	run_13	run_14	run_15	run_16	run_17	run_18	run_19	run_20	run_21	run_22	run_23	run_24	run_25	run_26	run_27	run_28	run_29	run_30	run_31	run_32	run_33	run_34	run_35	run_36	run_37	run_38	run_39	run_40	run_41	run_42	run_43	run_44	run_45	run_46	run_47	run_48	run_49	run_50	run_51	mean	elapsed_time	evals
0	QODE/best/1/bin	7	30	0.4	11.352620766092969	0.11055518727209801	0.0736003243811183	0.036842848885157764	3.117426229167222	0.027066364298775625	0.039233352646874664	9.894847607938573e-09	0.01724102108403258	0.024613107916025	0.17417427022519405	0.5685506197550012	0.362560169412518	0.11011970676554483	9.028825616042013e-07	0.5003084984901989	0.049172223485243194	0.024590437796632614	0.04664377129336117	0.06878530621008849	0.02956446617747588	0.05154418216432077	0.06882914030336451	0.009864672947060171	0.04171895887066057	0.03196680295945953	0.6874595878085756	0.0784301121691442	9.890754881780595e-09	0.012320988875217154	0.10538202653799544	0.01722629387688812	0.01722631099528371	6.276595081544656e-05	0.30329673812764213	0.044307382910119486	9.923269317368977e-09	0.01969000461167525	0.06590648713313385	0.01724135799531723	0.0368574882431858	0.05404954074219859	0.13696960957997817	0.009857284608756345	0.14651324799956456	0.22986275639971154	0.06590646975644177	0.0368428488641257	0.07616881317687785	9.613472684577573e-09	0.2157057575300314	0.3787230832293722	4:34:50	117060
