	algorithm	#Fc	D	percFES	run_1	run_2	run_3	run_4	run_5	run_6	run_7	run_8	run_9	run_10	run_11	run_12	run_13	run_14	run_15	run_16	run_17	run_18	run_19	run_20	run_21	run_22	run_23	run_24	run_25	run_26	run_27	run_28	run_29	run_30	run_31	run_32	run_33	run_34	run_35	run_36	run_37	run_38	run_39	run_40	run_41	run_42	run_43	run_44	run_45	run_46	run_47	run_48	run_49	run_50	run_51	mean	elapsed_time	evals
0	QODE/best/1/bin	7	30	0.5	0.1300061122799434	0.10517758610899364	0.009864672061098645	9.698055691842455e-09	0.027066364287748	0.009857287649424507	0.1006767826770556	0.07587155228952724	0.20665414669224447	0.01231607251929745	0.017226293859948782	0.5111407281384572	0.029459115074359943	0.012316072526800781	0.041767683946432044	1.237884595648893	9.986251825466752e-09	9.999212124967016e-09	0.061034819039491595	0.08822894905063094	0.024602682556974287	0.017241020915321315	0.1004926264141659	0.6067783384486347	0.07367091350408828	9.856080396275502e-09	0.03926017264507209	0.3699590859642967	0.09083123063669518	9.848577064985875e-09	0.48831769400464964	0.2209826872698386	0.03204541651018644	0.7932015576191134	0.06585325824585198	0.06383599555613273	9.928419331117766e-08	9.550262802804355e-09	9.764221431396436e-09	0.07317892805394877	0.11548013095773513	0.04670013141333129	1.9297794799020949	0.009857284609097405	0.08343577570451544	0.03433522608065687	0.03687212742693191	0.007396040334128884	0.034384062210392585	9.059359490919064	9.919517651724163e-09	0.3351843209737184	5:11:57	66900
