	algorithm	#Fc	D	percFES	run_1	run_2	run_3	run_4	run_5	run_6	run_7	run_8	run_9	run_10	run_11	run_12	run_13	run_14	run_15	run_16	run_17	run_18	run_19	run_20	run_21	run_22	run_23	run_24	run_25	run_26	run_27	run_28	run_29	run_30	run_31	run_32	run_33	run_34	run_35	run_36	run_37	run_38	run_39	run_40	run_41	run_42	run_43	run_44	run_45	run_46	run_47	run_48	run_49	run_50	run_51	mean	elapsed_time	evals
0	QODE/best/1/bin	7	30	0.6	9.884615792543627e-09	0.06860448978204658	9.833229341893457e-09	0.05154942007050067	0.03194237345326201	9.853920346358791e-09	0.3323164177794524	0.019697356011079137	0.12476235131362046	9.95589743979508e-09	0.08326759663373196	9.829136615735479e-09	9.848804438661318e-09	1.4562165482919909	9.626932263400818	0.01231607251929745	0.3722302483455451	2.267907250056737	0.14707108500931554	0.0832155357531974	0.03928211582297081	1.774419951630307	9.490236152487341e-09	0.06144540764478279	0.017241020915321315	0.05378925865363726	0.4453053459563989	0.11258295041579913	0.4215467496750307	0.014772407722830394	0.044094951516399306	0.029564466176793758	0.007396040334128884	0.11021376100472935	0.24230405570949642	0.8562631106121898	0.0661579822370868	0.014779776754835439	0.05158837187445897	0.04670013141230811	0.0638895304595053	0.02956503109089681	0.26742131104015243	0.16915605237647924	0.05162496637137792	0.06107143009921856	0.03687212742636348	0.0739604390474824	9.224322639056481e-09	0.027855237656353893	0.017241020915321315	0.3899241978214395	5:51:04	175500
