	algorithm	#Fc	D	percFES	run_1	run_2	run_3	run_4	run_5	run_6	run_7	run_8	run_9	run_10	run_11	run_12	run_13	run_14	run_15	run_16	run_17	run_18	run_19	run_20	run_21	run_22	run_23	run_24	run_25	run_26	run_27	run_28	run_29	run_30	run_31	run_32	run_33	run_34	run_35	run_36	run_37	run_38	run_39	run_40	run_41	run_42	run_43	run_44	run_45	run_46	run_47	run_48	run_49	run_50	run_51	mean	elapsed_time	evals
0	QODE/best/1/bin	7	30	0.9	9.990230864787009e-09	0.07615171798806841	0.0246026825568606	3.217573495407578	6.536015049603861	0.061228583542288106	0.35845052291745105	0.1026379190161606	9.915424925566185e-09	0.019719489248245736	1.8864590293212586	1.035772705519662	0.3496404473239636	0.15485271117108823	0.04910005880390145	2.0970286831428666	0.07609611060729549	0.11040203250263403	0.04671472621623707	0.01722629385972141	0.014772407722830394	1.1029233390295303	0.03192281883639225	0.027066364287748	0.06098152800018397	0.4412691544760037	0.3641432782724223	0.022156143668780715	9.517407306702808e-09	9.892119123833254e-09	0.007396040334128884	0.022185660857303446	0.04173844910360458	0.6910269897799708	0.25241462477117693	0.39908217916593003	0.014772407722830394	0.10285016456884932	9.987616067519411e-09	0.3079519911357238	0.18433484713159487	0.061438137648224256	0.024590437451820435	1.3863480533130996	0.014779776754835439	0.0490906342507742	0.07610287327997867	0.08327316082829839	0.24465716571899065	9.619498086976819e-09	0.04173844910360458	0.4370721449977661	7:29:01	263250
