	algorithm	#Fc	D	percFES	run_1	run_2	run_3	run_4	run_5	run_6	run_7	run_8	run_9	run_10	run_11	run_12	run_13	run_14	run_15	run_16	run_17	run_18	run_19	run_20	run_21	run_22	run_23	run_24	run_25	run_26	run_27	run_28	run_29	run_30	run_31	run_32	run_33	run_34	run_35	run_36	run_37	run_38	run_39	run_40	run_41	run_42	run_43	run_44	run_45	run_46	run_47	run_48	run_49	run_50	run_51	mean	elapsed_time	evals
0	QODE/best/1/bin	7	30	0.01	13.207489620132378	38.173211295764304	48.222322489717385	26.757964949238726	11.621189977394806	16.69597851335402	14.377901743319171	51.66757585528592	13.502524345422898	29.413596535148486	16.7119421370121	6.1565544163370305	12.27442520216573	19.643511374339937	19.205108900723303	7.943621151079128	5.6520196802846385	12.722215073102006	7.118497265710175	8.157735848235689	29.280835815473324	15.708623951715936	25.68963106900503	8.80735941850503	15.209515774683155	22.815232306778398	18.53290677266807	13.295535060091652	5.829962493371227	49.104454731678175	19.844237118942942	8.219570899429868	27.792972755090318	3.9602220643145074	3.9329812403441338	8.22970589409988	31.570629817873282	24.4168221441588	15.858663141606257	23.577794690181918	59.838058416006106	40.63454568882776	11.494633954989922	31.01420573293683	9.899987529375835	6.677937449520186	7.965344874348602	13.47456061647506	11.448002052202469	10.338793978370404	41.22101496484004	19.508041741013194	0:07:03	2940
