	algorithm	#Fc	D	percFES	run_1	run_2	run_3	run_4	run_5	run_6	run_7	run_8	run_9	run_10	run_11	run_12	run_13	run_14	run_15	run_16	run_17	run_18	run_19	run_20	run_21	run_22	run_23	run_24	run_25	run_26	run_27	run_28	run_29	run_30	run_31	run_32	run_33	run_34	run_35	run_36	run_37	run_38	run_39	run_40	run_41	run_42	run_43	run_44	run_45	run_46	run_47	run_48	run_49	run_50	run_51	mean	elapsed_time	evals
0	QODE/best/1/bin	7	30	0.3	0.4633311047606412	0.12973824023038105	0.6906552454170196	0.010792166345936494	0.024645148950185103	0.009857287660906877	5.580101287705475e-07	0.5543963116351733	0.1081264913979112	9.870632311503869e-09	9.980567483580671e-09	1.319557554779749e-06	0.0417189916101961	1.1597885281531717	0.03438406270765881	0.03684284985774866	0.017241987168745254	0.05899499498980276	0.19546616787090443	5.194437903810467e-06	0.0417676845376036	0.009857599642714376	0.03440761320155161	0.6287710988667641	0.027036998310336458	0.04670053403310703	0.5290337714221778	0.15944468345014684	0.03939526944498084	0.014795322008581024	0.1453515185600054	0.1892142714939382	0.2381034088623437	1.2307110808590096	0.09314277288319772	6.345856153889372	7.235737098182426	0.07624260062641497	0.13924940125059493	0.18128790290029428	0.036867249471356445	0.04176777273926291	0.6162320850730794	0.1710681767594906	14.680545592097815	0.04163124847491417	0.2976130302023421	9.957034308172297e-09	0.10479675387273346	0.11791531337348715	0.06637035409335112	0.7277823733559529	3:33:06	87780
