	algorithm	#Fc	D	percFES	run_1	run_2	run_3	run_4	run_5	run_6	run_7	run_8	run_9	run_10	run_11	run_12	run_13	run_14	run_15	run_16	run_17	run_18	run_19	run_20	run_21	run_22	run_23	run_24	run_25	run_26	run_27	run_28	run_29	run_30	run_31	run_32	run_33	run_34	run_35	run_36	run_37	run_38	run_39	run_40	run_41	run_42	run_43	run_44	run_45	run_46	run_47	run_48	run_49	run_50	run_51	mean	elapsed_time	evals
0	QODE/best/1/bin	7	30	0.7	0.058969568979478026	0.20176834792448517	9.912355380947702e-09	0.02705168125169166	0.10057142040682265	0.13295732950348338	0.04421936859409925	0.16132912971727364	1.6402396612545544	0.3743323044217277	1.1878829679103546	9.908944775816053e-09	0.009857284616259676	0.053789258653523575	0.12976167921044635	0.03938245763731629	0.732198975727897	0.00985728460784685	0.16645984006413528	0.11026533497420132	0.11017873511434573	0.12481821969902285	0.024573295779418913	0.6013404315011712	0.3039707160509124	0.07128547236561644	0.4609866310182724	0.04176768394734154	0.034462404160990445	0.22033751534422663	0.009864672720027556	9.988298188545741e-09	0.019689998004878362	0.027105692824761718	0.33241623979415635	0.007396040334128884	9.903374120767694e-09	5.713848291574436	0.02457329409742215	0.10593212250171291	0.046707520099403155	0.00985728460784685	1.0532759211172333	0.014779776754835439	0.11548013095773513	0.6857303717328023	0.00985728460784685	0.02214143864455309	9.949872037395835e-09	0.4285968709602912	0.03687212742636348	0.3105635319384352	6:38:25	204750
