	algorithm	#Fc	D	percFES	run_1	run_2	run_3	run_4	run_5	run_6	run_7	run_8	run_9	run_10	run_11	run_12	run_13	run_14	run_15	run_16	run_17	run_18	run_19	run_20	run_21	run_22	run_23	run_24	run_25	run_26	run_27	run_28	run_29	run_30	run_31	run_32	run_33	run_34	run_35	run_36	run_37	run_38	run_39	run_40	run_41	run_42	run_43	run_44	run_45	run_46	run_47	run_48	run_49	run_50	run_51	mean	elapsed_time	evals
0	QODE/best/1/bin	9	10	0.8	8.954626476020508	7.959667418927211	4.9747952854664845	10.944544590207101	24.873931041522496	8.954621438201457	10.94453955238805	6.964713399653078	17.90922267968847	5.969754342559781	12.934457666574644	20.89409985096836	15.09072170877755	3.9798362283731876	9.949585533113805	8.954626476020508	11.939498609481348	24.873931041522383	17.90922771750752	14.924370742942187	6.964708361833914	12.9344374698602	15.919329800035484	15.919309603320926	15.919309603320926	18.904186774600817	14.924370742942187	14.924370742942187	14.924370742942187	28.853742035362075	10.944544590207101	10.944544590207101	4.9747952854664845	10.94453955238805	6.964713399653078	14.924355584046793	14.924375780761238	12.934457666574644	17.90922771750752	9.949585533113805	8.954626476020508	15.919309603320926	22.884033124050347	29.84873644806521	15.91931464114009	14.924355584046793	11.939498609481348	12.934457666574644	2.9848771712798907	15.919329800035484	12.934457666574644	13.542491062109661	2:09:31	78060
