	algorithm	#Fc	D	percFES	run_1	run_2	run_3	run_4	run_5	run_6	run_7	run_8	run_9	run_10	run_11	run_12	run_13	run_14	run_15	run_16	run_17	run_18	run_19	run_20	run_21	run_22	run_23	run_24	run_25	run_26	run_27	run_28	run_29	run_30	run_31	run_32	run_33	run_34	run_35	run_36	run_37	run_38	run_39	run_40	run_41	run_42	run_43	run_44	run_45	run_46	run_47	run_48	run_49	run_50	run_51	mean	elapsed_time	evals
0	QODE/best/1/bin	9	10	0.01	50.0707381721129	55.93575756108362	66.15580543101805	49.52784421742638	46.38399952744601	52.15142401092112	56.8089930451672	54.293995817624705	47.657802199549906	51.29715061511217	59.332769249589546	51.29927454743438	57.547179673339656	39.49696414429104	47.594621229050176	45.48002346713349	54.59413735083103	47.30946423315561	38.329690339843864	56.734173388157046	57.038631969351286	50.69822902026874	53.004488898797945	47.948304649428565	38.81462965421531	43.105812832863535	54.96914524329918	53.691419635246575	52.38402168206176	56.81204813648196	55.15719409566498	67.49208921861259	51.224686251848425	43.39184378613493	63.52243675781767	48.06071945933104	67.01893780293801	48.78317080813474	50.16079093370399	57.85784794300696	53.610990074832216	67.28140698608604	51.47070101732584	45.00372788543223	43.75851128278646	52.793172449080544	51.44979352334872	55.2425438087987	46.06604632686833	56.056457856083625	42.82713440844759	52.05291652193308	0:02:37	1020
