	algorithm	#Fc	D	percFES	run_1	run_2	run_3	run_4	run_5	run_6	run_7	run_8	run_9	run_10	run_11	run_12	run_13	run_14	run_15	run_16	run_17	run_18	run_19	run_20	run_21	run_22	run_23	run_24	run_25	run_26	run_27	run_28	run_29	run_30	run_31	run_32	run_33	run_34	run_35	run_36	run_37	run_38	run_39	run_40	run_41	run_42	run_43	run_44	run_45	run_46	run_47	run_48	run_49	run_50	run_51	mean	elapsed_time	evals
0	QODE/best/1/bin	9	10	0.6	4.9747952854664845	7.959672456746375	17.90922771750752	20.484883830607032	7.959667418927211	12.934457666574644	1.9899181141865938	13.929396526953497	6.964713399653078	22.884017965154953	9.949585533113805	9.949585533113805	12.934457666574644	9.949585533113805	9.949585533113805	15.91931464114009	7.959667418927211	3.9798362283731876	16.914288857128668	10.94453955238805	26.86382895899453	10.94453955238805	15.919329800035484	9.949585533113805	19.899145831694113	14.924370742942187	16.914288857128668	10.94453955238805	8.954626476020508	3.9798362283731876	15.021016555814526	5.969754342559781	9.322801484591537	35.043468041144706	17.909242876402914	11.939503647300398	7.959672456746375	13.929416723667941	7.959667418927211	2.9848771712798907	8.954626476020508	4.9747952854664845	12.934457666574644	16.914288857128668	14.924370742942187	10.94453955238805	9.949580495294754	11.939503647300398	2.9848771712798907	19.899140793875063	10.94453955238805	12.139988811194844	1:48:33	58560
