	algorithm	#Fc	D	percFES	run_1	run_2	run_3	run_4	run_5	run_6	run_7	run_8	run_9	run_10	run_11	run_12	run_13	run_14	run_15	run_16	run_17	run_18	run_19	run_20	run_21	run_22	run_23	run_24	run_25	run_26	run_27	run_28	run_29	run_30	run_31	run_32	run_33	run_34	run_35	run_36	run_37	run_38	run_39	run_40	run_41	run_42	run_43	run_44	run_45	run_46	run_47	run_48	run_49	run_50	run_51	mean	elapsed_time	evals
0	QODE/best/1/bin	9	10	0.4	4.9747952854664845	22.884012927335903	9.949585533113805	9.949585533113805	11.939503647300398	26.86382895899453	7.959667418927211	4.9747952854664845	4.9747952854664845	16.914268660414223	5.969754342559781	5.969754342559781	11.939503647300398	10.944544590207101	11.939498609481348	12.934452628755594	17.90922771750752	17.909247914221964	15.919329800035484	15.919329800035484	9.949585533113805	15.919329800035484	4.974790247647434	3.9798362283731876	11.939498609481348	7.959667418927211	22.884017965154953	12.934457666574644	9.949580495294754	14.924355584046793	10.94453955238805	9.949580495294754	11.939498609481348	16.914283819309617	22.884017965154953	10.94453955238805	9.949585533113805	21.889058908061656	15.919329800035484	17.909242876402914	18.904186774600817	19.899160990589507	18.017779786619485	6.964713399653078	24.873931041522383	11.939498609481348	9.949580495294754	4.9747952854664845	10.94453955238805	13.929396526953497	15.919309603320926	13.131670012832046	1:20:44	39030
