	algorithm	#Fc	D	percFES	run_1	run_2	run_3	run_4	run_5	run_6	run_7	run_8	run_9	run_10	run_11	run_12	run_13	run_14	run_15	run_16	run_17	run_18	run_19	run_20	run_21	run_22	run_23	run_24	run_25	run_26	run_27	run_28	run_29	run_30	run_31	run_32	run_33	run_34	run_35	run_36	run_37	run_38	run_39	run_40	run_41	run_42	run_43	run_44	run_45	run_46	run_47	run_48	run_49	run_50	run_51	mean	elapsed_time	evals
0	QODE/best/1/bin	9	10	0.9	12.934457666574644	10.94453955238805	5.969754342559781	3.9798362283731876	7.959667418927211	15.919329800035484	12.934457666574644	10.94453955238805	12.934457666574644	19.89908002083473	12.934457666574644	19.899140793875063	13.929416723667941	11.939498609481348	8.954626476020508	29.848716251350766	19.431852951530118	13.929416723667941	14.924375780761238	10.94453955238805	7.959672456746375	3.9798362283731876	26.86382392117548	10.944544590207101	6.964708361833914	19.899140793875063	17.909242876402914	26.863844117889926	11.939493571662297	13.92941168584889	30.84366014954867	12.53126338015636	11.939498609481348	10.94453955238805	10.94453955238805	6.964713399653078	6.964713399653078	9.949585533113805	13.929416723667941	11.939498609481348	28.853696421217137	5.969754342559781	3.9798362283731876	16.914268660414223	6.964708361833914	22.883952154295457	15.919329800035484	3.9798362283731876	18.546826998256847	10.944544590207101	26.863849155708976	13.866311998026868	2:19:21	87750
