	algorithm	#Fc	D	percFES	run_1	run_2	run_3	run_4	run_5	run_6	run_7	run_8	run_9	run_10	run_11	run_12	run_13	run_14	run_15	run_16	run_17	run_18	run_19	run_20	run_21	run_22	run_23	run_24	run_25	run_26	run_27	run_28	run_29	run_30	run_31	run_32	run_33	run_34	run_35	run_36	run_37	run_38	run_39	run_40	run_41	run_42	run_43	run_44	run_45	run_46	run_47	run_48	run_49	run_50	run_51	mean	elapsed_time	evals
0	QODE/best/1/bin	9	10	0.2	6.9647083618340275	8.954626476020508	15.919329800035484	12.9344374698602	12.934457666574644	4.9747952854664845	10.94453955238805	9.832433534029406e-09	12.934457666574644	17.858826090262824	16.91428885712878	26.863849155708976	13.929416723667941	11.939503647300398	20.894039077928028	9.949585533113805	21.88903871134721	7.95966238110816	16.91428885712878	17.90922771750752	27.858823371697667	9.949585533113805	9.949585533113805	19.899160990589507	8.954626476020508	11.939493571662297	15.91931464114009	9.949580495294754	15.919329800035484	7.959667418927211	14.924370742942187	21.889058908061656	9.825612609013206	17.909242876402914	32.833593422630656	25.868890098615793	5.969754342559781	8.954626476020508	14.924355584046793	9.949560298580309	13.929416723667941	13.929416723667941	6.964713399653078	20.89409985096836	16.914268660414223	16.937664531960422	12.934462704393695	11.939503647300398	14.924375780761238	11.939498609481348	22.88399776844051	14.414171188862097	0:44:17	19500
