	algorithm	#Fc	D	percFES	run_1	run_2	run_3	run_4	run_5	run_6	run_7	run_8	run_9	run_10	run_11	run_12	run_13	run_14	run_15	run_16	run_17	run_18	run_19	run_20	run_21	run_22	run_23	run_24	run_25	run_26	run_27	run_28	run_29	run_30	run_31	run_32	run_33	run_34	run_35	run_36	run_37	run_38	run_39	run_40	run_41	run_42	run_43	run_44	run_45	run_46	run_47	run_48	run_49	run_50	run_51	mean	elapsed_time	evals
0	QODE/best/1/bin	9	10	0.1	12.934457666574872	10.054363691849517	11.939498609481461	17.90922771750786	15.919329800035484	10.944544590207215	38.39921202944436	27.860645665764423	6.964713399653078	7.959667418927324	10.944544590207215	19.899160990589507	6.9647083618340275	22.88399776844176	15.91930960332104	8.954626476020621	40.79317483399302	6.964708361835619	8.9546264760221	3.9798362283731876	15.919329800035484	6.9647083618340275	5.969754342559781	6.9647083618340275	9.949585533113805	15.91931464114009	7.959667418927324	15.919329800035712	7.959672529368618	19.899140793875063	16.914268660414336	13.929416723667941	21.889058908061656	6.964713399990842	7.959667418927438	10.944539552555852	5.969749304931042	7.959667418927779	6.964708361833914	9.949585533113805	6.9647083618340275	9.949585533691675	5.969754342559781	53.14210325374904	21.889074066957164	6.964708481911316	15.91931464114009	12.934437469860313	14.924370742942187	13.929416723668055	15.919329833865959	13.892583227400232	0:23:02	9810
