	algorithm	#Fc	D	percFES	run_1	run_2	run_3	run_4	run_5	run_6	run_7	run_8	run_9	run_10	run_11	run_12	run_13	run_14	run_15	run_16	run_17	run_18	run_19	run_20	run_21	run_22	run_23	run_24	run_25	run_26	run_27	run_28	run_29	run_30	run_31	run_32	run_33	run_34	run_35	run_36	run_37	run_38	run_39	run_40	run_41	run_42	run_43	run_44	run_45	run_46	run_47	run_48	run_49	run_50	run_51	mean	elapsed_time	evals
0	QODE/best/1/bin	9	10	1.0	10.944544590207101	11.939498609481348	8.954626476020508	14.924375780761238	12.934457666574644	38.57408487851524	13.929416723667941	15.919329800035484	10.944544590207101	15.919329800035484	7.959667418927211	9.949585533113805	10.944544590207101	17.90922771750752	16.914288857128668	44.355387987479276	8.954626476020508	11.939503647300398	5.969754342559781	24.87387026848205	21.889058908061656	12.934457666574644	8.954626476020508	10.944544590207101	13.929416723667941	6.964708361833914	7.959667418927211	14.924355584046793	8.954626476020508	21.889058908061656	7.959667418927211	11.939503647300398	3.9798362283731876	11.939503647300398	10.94453955238805	14.924370742942187	33.82748205410587	9.949585533113805	12.934457666574644	10.944544590207101	20.89409985096836	10.94453955238805	11.939498609481348	17.909247914221964	6.964708361833914	10.94453955238805	15.919329800035484	10.94453955238805	13.929396526953497	8.954626476020508	3.9798362283731876	13.85817726223411	2:28:55	97530
