	algorithm	#Fc	D	percFES	run_1	run_2	run_3	run_4	run_5	run_6	run_7	run_8	run_9	run_10	run_11	run_12	run_13	run_14	run_15	run_16	run_17	run_18	run_19	run_20	run_21	run_22	run_23	run_24	run_25	run_26	run_27	run_28	run_29	run_30	run_31	run_32	run_33	run_34	run_35	run_36	run_37	run_38	run_39	run_40	run_41	run_42	run_43	run_44	run_45	run_46	run_47	run_48	run_49	run_50	run_51	mean	elapsed_time	evals
0	QODE/best/1/bin	9	30	0.2	103.97279880045858	84.57127313268734	43.363328996213	65.66711595166748	135.3139773252849	124.71450816670381	92.53090960080362	113.42496383680248	75.61670656758963	67.65702398998451	102.48049009540944	83.57631843412332	155.21295424191862	98.50065923715545	121.38434721704027	93.52589393591745	79.59651273680618	59.697462777157625	86.56121206426849	99.63412423960528	61.687325154084874	112.42986752147601	74.6217729279017	48.75292848360664	100.4904295020591	92.72704549560353	69.64694714196207	87.5561936967174	84.57129632545866	142.2786047056984	142.2784065368919	62.68233995556864	133.3239984267725	110.5083943835474	85.56623151126087	98.50061832840572	89.5460372842997	88.5510986218303	120.3896605092823	154.21783388194854	67.65706961739807	67.65711176761988	81.60187054095059	110.44000569578395	130.34343514047282	113.42506740214435	64.672232825989	132.32908571148687	85.56624666938342	64.67225303265582	79.5965024024672	95.00569593232011	2:36:27	58500
