	algorithm	#Fc	D	percFES	run_1	run_2	run_3	run_4	run_5	run_6	run_7	run_8	run_9	run_10	run_11	run_12	run_13	run_14	run_15	run_16	run_17	run_18	run_19	run_20	run_21	run_22	run_23	run_24	run_25	run_26	run_27	run_28	run_29	run_30	run_31	run_32	run_33	run_34	run_35	run_36	run_37	run_38	run_39	run_40	run_41	run_42	run_43	run_44	run_45	run_46	run_47	run_48	run_49	run_50	run_51	mean	elapsed_time	evals
0	QODE/best/1/bin	9	30	0.3	92.53095503121779	111.43511675418222	109.44523903342349	80.59147661844861	92.53088922035613	72.63183965477094	86.56120572647478	101.48534312887364	43.778144486230985	131.33405489476058	129.34408553018307	45.768040968138166	89.54599689018073	75.61668637080186	107.45530503283817	95.51568486885935	96.51054275917954	120.38961144753443	69.64700879994689	82.58137453592076	132.32894250445838	86.5611651502993	104.4703908212789	131.33414616020445	115.41487691315854	58.70250371796078	147.2533644982609	59.69742792635782	127.35417245769736	98.50054239644646	111.43511250389747	115.41483633683367	113.77716478512468	109.44517826038168	83.57627281997361	117.40483560368648	73.62677329443363	86.56106847427702	65.6671918851913	92.53091463785563	121.38443830763322	107.45517899682136	105.46522497042133	57.707465117454035	71.63691595328748	128.73201765208182	85.56626686609593	101.48553085591357	63.677233375464766	137.30362636491077	105.46525528821292	97.09087522839994	3:48:44	87780
