	algorithm	#Fc	D	percFES	run_1	run_2	run_3	run_4	run_5	run_6	run_7	run_8	run_9	run_10	run_11	run_12	run_13	run_14	run_15	run_16	run_17	run_18	run_19	run_20	run_21	run_22	run_23	run_24	run_25	run_26	run_27	run_28	run_29	run_30	run_31	run_32	run_33	run_34	run_35	run_36	run_37	run_38	run_39	run_40	run_41	run_42	run_43	run_44	run_45	run_46	run_47	run_48	run_49	run_50	run_51	mean	elapsed_time	evals
0	QODE/best/1/bin	9	30	0.8	76.61164542789447	113.42495879897172	91.53583851910605	107.45521956986931	107.45517395572426	84.57131788464085	75.61672186386988	99.49553177133055	128.34923341326385	62.68230459072413	108.45019378585789	80.5915171947745	96.5107002141956	115.4147396548567	80.59144126283877	118.39973388772376	100.4904347227739	94.52082249343789	80.59146173115323	125.36425467868298	118.39963216792887	50.74284637467167	132.3287275026023	114.41974002167058	135.31397227578555	59.697447616158684	94.52091601497648	88.55112384066138	105.46524012931673	65.66717672418497	101.48547530294763	116.40969871194989	108.45023940000283	141.28364061077127	85.56624666938148	103.47544411453646	95.51584754428768	76.61164542789447	73.62675309771919	98.50069426031791	117.4048204447754	89.54605766322106	84.57135342314768	100.49057701905258	98.50071967774852	104.47030126893787	80.59144126283877	90.5410520759242	120.38952990250402	89.54607785993562	95.51576135381674	97.75928323885019	7:55:50	234000
