	algorithm	#Fc	D	percFES	run_1	run_2	run_3	run_4	run_5	run_6	run_7	run_8	run_9	run_10	run_11	run_12	run_13	run_14	run_15	run_16	run_17	run_18	run_19	run_20	run_21	run_22	run_23	run_24	run_25	run_26	run_27	run_28	run_29	run_30	run_31	run_32	run_33	run_34	run_35	run_36	run_37	run_38	run_39	run_40	run_41	run_42	run_43	run_44	run_45	run_46	run_47	run_48	run_49	run_50	run_51	mean	elapsed_time	evals
0	QODE/best/1/bin	9	30	0.5	82.58143530896109	113.42498925422137	127.35427435617044	82.58139473263509	86.56120572647478	117.40465328461346	112.42994345333159	87.55608885163247	66.6621307434591	69.6469674066484	139.86201644260677	69.64699783910089	100.49051624585434	113.42482657848916	80.5915020358791	120.38962680937868	120.38952486468497	144.1756104318663	75.61668637080118	57.70752950197209	73.62675813641158	88.55111880284232	90.5410369170288	99.49555718876104	94.5208884871945	84.57128761228819	90.5410774933548	156.2080317333248	83.57619129689328	79.59652259917436	74.62179312527144	93.52586865706076	65.66721207979481	110.44019305269626	107.45514872119065	83.576379207159	94.52108889434089	59.69738695033584	113.42482154067011	90.54109769006936	177.52098030434854	103.47543399346011	101.4855512348837	134.31905883283707	113.42476580544883	79.5965581376812	105.46540784286799	67.65708980055342	91.5360111330175	63.67723841328393	96.51072041091015	96.82090581046934	5:42:41	146280
