	algorithm	#Fc	D	percFES	run_1	run_2	run_3	run_4	run_5	run_6	run_7	run_8	run_9	run_10	run_11	run_12	run_13	run_14	run_15	run_16	run_17	run_18	run_19	run_20	run_21	run_22	run_23	run_24	run_25	run_26	run_27	run_28	run_29	run_30	run_31	run_32	run_33	run_34	run_35	run_36	run_37	run_38	run_39	run_40	run_41	run_42	run_43	run_44	run_45	run_46	run_47	run_48	run_49	run_50	run_51	mean	elapsed_time	evals
0	QODE/best/1/bin	9	30	0.6	132.32900327745187	97.50567946800334	108.45030017304327	95.51569554295736	107.45528034290965	48.75287252526391	69.64694210387961	67.6570898005524	111.43501036699445	57.7075295019722	70.64198213072768	117.40479502734502	81.58641547882735	83.5763133962995	95.5158069679618	120.38954571340867	107.45527530509048	55.71761642560466	89.54607785993562	99.49567873484182	86.56108362706846	90.54101168249531	81.58637601907435	100.49059217779006	129.34424820557842	99.49568377266087	82.5814201500657	65.66719188309332	81.5864762518678	103.47526627990885	75.61676734055595	103.47534221184458	77.60648238558144	99.49557738547549	107.45521956986931	55.717550614745164	63.677258609998376	67.65704922422651	90.5410369170288	112.42992884776186	75.61671160533479	109.44513264623674	160.18738911768742	136.3088344680059	108.45023436218378	88.55112384066138	92.5309297966819	112.43004535602483	76.61158969267319	91.53583457304728	102.48044951893633	93.07715192700462	6:34:28	175500
