	algorithm	#Fc	D	percFES	run_1	run_2	run_3	run_4	run_5	run_6	run_7	run_8	run_9	run_10	run_11	run_12	run_13	run_14	run_15	run_16	run_17	run_18	run_19	run_20	run_21	run_22	run_23	run_24	run_25	run_26	run_27	run_28	run_29	run_30	run_31	run_32	run_33	run_34	run_35	run_36	run_37	run_38	run_39	run_40	run_41	run_42	run_43	run_44	run_45	run_46	run_47	run_48	run_49	run_50	run_51	mean	elapsed_time	evals
0	QODE/best/1/bin	9	30	0.1	144.27196039076284	102.50426507360748	69.64702958718021	102.48677745690998	109.4467956418381	72.63396081256406	97.55245944167223	119.39541700158486	98.50336906503651	79.59740188647322	56.71260646370342	90.54091627905404	114.4224033701696	70.64257621264551	118.40256318151933	101.48518108027599	112.68583855757538	107.45543906987382	123.37502094610909	107.24991601558554	135.39403688016773	70.64259304059215	70.64198324258996	91.5365925350518	118.39977609722598	110.44036025950709	92.53077347961892	79.59700623126469	137.30390576113655	94.52109843196183	68.65200624009844	55.7317661261784	117.40565765006784	76.61166560786762	112.43108510236891	121.55561422281414	67.65711744994974	77.61060366299591	101.50060986790845	150.2383855400824	83.57654970817907	97.50567469815633	140.3288475400925	102.48036358382853	86.56187494389985	80.59171795719749	61.69301446384782	73.65730338865501	112.42997646276535	83.5763997592735	74.62642560952577	96.9890722172355	1:16:41	29250
