	algorithm	#Fc	D	percFES	run_1	run_2	run_3	run_4	run_5	run_6	run_7	run_8	run_9	run_10	run_11	run_12	run_13	run_14	run_15	run_16	run_17	run_18	run_19	run_20	run_21	run_22	run_23	run_24	run_25	run_26	run_27	run_28	run_29	run_30	run_31	run_32	run_33	run_34	run_35	run_36	run_37	run_38	run_39	run_40	run_41	run_42	run_43	run_44	run_45	run_46	run_47	run_48	run_49	run_50	run_51	mean	elapsed_time	evals
0	QODE/best/1/bin	9	30	0.7	95.51574619492146	67.65710495944779	88.55114422027282	81.58648128968684	90.71788220895178	60.692426869966425	104.47032220187486	108.45022933153837	128.34917623530873	101.48530758939637	91.53581310167556	67.65696825447174	156.07842150956048	95.51574619492135	76.61169607985858	87.55614458685363	125.36425433929207	82.5814201500657	86.56125134061972	125.36423918039668	98.50061832838219	119.39457084541073	145.26306829048667	98.50059813166786	134.31902329433024	87.55577213002823	64.67221766709167	127.35417245347867	114.41992289388418	53.72768317822511	72.63187501038078	133.32383575064523	80.59130908779423	94.52085294868755	92.53088922035602	111.43505076042334	87.55615974574903	133.3238407884644	96.51074582958654	98.50054184312091	86.5611499912535	129.34388078657184	58.702361975924305	97.50574024104378	71.6368602180662	71.63679944502587	97.50567946800334	94.5208479108685	113.42498421640221	98.50067406360347	91.53597577741198	97.60410741434214	7:15:30	204750
