	algorithm	#Fc	D	percFES	run_1	run_2	run_3	run_4	run_5	run_6	run_7	run_8	run_9	run_10	run_11	run_12	run_13	run_14	run_15	run_16	run_17	run_18	run_19	run_20	run_21	run_22	run_23	run_24	run_25	run_26	run_27	run_28	run_29	run_30	run_31	run_32	run_33	run_34	run_35	run_36	run_37	run_38	run_39	run_40	run_41	run_42	run_43	run_44	run_45	run_46	run_47	run_48	run_49	run_50	run_51	mean	elapsed_time	evals
0	ODE/best/1/bin	14	30	0.5	1.1752656352189206	0.4869955975971152	5.217344978895198	9.44628471997089	1.1740662752779372	0.3075080364094447	21.256925182178975	0.6244128805003584	2.541412769334329	15.304527768497792	2.2317026302196155	5.741272355483716	2.8425815496125324	5.3308321393260485	16.919211950831595	0.5202541669007132	0.6754061355493377	0.6105185622222962	10.410849047376814	27.430772981015934	0.9231067377334057	0.2996013850527106	0.670816528356454	1.0833011349900517	0.5576449334496374	7.818622972619551	0.5481777427216912	2.6298584208032025	0.8469121005487068	1.3556851020914564	1.1497434957179848	10.0911143750468	4.473989352889475	9.490553145318927	0.9909940167162858	9.981470718275887	19.70427926769389	1.4888740856524691	15.090314946236049	0.3615830959586219	1.2579251118900174	0.6018492831437925	0.47077237470762157	7.623758784871825	6.205154130910614	1.17904733045566	1.0436314746439166	10.031685582099726	8.60891052257898	4.117188128340558	0.3450493152172385	5.123328646257898	12:14:48	145170
