	algorithm	#Fc	D	percFES	run_1	run_2	run_3	run_4	run_5	run_6	run_7	run_8	run_9	run_10	run_11	run_12	run_13	run_14	run_15	run_16	run_17	run_18	run_19	run_20	run_21	run_22	run_23	run_24	run_25	run_26	run_27	run_28	run_29	run_30	run_31	run_32	run_33	run_34	run_35	run_36	run_37	run_38	run_39	run_40	run_41	run_42	run_43	run_44	run_45	run_46	run_47	run_48	run_49	run_50	run_51	mean	elapsed_time	evals
0	ODE/best/1/bin	14	30	0.01	122.00582737189347	153.82827654528433	111.50982346612795	142.56352197584897	128.12455851759796	138.00979687850486	109.49403902310974	155.5852179515905	100.62121051090867	114.71397560740047	103.87182220175896	128.18265576821796	150.4489221907736	120.02268493531665	125.19689628323113	93.41884827721879	119.78700834710503	144.06408668744075	107.43161892278295	140.3832477074011	146.71078010148312	95.09188100680694	71.08405645132257	132.70994735211548	91.2890296828034	123.30793212542198	113.6308232581896	160.95737037109393	97.26336893021357	107.85594029483104	139.43616685092684	147.42333628556594	100.3488109361424	71.94600372331797	123.76150646856445	133.2746875825353	141.8164412492756	96.2196095349525	178.53331959328398	89.76013651582002	117.28987102437759	78.22215529128266	118.45094814344407	113.17659957112915	134.41442887205335	161.9746487732873	102.99562057913363	154.85269678498003	101.85244843952955	139.01007079195142	121.35560916268855	121.86824088074586	0:08:43	2910
