	algorithm	#Fc	D	percFES	run_1	run_2	run_3	run_4	run_5	run_6	run_7	run_8	run_9	run_10	run_11	run_12	run_13	run_14	run_15	run_16	run_17	run_18	run_19	run_20	run_21	run_22	run_23	run_24	run_25	run_26	run_27	run_28	run_29	run_30	run_31	run_32	run_33	run_34	run_35	run_36	run_37	run_38	run_39	run_40	run_41	run_42	run_43	run_44	run_45	run_46	run_47	run_48	run_49	run_50	run_51	mean	elapsed_time	evals
0	ODE/best/1/bin	14	30	0.2	24.09358967191133	30.220475259439127	34.82565897858103	39.216737248049185	17.224737420940073	17.578002697764987	38.701053771012766	33.030583238679355	17.6179956385713	26.024396435363087	30.676832675713513	20.633048072719703	26.376463442825298	10.64112231333047	32.644761421369594	10.398564691761067	24.692265542522136	22.09966276088153	20.465415776808868	15.210448280201945	29.617790084317676	14.021907676798492	21.59666424491411	27.88101838032958	38.539021968094175	23.737396711202337	16.27341019014898	29.92490839671109	25.347435970270453	18.7434821484062	30.859897764588368	37.49604960726447	31.53595846563462	15.935813296099695	22.01505560136161	19.05281499398302	30.18188828445659	21.07432247040424	13.770696954350342	19.824311054030886	25.312632709273203	10.528430359524464	11.59761024719046	24.470547268857445	27.334107223173305	21.252782668265354	20.807045390201893	21.154181911868136	16.605182261456775	25.8451180024731	24.35647145751318	23.707171943168834	5:27:43	58080
