	algorithm	#Fc	D	percFES	run_1	run_2	run_3	run_4	run_5	run_6	run_7	run_8	run_9	run_10	run_11	run_12	run_13	run_14	run_15	run_16	run_17	run_18	run_19	run_20	run_21	run_22	run_23	run_24	run_25	run_26	run_27	run_28	run_29	run_30	run_31	run_32	run_33	run_34	run_35	run_36	run_37	run_38	run_39	run_40	run_41	run_42	run_43	run_44	run_45	run_46	run_47	run_48	run_49	run_50	run_51	mean	elapsed_time	evals
0	ODE/best/1/bin	14	30	0.3	18.973781553488152	11.904687909138602	13.003725863797627	12.182630704372286	3.276248490390344	16.757449867621972	17.973884669848758	8.774484719061093	17.197636464649577	26.429682827152646	9.229596379805571	15.31543100985391	17.993870750489805	17.439876887209948	15.990477622548497	18.533327278759316	4.841590621892237	8.965707608341972	15.541518485131974	27.900783280132146	19.95427856819265	14.803921128209595	15.314394334099688	10.02738645704585	23.73957269078892	23.92702062739295	17.40097006839096	17.3400291838675	17.193712287836433	23.724193346969287	9.307091060960602	16.971600486607713	11.932500824965018	12.701791861921265	13.352570752495012	6.944468729507662	9.641857356767332	17.530945688158226	8.568133413320083	13.210640104583717	20.79738411844596	14.9270525812517	7.5040063456410735	7.781674286025691	19.90207349939692	5.1352386360720175	2.780622178679778	15.681907609520294	18.465893950889495	26.450018228495992	19.417598216935176	14.914841992492569	7:57:57	87120
