	algorithm	#Fc	D	percFES	run_1	run_2	run_3	run_4	run_5	run_6	run_7	run_8	run_9	run_10	run_11	run_12	run_13	run_14	run_15	run_16	run_17	run_18	run_19	run_20	run_21	run_22	run_23	run_24	run_25	run_26	run_27	run_28	run_29	run_30	run_31	run_32	run_33	run_34	run_35	run_36	run_37	run_38	run_39	run_40	run_41	run_42	run_43	run_44	run_45	run_46	run_47	run_48	run_49	run_50	run_51	mean	elapsed_time	evals
0	ODE/best/1/bin	14	30	0.1	43.56940983190134	34.03856511087065	28.305927535819364	39.09464363880875	41.615650991140456	38.18978146529412	33.64568566638491	47.2075544469958	60.579171744691166	39.10718421577462	34.39483016778058	31.943834414925277	30.349357699652728	38.94259423576182	43.599093747691995	41.69617994251007	25.212821351436787	45.26837525632027	34.23760085542972	37.65215393744279	33.24452810516232	41.73720398679552	46.051986210421774	53.716680276755824	37.15116870819702	30.78134183508587	24.823662779923325	38.22299531668932	40.593079754920836	33.98197297473325	34.52080538213727	44.16246222434438	49.61630376311723	40.68739424650835	54.76361456514974	65.70845532865974	53.841026632760986	43.91192526636473	33.03067055127167	58.51125084860837	28.9941629341929	43.75864119711309	44.25418473939976	25.17816306561099	43.1178988763877	36.85522483953082	25.000053057260402	48.179402609919634	47.94223673480724	27.998214431024508	49.36738532037498	40.163813976860055	2:38:03	29040
