	algorithm	#Fc	D	percFES	run_1	run_2	run_3	run_4	run_5	run_6	run_7	run_8	run_9	run_10	run_11	run_12	run_13	run_14	run_15	run_16	run_17	run_18	run_19	run_20	run_21	run_22	run_23	run_24	run_25	run_26	run_27	run_28	run_29	run_30	run_31	run_32	run_33	run_34	run_35	run_36	run_37	run_38	run_39	run_40	run_41	run_42	run_43	run_44	run_45	run_46	run_47	run_48	run_49	run_50	run_51	mean	elapsed_time	evals
0	ODE/best/1/bin	1	10	0.8	6.035520527802873e-09	8.704773790668696e-09	9.788692523216014e-09	9.80529080152337e-09	7.631001608388033e-09	9.281976076636056e-09	9.645034992900037e-09	9.949388868335518e-09	7.133706958484254e-09	8.692794040143781e-09	9.336687867289584e-09	8.95906282494252e-09	9.693039260127989e-09	9.085198371394654e-09	8.435790732619353e-09	9.27731491628947e-09	9.209514928443241e-09	6.61317756112112e-09	9.97982851913548e-09	9.849344451140496e-09	7.289202130777994e-09	9.824063340602152e-09	8.166381348928553e-09	8.94991103450593e-09	9.024390124068304e-09	9.111900567404518e-09	8.438448162451095e-09	9.599020245332213e-09	9.475570550421253e-09	7.712088745392975e-09	8.401343620789703e-09	8.557435648981482e-09	8.749111657380126e-09	9.244658372153935e-09	8.249713800978498e-09	6.3487988199995016e-09	9.34421962028864e-09	8.280466090582195e-09	7.496353759961494e-09	9.951833135346533e-09	9.337583151136641e-09	9.659700594966125e-09	9.570754855303676e-09	7.93154697475984e-09	7.684036518185167e-09	6.787956863263389e-09	9.349122365165385e-09	9.782183951756451e-09	8.714124533071299e-09	6.7537229142544675e-09	8.228241199503827e-09	8.688647535653252e-09	0:56:09	30990
