	algorithm	#Fc	D	percFES	run_1	run_2	run_3	run_4	run_5	run_6	run_7	run_8	run_9	run_10	run_11	run_12	run_13	run_14	run_15	run_16	run_17	run_18	run_19	run_20	run_21	run_22	run_23	run_24	run_25	run_26	run_27	run_28	run_29	run_30	run_31	run_32	run_33	run_34	run_35	run_36	run_37	run_38	run_39	run_40	run_41	run_42	run_43	run_44	run_45	run_46	run_47	run_48	run_49	run_50	run_51	mean	elapsed_time	evals
0	ODE/best/1/bin	1	10	0.1	8396863.109785933	5995117.793085481	2686572.293630132	4669985.610198945	11276317.008495055	25516386.73766943	17438124.844991498	22386032.162235543	2002434.436417193	19800408.966359634	12184702.437877242	11962320.422624314	14143569.54761751	15352189.733124197	5796150.265119556	7462398.435825927	7011090.33777358	15996494.45982807	12287590.371135082	11533843.947112866	14547411.19281739	5693492.035026307	6437329.405286509	9875502.212832129	8018580.031632169	8627574.937250972	12625288.649309134	12102262.070785314	7307714.108491393	6716362.831131047	25441305.76516301	12711314.503923507	26873054.804819126	5694430.413283557	6384756.499771769	8606307.705909979	11022939.993309671	12958134.145891286	6166765.222808932	7727446.111736432	22586986.767607078	11066970.646624433	4550687.338199666	6474409.270988181	15386624.667626316	14607031.62591534	3008187.248459863	3301257.8068265645	10033788.409883916	20944119.043611754	9641812.012698896	11196832.164716253	0:23:42	9690
