	algorithm	#Fc	D	percFES	run_1	run_2	run_3	run_4	run_5	run_6	run_7	run_8	run_9	run_10	run_11	run_12	run_13	run_14	run_15	run_16	run_17	run_18	run_19	run_20	run_21	run_22	run_23	run_24	run_25	run_26	run_27	run_28	run_29	run_30	run_31	run_32	run_33	run_34	run_35	run_36	run_37	run_38	run_39	run_40	run_41	run_42	run_43	run_44	run_45	run_46	run_47	run_48	run_49	run_50	run_51	mean	elapsed_time	evals
0	ODE/best/1/bin	1	10	0.7	9.579025572747923e-09	9.171643000627228e-09	8.482942348564393e-09	9.731977002047643e-09	9.788934107746172e-09	9.770616316018277e-09	9.150355140263855e-09	8.446619403912337e-09	9.294666369896731e-09	9.877112461254e-09	5.560480076383101e-09	8.374541948796832e-09	9.583899895915238e-09	8.085194735940604e-09	9.618105423214729e-09	8.486409797114902e-09	7.363837539742235e-09	9.203048989547824e-09	8.638465942567564e-09	7.940272439554974e-09	8.711111831871676e-09	9.847298088061507e-09	9.561645697431231e-09	9.349747642772854e-09	8.96643825853971e-09	9.2527585593416e-09	9.685322766017634e-09	9.52948653321073e-09	9.825129154705792e-09	9.988610827349476e-09	9.983537552216148e-09	8.635083759145346e-09	9.695142466625839e-09	8.890836511454836e-09	9.799734357329726e-09	8.824315500532975e-09	7.792536393935734e-09	5.438437256088946e-09	9.60898205448757e-09	9.179061066788563e-09	9.868628580989025e-09	7.684860747758648e-09	9.844569603956188e-09	9.093170660889882e-09	8.010786700651806e-09	7.888061759331322e-09	8.727525369067735e-09	9.604406159269274e-09	9.071271733773756e-09	7.092168630151718e-09	7.3570447511883685e-09	8.881487440917493e-09	0:57:37	26880
