	algorithm	#Fc	D	percFES	run_1	run_2	run_3	run_4	run_5	run_6	run_7	run_8	run_9	run_10	run_11	run_12	run_13	run_14	run_15	run_16	run_17	run_18	run_19	run_20	run_21	run_22	run_23	run_24	run_25	run_26	run_27	run_28	run_29	run_30	run_31	run_32	run_33	run_34	run_35	run_36	run_37	run_38	run_39	run_40	run_41	run_42	run_43	run_44	run_45	run_46	run_47	run_48	run_49	run_50	run_51	mean	elapsed_time	evals
0	ODE/best/1/bin	1	10	0.8	3482936.163776285	1050057.4995829621	4430765.1737842485	472541.9451836656	2453858.228593671	4581206.821840337	2074960.548740409	2568493.0189338312	2413875.349811176	222440.66010716537	372557.37540743285	3548671.5370483883	712897.388989734	287661.9772886038	2534497.5587711516	999520.0342611226	1410155.6994273423	164662.53598315976	817158.8907117767	180921.92836444173	2039911.0482810885	260635.9344167337	454684.102752639	1288725.9289423472	2637965.544075423	525422.546971521	3092499.999838157	1363300.1831329544	1868084.784206078	1250952.375248085	569669.0042770674	280281.5505746455	12657312.654075049	368803.3242328714	509384.325840045	413541.31003309105	791318.8982955136	3106392.2193336184	1010035.5092131689	1806840.2961190846	1005320.6701259532	439227.3550787889	1475121.4449799948	1526150.0838523414	1669737.2569779768	2260072.221359281	2028005.9939373645	2027029.1054197308	2124290.4655647585	457547.68741212407	1202393.4751622705	1711578.3850262093	2:41:23	77430
