	algorithm	#Fc	D	percFES	run_1	run_2	run_3	run_4	run_5	run_6	run_7	run_8	run_9	run_10	run_11	run_12	run_13	run_14	run_15	run_16	run_17	run_18	run_19	run_20	run_21	run_22	run_23	run_24	run_25	run_26	run_27	run_28	run_29	run_30	run_31	run_32	run_33	run_34	run_35	run_36	run_37	run_38	run_39	run_40	run_41	run_42	run_43	run_44	run_45	run_46	run_47	run_48	run_49	run_50	run_51	mean	elapsed_time	evals
0	ODE/best/1/bin	1	10	0.01	7655690.275079531	8741504.088957518	23800438.736301918	18590326.739986055	7829168.090672081	6029618.427804825	4383401.238989041	7267711.914368114	4177997.7419545604	16762730.335105369	9375015.147233192	9466794.52140695	7929931.640235872	3448642.5985569367	3883156.2293784227	29674954.76528486	11606950.305469012	11843885.326932171	3530013.9585793214	7161211.131722415	10753182.064773314	5223208.546528762	8864746.283979142	11573504.5770326	17656960.7149949	4906623.564215248	5092493.2399161775	15941797.718960349	3474875.0188198015	2035125.7053057724	3117904.147448754	7078072.509094222	3757234.8246709853	11201237.714623172	12481788.56687088	5769679.604578075	1513309.272419175	14494604.099994438	5372513.851567881	16304573.086081278	15472777.00533424	9076409.494325368	3507091.0640591923	12446225.533882845	8539787.018037599	8587286.278038992	21529086.993463922	15934785.090468192	6719343.709381225	12149879.901658487	1821259.4079715614	9520715.878872838	0:02:16	1020
