	algorithm	#Fc	D	percFES	run_1	run_2	run_3	run_4	run_5	run_6	run_7	run_8	run_9	run_10	run_11	run_12	run_13	run_14	run_15	run_16	run_17	run_18	run_19	run_20	run_21	run_22	run_23	run_24	run_25	run_26	run_27	run_28	run_29	run_30	run_31	run_32	run_33	run_34	run_35	run_36	run_37	run_38	run_39	run_40	run_41	run_42	run_43	run_44	run_45	run_46	run_47	run_48	run_49	run_50	run_51	mean	elapsed_time	evals
0	ODE/best/1/bin	1	10	0.3	3030743.653076091	3344079.6214695335	1286889.6603477183	3821839.9326368235	3336369.1421922585	3621937.922231852	3512608.799314448	2374244.6697406573	2912038.110885277	2649501.2443525447	6117629.090553581	9262635.635650272	6299608.908921475	3966359.6113189002	2528343.256830468	1457926.5152317814	6445335.141173702	2670363.101662107	834523.4043028188	1378756.3800126999	1992074.3518073023	3377459.3533708444	11173922.211269222	5575727.034639131	3441874.011278368	2748680.8869788083	1218920.619748441	5275685.9211827945	3129735.8917959975	3022596.068894545	4377542.337075031	3775507.127775091	3059724.976009678	3905408.5039392905	3866455.9257528307	8011486.317986357	3196888.5907632587	9339577.596706899	6447968.465525954	10651152.82830154	360264.6770233185	942937.1288624811	9216830.941711772	4095754.843927373	10174624.728247626	4717229.77995572	7424994.160567835	2766268.5435440703	9525234.61396963	8359184.423129028	5079234.557560368	4531425.121984423	1:17:12	29040
