	algorithm	#Fc	D	percFES	run_1	run_2	run_3	run_4	run_5	run_6	run_7	run_8	run_9	run_10	run_11	run_12	run_13	run_14	run_15	run_16	run_17	run_18	run_19	run_20	run_21	run_22	run_23	run_24	run_25	run_26	run_27	run_28	run_29	run_30	run_31	run_32	run_33	run_34	run_35	run_36	run_37	run_38	run_39	run_40	run_41	run_42	run_43	run_44	run_45	run_46	run_47	run_48	run_49	run_50	run_51	mean	elapsed_time	evals
0	ODE/best/1/bin	1	10	0.6	5946104.838028195	3193961.5910191233	3174860.7579318467	4133691.254603179	175701.45133637838	2892800.3057997962	3130063.2248745044	2754387.5462309336	2056590.9733412701	2145050.419448877	821387.748213474	1038743.2212213429	3032501.1767390906	3193063.0753985606	1597358.2163707642	612879.443785489	3044175.0318907406	3029323.443194541	820037.1039996888	1266057.7893582778	949360.7590164656	574719.5979515036	8527753.923325164	358524.6110605897	493466.99414515914	1975294.0395019352	2025955.2240351504	1445161.4621511418	2923336.483270747	1369987.270916155	3184734.4661995945	2976496.0614219084	1571376.788137127	2095668.796346	2389489.017710681	49665.1070242119	683602.0704623405	3803667.131897294	2166632.8529562233	1838924.266233761	2401480.0648155054	3802365.6425237916	1210132.4572441122	1591946.7684863883	2077622.0356312233	3473407.402355873	2948120.601178226	2654038.3217709716	5615325.433087703	4646870.821305428	289361.882235457	2356337.7836702727	2:13:25	58080
