	algorithm	#Fc	D	percFES	run_1	run_2	run_3	run_4	run_5	run_6	run_7	run_8	run_9	run_10	run_11	run_12	run_13	run_14	run_15	run_16	run_17	run_18	run_19	run_20	run_21	run_22	run_23	run_24	run_25	run_26	run_27	run_28	run_29	run_30	run_31	run_32	run_33	run_34	run_35	run_36	run_37	run_38	run_39	run_40	run_41	run_42	run_43	run_44	run_45	run_46	run_47	run_48	run_49	run_50	run_51	mean	elapsed_time	evals
0	ODE/best/1/bin	1	10	0.2	7.026405057786178e-08	8.035811812590055e-05	6.053582524145895e-09	0.03882191914145494	4.628904061121375e-05	9.271842922942142e-05	0.0009578872936515381	1.8662156975324251e-06	0.00022777874431767486	0.0003600549271567388	0.007654392763797091	0.0016520190816180502	0.00018825723081761225	2.1945515758279583	8.647502482972413e-07	1.5670367460529633e-05	0.008248439173229372	270.73763209757936	0.0339104504729022	2.717130186624672e-06	0.0007050239315731233	9.826486646602461e-05	5.284785812875725e-05	0.0006106477985952097	3.773049428446029e-07	0.00010197934679467835	425.88029355257777	3.362068781598282e-06	2.1792025378886137e-05	0.0014167348676181746	0.0014354921386114938	0.0753125012340945	3.4605029242129604e-06	0.001448404264735359	0.00667330615097228	6.83291247867146e-05	2.0803202133379273e-05	5.800810498612918e-06	0.0004260823592687757	0.015621722353799328	5.955157291737123e-07	6.191179210190967e-06	0.10142630812595144	2.783816178464349e-05	1.2428600371094944e-08	0.04937198667114728	0.00020168396844155723	23.44121542599882	3.592541972352592e-06	123.67636385700465	1.1856803894261247e-06	16.593674207738626	0:43:28	19500
