	algorithm	#Fc	D	percFES	run_1	run_2	run_3	run_4	run_5	run_6	run_7	run_8	run_9	run_10	run_11	run_12	run_13	run_14	run_15	run_16	run_17	run_18	run_19	run_20	run_21	run_22	run_23	run_24	run_25	run_26	run_27	run_28	run_29	run_30	run_31	run_32	run_33	run_34	run_35	run_36	run_37	run_38	run_39	run_40	run_41	run_42	run_43	run_44	run_45	run_46	run_47	run_48	run_49	run_50	run_51	mean	elapsed_time	evals
0	ODE/best/1/bin	1	10	0.7	1064898.3514772833	776788.579255239	3434960.773590242	832260.5560480368	1474440.7198041533	1023513.3400707224	412134.74129575276	1941183.827404903	486837.96962658875	1225182.2527074069	3457856.3941583387	1900982.2498406856	628736.5043505632	3408337.378728435	353117.3458355691	906397.8920029284	615182.5975026989	752718.4588454245	8525639.897169162	1002976.3613821313	2810061.290301172	353384.15409204667	4114145.7660295125	3615692.681456801	1407750.3135442997	2533077.5786245237	2147907.642207021	1836143.5557954519	1016390.6162181913	247766.94879238453	1730800.6714420351	1367115.3014816367	1061830.1911538013	912867.9564902557	994144.3973329234	2352554.4690382383	808818.2134473559	236753.21710280125	1591807.8242246113	352083.7052440208	4899719.600722105	2430474.3097501467	1079220.7442087245	2680902.781547432	1482855.6029628334	1172048.0577025288	1067101.9494551087	5907961.331101257	3916509.7570657413	2148770.741157282	3323227.397169255	1878902.6462344658	2:27:59	67770
