	algorithm	#Fc	D	percFES	run_1	run_2	run_3	run_4	run_5	run_6	run_7	run_8	run_9	run_10	run_11	run_12	run_13	run_14	run_15	run_16	run_17	run_18	run_19	run_20	run_21	run_22	run_23	run_24	run_25	run_26	run_27	run_28	run_29	run_30	run_31	run_32	run_33	run_34	run_35	run_36	run_37	run_38	run_39	run_40	run_41	run_42	run_43	run_44	run_45	run_46	run_47	run_48	run_49	run_50	run_51	mean	elapsed_time	evals
0	ODE/best/1/bin	1	10	0.2	8212129.1237487	2532116.487546013	6427601.189896099	3984672.918108824	3253735.455331155	4843931.337192854	15309157.778549697	8052604.277799206	7998578.753051051	3208177.5535764974	2882456.645495691	3535084.71384104	11791420.634415956	4227033.946392133	9373649.137495633	1024935.1936465316	4274964.882534502	1178780.9842754328	4718469.6981019275	5890309.558954002	3197600.8864652645	3289812.891294705	5409106.625533933	896714.02925501	4254071.152081388	8820183.899321366	5062403.49515247	7252954.191712398	6499272.12634399	3846546.4987028367	4962837.047088951	10859924.39397077	4680584.004764286	6638035.989698693	6800450.776440813	7084415.938894818	1665397.391279758	2220694.703973684	6575249.66268444	6103635.927078027	11845722.109355217	7444510.337528615	5400763.445616271	6327308.702873655	2199246.5888241115	2487438.926891189	8006882.804161605	1826823.5680471326	8692875.255693814	12225450.991617097	3340738.261664686	5659558.095960077	0:51:33	19380
