	algorithm	#Fc	D	percFES	run_1	run_2	run_3	run_4	run_5	run_6	run_7	run_8	run_9	run_10	run_11	run_12	run_13	run_14	run_15	run_16	run_17	run_18	run_19	run_20	run_21	run_22	run_23	run_24	run_25	run_26	run_27	run_28	run_29	run_30	run_31	run_32	run_33	run_34	run_35	run_36	run_37	run_38	run_39	run_40	run_41	run_42	run_43	run_44	run_45	run_46	run_47	run_48	run_49	run_50	run_51	mean	elapsed_time	evals
0	ODE/best/1/bin	1	10	0.6	9.901796715894307e-09	9.233161790689337e-09	9.70929647792218e-09	8.505509185852134e-09	9.090939556699595e-09	8.427491593465675e-09	9.10146980004356e-09	9.934595368576993e-09	9.83555992206675e-09	9.223285246662272e-09	8.958124908531317e-09	9.781146559362242e-09	8.67792948611168e-09	9.839254744292703e-09	9.983381232814281e-09	7.780045052641071e-09	7.046850214464939e-09	9.556018198964011e-09	9.1295504489608e-09	8.54817017170717e-09	7.34412708425225e-09	9.695497737993719e-09	9.906500508805038e-09	9.943079248841968e-09	8.989772481982072e-09	8.73109229360125e-09	9.006626555674302e-09	9.644281817600131e-09	9.606097250980383e-09	9.773316378414165e-09	7.0986487799018505e-09	8.241372029260674e-09	9.434103276362293e-09	8.160313313965162e-09	9.960061220226635e-09	9.084928365155065e-09	9.837293646342005e-09	8.606619417150796e-09	6.743931635355693e-09	9.373792408950976e-09	7.902613674559689e-09	9.87921566775185e-09	9.079826668312307e-09	9.90243620435649e-09	4.4370409568728064e-09	8.717307764527504e-09	7.098108767422673e-09	9.921535593093722e-09	9.693607694316597e-09	9.130943112722889e-09	8.73846772719844e-09	8.940120312895577e-09	0:56:16	27660
