	algorithm	#Fc	D	percFES	run_1	run_2	run_3	run_4	run_5	run_6	run_7	run_8	run_9	run_10	run_11	run_12	run_13	run_14	run_15	run_16	run_17	run_18	run_19	run_20	run_21	run_22	run_23	run_24	run_25	run_26	run_27	run_28	run_29	run_30	run_31	run_32	run_33	run_34	run_35	run_36	run_37	run_38	run_39	run_40	run_41	run_42	run_43	run_44	run_45	run_46	run_47	run_48	run_49	run_50	run_51	mean	elapsed_time	evals
0	ODE/best/1/bin	1	10	1.0	6.3913603298715316e-09	5.452875484479591e-09	9.387846944264311e-09	9.570825909577252e-09	9.331785122412839e-09	9.284278235099919e-09	8.694229336470016e-09	6.593211310246261e-09	9.372030262966291e-09	7.382027433777694e-09	9.827743951973389e-09	9.750266372066108e-09	8.723375799490896e-09	7.048527095321333e-09	9.567258985043736e-09	9.478725360168028e-09	9.291042601944355e-09	9.34910815431067e-09	9.758437613527349e-09	7.796742806931434e-09	6.416200903913705e-09	9.35686728098517e-09	8.223040026678063e-09	9.478554829911445e-09	9.714781867842248e-09	9.98466020973865e-09	9.814968393584422e-09	8.193268286049715e-09	6.422411047424248e-09	5.312486450748111e-09	9.301743375544902e-09	8.898254577616171e-09	8.306145105052565e-09	9.540102041682985e-09	6.5813736682684976e-09	8.751271707296837e-09	9.585960469848942e-09	9.118423349718796e-09	8.361283221347549e-09	8.213504543164163e-09	9.875066098175012e-09	7.98536348156631e-09	9.37617983254313e-09	9.877908269118052e-09	9.658450039751187e-09	8.987456112663494e-09	7.741491003798728e-09	9.689884450381214e-09	8.820791208563605e-09	4.29942303981079e-09	9.258911859433283e-09	8.572508350238529e-09	0:57:25	27300
