	algorithm	#Fc	D	percFES	run_1	run_2	run_3	run_4	run_5	run_6	run_7	run_8	run_9	run_10	run_11	run_12	run_13	run_14	run_15	run_16	run_17	run_18	run_19	run_20	run_21	run_22	run_23	run_24	run_25	run_26	run_27	run_28	run_29	run_30	run_31	run_32	run_33	run_34	run_35	run_36	run_37	run_38	run_39	run_40	run_41	run_42	run_43	run_44	run_45	run_46	run_47	run_48	run_49	run_50	run_51	mean	elapsed_time	evals
0	ODE/best/1/bin	1	10	0.3	8.931110073717718e-09	6.913467132108053e-09	8.488711955578765e-09	5.87703712540133e-06	9.534659284327063e-09	4.930829788918345e-08	8.220754921239859e-08	9.855355642685026e-09	8.941299256548518e-09	7.794923817527888e-09	9.801766509554e-09	7.077062491589459e-09	8.804718731880712e-09	9.641112796998641e-09	9.907026310429501e-09	8.66918981046183e-09	7.034912385961434e-07	9.400892508892866e-09	7.778993449392146e-09	7.756909781164723e-09	8.015618391254975e-09	1.4456021375508499e-05	8.064603207458276e-09	7.780585065120249e-09	9.53905043843406e-09	9.546923251946282e-09	7.854708883314743e-09	6.6118275299231755e-09	8.950436836130393e-09	9.854176141743665e-09	8.054783506850072e-09	9.531746059110446e-09	9.835147807280009e-09	8.011544139208127e-08	9.654399946157355e-09	9.360945796288433e-09	8.460318667857791e-09	3.5746801074765244e-07	9.685464874564786e-09	6.055486778677732e-09	9.750252161211392e-09	9.681599522082251e-09	9.679547474661376e-08	9.937679124050192e-09	5.3119239566967735e-06	9.942681344909943e-09	7.874334073676437e-09	9.74696945377218e-09	0.10740019827102287	5.829174583027452e-06	6.369035077113949e-08	0.002106538207673829	0:56:25	29250
