	algorithm	#Fc	D	percFES	run_1	run_2	run_3	run_4	run_5	run_6	run_7	run_8	run_9	run_10	run_11	run_12	run_13	run_14	run_15	run_16	run_17	run_18	run_19	run_20	run_21	run_22	run_23	run_24	run_25	run_26	run_27	run_28	run_29	run_30	run_31	run_32	run_33	run_34	run_35	run_36	run_37	run_38	run_39	run_40	run_41	run_42	run_43	run_44	run_45	run_46	run_47	run_48	run_49	run_50	run_51	mean	elapsed_time	evals
0	ODE/best/1/bin	1	10	0.4	9.319691685050202e-09	8.021245889722195e-09	7.413731850647309e-09	9.637716402721708e-09	8.562651032661961e-09	3.6384335544425994e-09	9.372584486300184e-09	4.593985636347497e-09	9.787555654838798e-09	8.490360414725728e-09	9.907182629831368e-09	9.939128631231142e-09	5.689216209248116e-09	9.576297088642605e-09	9.610573670215672e-09	7.837840598767798e-09	7.711491889494937e-09	5.418655746325385e-09	9.20773857160384e-09	9.22808851555601e-09	6.7269922965351725e-09	9.68918811850017e-09	9.908205811370863e-09	9.493831498730287e-09	6.701014854115783e-09	8.057767786340264e-09	7.963976145219931e-09	6.838348554083495e-09	9.594472771823348e-09	8.709164944775694e-09	9.808090339902265e-09	6.9072285668880795e-09	9.770275255505112e-09	8.271996421171934e-09	8.322203370880743e-09	9.228244834957877e-09	9.384578447679814e-09	8.254488648162805e-09	9.79859748895251e-09	8.041922683332814e-09	9.137906431533338e-09	7.946340474518365e-09	9.290289426644449e-09	9.588134730620368e-09	6.832181043137098e-09	8.914966542761249e-09	8.065100587373308e-09	8.04975286428089e-09	9.856464089352812e-09	8.781952942626958e-09	9.78879199919902e-09	8.444836080967684e-09	0:56:11	33390
