	algorithm	#Fc	D	percFES	run_1	run_2	run_3	run_4	run_5	run_6	run_7	run_8	run_9	run_10	run_11	run_12	run_13	run_14	run_15	run_16	run_17	run_18	run_19	run_20	run_21	run_22	run_23	run_24	run_25	run_26	run_27	run_28	run_29	run_30	run_31	run_32	run_33	run_34	run_35	run_36	run_37	run_38	run_39	run_40	run_41	run_42	run_43	run_44	run_45	run_46	run_47	run_48	run_49	run_50	run_51	mean	elapsed_time	evals
0	ODE/best/1/bin	1	30	0.8	15365.548709234476	9270.836883797629	20003.444483677064	6751.866390208056	10004.64740002576	15976.713092213995	13762.044026205835	13685.039588311152	25384.839865292757	11702.147487767415	5489.297129887246	12253.48537524851	36380.60455850699	13127.430254914867	14425.946858683434	1934.8829997025555	9078.17232463477	1882.8655924903683	9087.884498643403	25599.395591458237	12369.839451491514	19788.342683323113	19897.14481900474	1777.8441567376733	27189.840440343978	9023.189178511771	16938.215872954544	17213.878884953134	6646.753274626862	12843.367187732836	14838.04503632709	2390.5296638482473	792.3531910894376	5049.431810565862	38462.04801071258	1428.593568349633	13563.231399351804	13363.205275972641	9873.527853186135	15612.721969000502	14615.607785750468	21475.673019122325	13275.339223200499	10663.633711548386	6016.006324306929	3360.4643817326505	25036.475879280897	14736.052897280193	12187.634124476019	5021.275707826012	6443.988407831605	13001.202907869501	6:38:41	234060
