	algorithm	#Fc	D	percFES	run_1	run_2	run_3	run_4	run_5	run_6	run_7	run_8	run_9	run_10	run_11	run_12	run_13	run_14	run_15	run_16	run_17	run_18	run_19	run_20	run_21	run_22	run_23	run_24	run_25	run_26	run_27	run_28	run_29	run_30	run_31	run_32	run_33	run_34	run_35	run_36	run_37	run_38	run_39	run_40	run_41	run_42	run_43	run_44	run_45	run_46	run_47	run_48	run_49	run_50	run_51	mean	elapsed_time	evals
0	ODE/best/1/bin	1	30	0.8	111763127.4446479	131157800.21380056	78655293.9275666	150174515.67906976	75511996.59377627	48318172.85470593	101972915.54229575	190083389.99963024	78445728.77519834	152717007.00848505	37463646.824475266	60625236.635249116	77307407.56238908	128967566.68461962	180931309.24178207	60834516.61995392	80880487.26204261	83398299.30978516	49641678.47189981	69937113.03446425	155577020.1581395	58014866.974114746	91840419.38134289	173126170.9371965	176251319.3190231	72338202.65853979	73807687.7489779	84154387.60153258	57346615.267140314	152586314.55792046	125867364.57587132	52138657.20834922	167003964.72942513	116441453.82879674	126231073.71148042	107747134.14793047	132042981.67543063	72866829.15146643	147538192.72705993	279152139.3390031	118967299.3898167	118777143.10460778	64446774.88593411	70204148.92984526	107030201.20373222	119009824.69161355	67874532.22156201	99185425.33834036	107899143.96660553	84527683.62802303	91146447.68718801	106273110.40062444	16:02:18	232260
