	algorithm	#Fc	D	percFES	run_1	run_2	run_3	run_4	run_5	run_6	run_7	run_8	run_9	run_10	run_11	run_12	run_13	run_14	run_15	run_16	run_17	run_18	run_19	run_20	run_21	run_22	run_23	run_24	run_25	run_26	run_27	run_28	run_29	run_30	run_31	run_32	run_33	run_34	run_35	run_36	run_37	run_38	run_39	run_40	run_41	run_42	run_43	run_44	run_45	run_46	run_47	run_48	run_49	run_50	run_51	mean	elapsed_time	evals
0	ODE/best/1/bin	1	30	0.3	222387598.6651668	273700859.3808853	194737642.8661308	156237866.7637621	155250215.34060436	163319948.0669356	62915210.09592527	273234420.93709016	218889099.90227932	232395105.5882561	309522621.64133126	102781783.71102107	199873237.48948446	158384899.5314317	128866499.86671022	131059531.19592892	217473506.34643933	268950284.4890898	189556540.59422815	257727193.98180044	237893509.51881424	157272134.21134266	208694036.49228516	246372586.66555953	238235904.5520825	196396682.3567366	205861917.91300932	248976771.87700877	491163381.58546954	204788189.5950104	137902053.15982896	127448354.3927562	146021429.52519128	269925279.65393674	125029941.84884363	244226531.47754273	317282121.43240166	70339443.37886295	215702329.85181436	229219589.6586883	253935889.02810952	108893279.1573665	113810854.82521263	304983838.9574847	210034987.59558415	255743036.711674	238335759.41546783	179389438.26519555	258746146.68555647	169943514.39587763	92706003.65643221	204363509.88814998	7:56:51	87120
