	algorithm	#Fc	D	percFES	run_1	run_2	run_3	run_4	run_5	run_6	run_7	run_8	run_9	run_10	run_11	run_12	run_13	run_14	run_15	run_16	run_17	run_18	run_19	run_20	run_21	run_22	run_23	run_24	run_25	run_26	run_27	run_28	run_29	run_30	run_31	run_32	run_33	run_34	run_35	run_36	run_37	run_38	run_39	run_40	run_41	run_42	run_43	run_44	run_45	run_46	run_47	run_48	run_49	run_50	run_51	mean	elapsed_time	evals
0	ODE/best/1/bin	1	30	0.9	7087.6113352484035	1234.9314447616005	12072.44780567963	9755.691672342227	146.64209364452608	5400.4216954166595	11868.09977049697	3619.0045706232836	16177.405526451375	14003.614039867023	4035.364068473308	41986.58126516494	4080.554887899436	14612.834520820496	37811.03115362575	9410.204238969043	2101.196848988527	593.5712772238916	18794.743387305007	1274.7214493059432	648.352438847291	884.9155500663345	9852.229426594196	3286.963770264854	10319.576655256273	34993.50982776735	18623.690683330733	3815.4684917394525	5409.711774592048	9633.240588795601	26948.713200386657	4233.707792879578	8745.969780526215	3027.310203056691	5048.552795470507	12315.695802401335	14592.819189680342	9993.03742955667	43426.55119634847	1484.103708227023	54584.002055507386	2213.5762598138977	20647.524338332678	10596.501125552828	2839.4270192163012	2681.353805692488	14309.942782914019	3026.7584514254545	4201.138425211127	1547.2919948010285	4285.711705660352	11064.392574945552	7:10:47	263250
