	algorithm	#Fc	D	percFES	run_1	run_2	run_3	run_4	run_5	run_6	run_7	run_8	run_9	run_10	run_11	run_12	run_13	run_14	run_15	run_16	run_17	run_18	run_19	run_20	run_21	run_22	run_23	run_24	run_25	run_26	run_27	run_28	run_29	run_30	run_31	run_32	run_33	run_34	run_35	run_36	run_37	run_38	run_39	run_40	run_41	run_42	run_43	run_44	run_45	run_46	run_47	run_48	run_49	run_50	run_51	mean	elapsed_time	evals
0	ODE/best/1/bin	1	30	0.6	221883924.43444273	242681562.46116364	78139467.03537339	164408280.2063604	144205444.4816744	147748353.37399212	86173832.94053318	181449356.3169768	250377158.82785675	105051982.36718078	122809099.2295882	128693876.75682263	143494132.5322024	113331316.96387793	181576307.93457383	83402371.60790269	134985024.26178154	64360466.605836965	80390940.04270034	127927652.25600098	79389550.76660539	111564458.38613209	195942199.79817486	212807916.08025438	76021568.07056373	124850875.37145157	151603295.8382278	92638253.17659551	158419142.66911787	199826857.7253225	120258669.6733606	358772752.9153741	54437795.759534635	107498933.49067429	124843196.26160896	94570099.24998602	138188632.83323145	130809049.13975304	111704372.97511074	68398058.95000446	119390836.9898569	158766902.03685322	120339125.78488004	180187608.74159285	82048023.61870636	66115962.00418475	63435730.72978638	84106126.44590198	160980675.92325854	80146794.74029273	68988347.99493308	131375340.48584652	13:38:14	174210
