	algorithm	#Fc	D	percFES	run_1	run_2	run_3	run_4	run_5	run_6	run_7	run_8	run_9	run_10	run_11	run_12	run_13	run_14	run_15	run_16	run_17	run_18	run_19	run_20	run_21	run_22	run_23	run_24	run_25	run_26	run_27	run_28	run_29	run_30	run_31	run_32	run_33	run_34	run_35	run_36	run_37	run_38	run_39	run_40	run_41	run_42	run_43	run_44	run_45	run_46	run_47	run_48	run_49	run_50	run_51	mean	elapsed_time	evals
0	ODE/best/1/bin	1	30	0.5	162554025.28891963	182770526.74653727	95290216.19782132	114333820.78259586	229797294.27800858	161598867.37654713	185616413.777959	104598161.64709052	108707947.11151162	127745387.41088167	161718553.23048267	234245481.9428093	116301703.20345818	166074623.17220306	151742807.07514742	162786791.20706952	94116737.6890153	48547101.530053295	191276638.28955415	119127800.45161594	164739516.61534607	110581710.08854814	243047667.79580724	113143274.63206778	162459009.58527014	42481654.538101576	120565421.5890062	133248370.80205457	98527340.54150063	190507869.02256158	166992423.42913008	235268801.02051252	195688015.67067665	110014876.30156788	272383698.9401301	145525396.0908434	170350632.6757007	106204863.99429783	187301700.11024734	112610189.61662863	126223704.56914741	172258492.73649022	133612597.14894955	193495419.08942652	167309077.18944037	99904698.70966765	95754495.96406738	141139342.84723374	150398316.89738265	135697174.98523265	120206018.88919407	147776326.87246105	12:01:03	145170
