	algorithm	#Fc	D	percFES	run_1	run_2	run_3	run_4	run_5	run_6	run_7	run_8	run_9	run_10	run_11	run_12	run_13	run_14	run_15	run_16	run_17	run_18	run_19	run_20	run_21	run_22	run_23	run_24	run_25	run_26	run_27	run_28	run_29	run_30	run_31	run_32	run_33	run_34	run_35	run_36	run_37	run_38	run_39	run_40	run_41	run_42	run_43	run_44	run_45	run_46	run_47	run_48	run_49	run_50	run_51	mean	elapsed_time	evals
0	ODE/best/1/bin	1	30	0.5	4368.037228146152	29754.228858328777	58392.741355494836	19264.4046086075	52281.009885411506	9413.902100910705	47698.67765212258	20626.04693984289	18890.031745442135	21836.06147919329	55958.516763807864	7143.425421790512	9659.85172496089	61784.811130764945	12904.36261065681	70269.5766033027	25384.387123304117	8389.447165422529	164511.98672720103	5768.417090254826	70716.67006290976	120018.39781673379	8102.928816553967	31685.81320885126	41647.67048338006	19008.679109584846	83809.87116627043	12004.259527094031	18998.170536127764	17547.6118350437	53800.45899762521	52702.26751987298	39287.168215362064	39497.41270473464	211328.08144544275	56041.94206089619	10266.743084673026	33063.31137677575	3712.223433183777	67504.8239988803	81348.42292202826	120811.56330363346	28367.356489100246	20414.60226048194	40627.036964122235	42778.219490995194	83717.84415933274	29346.325850484922	33689.36677887324	27558.985805830547	81010.87370388613	44798.33386948494	4:45:00	146310
