	algorithm	#Fc	D	percFES	run_1	run_2	run_3	run_4	run_5	run_6	run_7	run_8	run_9	run_10	run_11	run_12	run_13	run_14	run_15	run_16	run_17	run_18	run_19	run_20	run_21	run_22	run_23	run_24	run_25	run_26	run_27	run_28	run_29	run_30	run_31	run_32	run_33	run_34	run_35	run_36	run_37	run_38	run_39	run_40	run_41	run_42	run_43	run_44	run_45	run_46	run_47	run_48	run_49	run_50	run_51	mean	elapsed_time	evals
0	ODE/best/1/bin	1	30	1.0	25610144.18319943	64473008.561529785	36104371.304837205	106178466.30056702	94574769.38381247	126739043.58106576	21660483.766607832	149731438.6266696	49137474.06310004	79401988.51378079	43818274.99673949	113584824.19433975	74764283.63086678	143462737.48506817	99110297.41075024	103424199.41846532	46064060.111525655	163680660.0855083	52202889.28198438	86346485.59434229	64965705.013832316	119144449.51017047	55681794.3921104	39745759.303409636	113325002.78305842	25369704.56072571	184664954.0916239	58429190.72028516	66200953.08368555	41978432.241029754	70489167.51177838	70319898.42319866	65112086.69654657	67765625.93226545	99604522.82340781	77449812.3332812	66852384.724449724	121642236.17066625	82898116.27846059	87379936.8236055	9957192.300218603	128489684.73960112	48143313.458562665	87641338.29475984	93725233.42796822	58697333.871673316	112277219.4458125	107567749.32974884	74032941.54802278	61689182.453022145	41943273.08694414	80063805.80134678	17:48:04	290340
