	algorithm	#Fc	D	percFES	run_1	run_2	run_3	run_4	run_5	run_6	run_7	run_8	run_9	run_10	run_11	run_12	run_13	run_14	run_15	run_16	run_17	run_18	run_19	run_20	run_21	run_22	run_23	run_24	run_25	run_26	run_27	run_28	run_29	run_30	run_31	run_32	run_33	run_34	run_35	run_36	run_37	run_38	run_39	run_40	run_41	run_42	run_43	run_44	run_45	run_46	run_47	run_48	run_49	run_50	run_51	mean	elapsed_time	evals
0	ODE/best/1/bin	1	30	0.6	12573.29375906234	43914.47231404828	36759.27375310157	28867.183351162428	25191.990936578117	7490.618021951189	70219.2763306632	8105.050883998902	50889.80425673523	22466.787158173436	16408.122715491816	125535.60672399683	2406.225076438624	15978.279913415241	10267.861415419142	43601.515865143156	17541.045341907142	4139.877866577393	46096.85492240601	7735.437430843381	92796.50689490566	71356.60300819662	11976.979486968039	62706.11901501641	33356.00701214295	29639.93888720977	12546.979489712046	103642.9794115714	2080.3239857161466	28945.898361246866	16199.331851735982	42893.40801235045	12577.168058314472	36206.17826420825	13566.529629240453	11790.143913530672	176870.11115752955	24857.846349269188	17892.74921379851	8788.776466897238	4277.050368068808	10128.47232950111	33556.5058907553	16487.417770344437	3807.625617444954	12245.431936504663	15577.100421984891	31731.352853278717	21510.064739153593	5495.769765545096	2797.113122553096	30676.33453572174	5:24:15	175530
