	algorithm	#Fc	D	percFES	run_1	run_2	run_3	run_4	run_5	run_6	run_7	run_8	run_9	run_10	run_11	run_12	run_13	run_14	run_15	run_16	run_17	run_18	run_19	run_20	run_21	run_22	run_23	run_24	run_25	run_26	run_27	run_28	run_29	run_30	run_31	run_32	run_33	run_34	run_35	run_36	run_37	run_38	run_39	run_40	run_41	run_42	run_43	run_44	run_45	run_46	run_47	run_48	run_49	run_50	run_51	mean	elapsed_time	evals
0	ODE/best/1/bin	1	30	0.9	159633802.76808324	88918556.09845857	133997753.56477109	73839960.2118861	194584625.97594634	105310865.74118939	195466496.846764	84426084.23245652	79308108.94194588	92331939.05919392	36382068.58124802	59782031.4361702	60669315.33475061	86494372.60730074	169199186.17684004	92143932.02634679	24560618.11209026	72622443.26729	45049146.11435061	136989561.6823884	35007579.38028769	75193050.4237924	80064526.75241435	69298997.59644112	156748968.01077062	91382198.45640148	30677857.351354107	135798080.79835713	116559875.357431	96331375.19047292	70569841.92979538	20899426.34327302	100311874.78116782	70353041.40314284	198537725.76247817	70432320.26123497	70997209.57041441	139892837.2565651	75740387.87077622	100415059.98444459	124740083.22921793	80558441.8860819	92933779.57209754	162820137.7621773	66006431.99452335	91035042.00424522	111967901.67681487	85259193.45036522	55422840.90845472	119769039.07503779	136858484.80725884	96554793.71817179	17:00:48	261300
