	algorithm	#Fc	D	percFES	run_1	run_2	run_3	run_4	run_5	run_6	run_7	run_8	run_9	run_10	run_11	run_12	run_13	run_14	run_15	run_16	run_17	run_18	run_19	run_20	run_21	run_22	run_23	run_24	run_25	run_26	run_27	run_28	run_29	run_30	run_31	run_32	run_33	run_34	run_35	run_36	run_37	run_38	run_39	run_40	run_41	run_42	run_43	run_44	run_45	run_46	run_47	run_48	run_49	run_50	run_51	mean	elapsed_time	evals
0	ODE/best/1/bin	1	30	1.0	1435.545442412518	190.84426907632803	3561.013808898922	4904.193222402639	6463.8147971501385	2612.2610348175103	12176.481037225725	13510.328418958263	14364.309886210998	3912.087362422046	8926.273461553628	14969.819044964384	16743.38008186139	8461.960262351447	4163.004304991795	1036.3358429513019	2234.439664685974	13044.663395359275	4818.205009994781	1736.234339070168	2055.1791414766535	900.5757882844373	10794.729809706017	5181.7444875445535	157.35522613423495	11962.645094956417	10341.763544902038	3347.963616644132	1202.666961641207	9858.444494640573	11585.078081226258	8944.248238382257	4888.541020683843	2147.003145676445	13788.428388077571	10500.830653671512	2265.203596374495	386.4480426883898	19832.50929138918	11927.575677494982	7119.126001862053	5321.375664745799	9330.964160351255	15566.082143427737	1846.9782140620382	10814.726463104886	6166.997680397402	11490.225179276824	1264.69873524014	7960.310891249443	16710.383242446525	7351.490144414089	7:45:46	292530
