	algorithm	#Fc	D	percFES	run_1	run_2	run_3	run_4	run_5	run_6	run_7	run_8	run_9	run_10	run_11	run_12	run_13	run_14	run_15	run_16	run_17	run_18	run_19	run_20	run_21	run_22	run_23	run_24	run_25	run_26	run_27	run_28	run_29	run_30	run_31	run_32	run_33	run_34	run_35	run_36	run_37	run_38	run_39	run_40	run_41	run_42	run_43	run_44	run_45	run_46	run_47	run_48	run_49	run_50	run_51	mean	elapsed_time	evals
0	ODE/best/1/bin	1	30	0.7	50891.3055140854	9614.766640424055	13961.737467915029	15350.266577750039	14076.099251073369	13997.993427702368	13215.615156160186	50618.08696790766	16935.726179028436	9908.236915917543	15873.62489600513	7169.06200923827	35924.63433311595	11636.635038056276	10257.502370669374	3499.4486623682988	6931.924262240971	14860.55959119962	10048.636084568265	16944.374606066285	16887.873381996877	2006.0215261332673	15716.388903095547	15823.56937696026	2365.1247397379325	6168.29775118892	45387.24315439996	15913.797257109834	23256.428013790704	20947.241532808916	3887.2291869635055	7622.967755877585	9719.233704721364	7035.624513790821	15131.631562807308	3327.2369077769727	5879.158053404583	11341.053729871537	5668.322773576857	37998.998482855764	14684.364186191164	6767.328630737635	18780.570775037937	10496.217610043295	32002.118337072316	16850.63835526273	38008.57428121649	58030.99289892572	20886.36194678702	69132.96307594237	7949.135528948013	17791.940076206385	6:04:07	204780
