	algorithm	#Fc	D	percFES	run_1	run_2	run_3	run_4	run_5	run_6	run_7	run_8	run_9	run_10	run_11	run_12	run_13	run_14	run_15	run_16	run_17	run_18	run_19	run_20	run_21	run_22	run_23	run_24	run_25	run_26	run_27	run_28	run_29	run_30	run_31	run_32	run_33	run_34	run_35	run_36	run_37	run_38	run_39	run_40	run_41	run_42	run_43	run_44	run_45	run_46	run_47	run_48	run_49	run_50	run_51	mean	elapsed_time	evals
0	ODE/best/1/bin	1	30	0.1	506101.916298172	155540.11669757427	372703.05770509416	386573.04307743435	2670144.4075338263	678231.063748528	684428.0929786519	447265.86316561507	933154.6621641015	333730.5312776044	206944.54866714287	904804.1764143883	1192460.4937408213	4554078.410498024	845136.4263122202	599104.7331783065	778553.6225022636	607312.1612572225	258463.9655651153	172193.0474392899	3285364.7004554253	1351293.2361510776	914115.2544530132	903559.9724719875	609089.935903638	1121147.2349349465	869320.8299179744	624621.1622060098	915214.0231718697	971051.9589465135	2313520.343728526	718406.3363458378	2115723.376221055	1748289.9869607287	895745.3985990905	1716640.6899752358	276786.9307714807	1034324.8585355949	833669.8047507515	665001.2458399875	1297785.1976164542	662783.682531558	1458124.7483049263	1443046.7538011677	707472.5766125921	1363202.799173563	653364.8744631552	365549.98318450095	668352.7070618161	529558.544192929	736525.6719428173	1001089.7874401495	1:03:56	29280
