	algorithm	#Fc	D	percFES	run_1	run_2	run_3	run_4	run_5	run_6	run_7	run_8	run_9	run_10	run_11	run_12	run_13	run_14	run_15	run_16	run_17	run_18	run_19	run_20	run_21	run_22	run_23	run_24	run_25	run_26	run_27	run_28	run_29	run_30	run_31	run_32	run_33	run_34	run_35	run_36	run_37	run_38	run_39	run_40	run_41	run_42	run_43	run_44	run_45	run_46	run_47	run_48	run_49	run_50	run_51	mean	elapsed_time	evals
0	ODE/best/1/bin	1	30	0.4	155529504.51538625	133338608.5511197	125300192.84706508	206358185.0479148	92694792.99845406	241695093.92931047	161386504.5327271	122028266.60268931	133196883.80408199	219591424.30781838	283239487.3319474	98997320.49290416	173426135.7654187	157777184.56032497	160065737.04832336	230896387.46551502	94601353.6118853	100862219.43270643	188365380.9425821	131086563.15949902	158997892.46208602	107231633.17225857	170764569.2387795	194309504.59919325	166247567.76735067	177928827.5956157	199058323.14414683	102041941.51729003	185489312.2707094	112230867.85852842	298644940.6375659	101981123.40546785	149965846.2632274	30288512.8715251	153621423.76995987	220876729.41812772	112015572.00898695	62005884.83000243	279361078.94985795	173282380.52282837	148601864.25456232	201488146.13296217	149080382.49957383	218210690.2079186	117996105.97615765	249712723.3652657	114502566.72007897	160638037.5859018	191408589.12833098	235586365.00470832	141201229.18493816	162651134.4963055	10:07:14	116160
