	algorithm	#Fc	D	percFES	run_1	run_2	run_3	run_4	run_5	run_6	run_7	run_8	run_9	run_10	run_11	run_12	run_13	run_14	run_15	run_16	run_17	run_18	run_19	run_20	run_21	run_22	run_23	run_24	run_25	run_26	run_27	run_28	run_29	run_30	run_31	run_32	run_33	run_34	run_35	run_36	run_37	run_38	run_39	run_40	run_41	run_42	run_43	run_44	run_45	run_46	run_47	run_48	run_49	run_50	run_51	mean	elapsed_time	evals
0	ODE/best/1/bin	1	30	0.4	42775.224026427466	35619.195213221625	75052.07980077316	45059.26808922688	127257.98373842849	48842.29898851114	27943.53999792108	114046.59803311074	339096.5940514201	932493.1737347866	29965.79359002257	53580.52411397467	61368.295814624704	5889.024893269844	18311.49637461736	61172.76242550329	28434.3296492325	173215.55243054125	33850.69351823746	52228.75889417226	38874.38297804464	44689.965526293774	86824.33908980414	89882.37190093972	75904.78783097248	129983.73288348962	18961.659878789804	160864.19707000052	31216.482048402973	28699.21493407458	123454.65728315974	79589.33972263079	77394.82603541177	86887.8299135151	77579.69583106002	155502.99856558553	51094.871823693706	16614.665031342163	14995.49185897587	49010.72486441572	107113.93273041393	36178.611050342755	190700.18518671108	14495.408504607614	22067.149251237795	201763.66917439408	60601.30309098125	28082.282446123783	177287.4523639211	50602.86369150236	16102.142344111311	91161.26318201909	3:57:14	117000
