	algorithm	#Fc	D	percFES	run_1	run_2	run_3	run_4	run_5	run_6	run_7	run_8	run_9	run_10	run_11	run_12	run_13	run_14	run_15	run_16	run_17	run_18	run_19	run_20	run_21	run_22	run_23	run_24	run_25	run_26	run_27	run_28	run_29	run_30	run_31	run_32	run_33	run_34	run_35	run_36	run_37	run_38	run_39	run_40	run_41	run_42	run_43	run_44	run_45	run_46	run_47	run_48	run_49	run_50	run_51	mean	elapsed_time	evals
0	ODE/best/1/bin	2	10	0.5	12814940.568606174	1120541.3550377595	6820822.773136059	2579185.778219499	1402590.3665569373	1021155.8898468764	3373766.7184875673	981607.3848447613	19833424.9594564	387552.0878811625	353681.8964396204	1074908.8288719594	1788099.2512205811	448094.1873220845	1544351.7303242811	1790099.566221752	1786833.636774352	2385351.2957081734	1444067.4890336555	4692967.926011799	2727352.3197453595	2044719.5728979828	1735044.1763158662	774604.2618981445	9936035.810527882	10067776.152551517	919095.2169515544	5610334.662277215	2467246.0691190385	6023205.687393814	320130.0780052315	1365596.793723771	1975497.5342965631	5505757.00748752	4655769.228657277	1572507.9328442262	776279.6198335339	1471812.2235444866	2364108.651325742	2029031.2185870393	994513.1478637751	599966.6383263213	546870.0166129183	2885966.1061782427	1659684.1816318857	622996.4114528408	3835637.423064087	207307.7435523096	2549395.574954103	1014809.7740440182	4125537.2777302084	2961345.729478351	1:57:26	48390
