	algorithm	#Fc	D	percFES	run_1	run_2	run_3	run_4	run_5	run_6	run_7	run_8	run_9	run_10	run_11	run_12	run_13	run_14	run_15	run_16	run_17	run_18	run_19	run_20	run_21	run_22	run_23	run_24	run_25	run_26	run_27	run_28	run_29	run_30	run_31	run_32	run_33	run_34	run_35	run_36	run_37	run_38	run_39	run_40	run_41	run_42	run_43	run_44	run_45	run_46	run_47	run_48	run_49	run_50	run_51	mean	elapsed_time	evals
0	ODE/best/1/bin	2	10	0.9	5285933.247441965	20061.718358207105	382003.3763495992	11781.45781462382	8287.20951974114	316539.2107996706	4160.086323243583	10862.057529242673	26593.76347740013	240420.75311388617	412318.14504814683	852233.2212168733	57286.51443613481	144651.16064263837	42834.435208211675	3832585.1408015196	106035.19969198633	75864.8598211586	226572.2219779567	8463.078127455425	74191.47937230657	389622.9745437277	69142.38007678578	28206.508994359025	168957.35824435667	210945.20872757366	651.2723992980044	86131.71187739755	80827.47618205377	57508.3418755756	30548.758520444077	137308.5124544935	116549.41898086022	63279.38973772163	107522.34773823863	311966.28033594356	597512.5012080881	368862.31146828504	331823.2245028252	29731.397229236016	221026.71372845265	120234.15363797316	70165.08952338445	155326.89494431077	41964.9753439229	129508.42520491386	26263.872446037105	40564.2543784524	155467.5223291871	328454.342400637	252909.4554653215	330758.06689356524	2:54:15	87120
