	algorithm	#Fc	D	percFES	run_1	run_2	run_3	run_4	run_5	run_6	run_7	run_8	run_9	run_10	run_11	run_12	run_13	run_14	run_15	run_16	run_17	run_18	run_19	run_20	run_21	run_22	run_23	run_24	run_25	run_26	run_27	run_28	run_29	run_30	run_31	run_32	run_33	run_34	run_35	run_36	run_37	run_38	run_39	run_40	run_41	run_42	run_43	run_44	run_45	run_46	run_47	run_48	run_49	run_50	run_51	mean	elapsed_time	evals
0	ODE/best/1/bin	2	10	0.8	7.128988954718807e-09	5.652282197843306e-09	9.906216291710734e-09	7.970811566337943e-09	9.974485237762565e-09	5.032660510551068e-09	9.70965174929006e-09	9.808701406655018e-09	9.254961241822457e-09	9.03565933185746e-09	7.674998414586298e-09	8.823377584121772e-09	5.653561174767674e-09	8.957130148701253e-09	7.668603529964457e-09	7.470930540875997e-09	9.10389985619986e-09	8.146173513523536e-09	7.393396117549855e-09	6.993019496803754e-09	8.647560889585293e-09	8.921119842852931e-09	9.404800493939547e-09	8.565507414459717e-09	9.318824822912575e-09	5.92973492530291e-09	9.054076599568361e-09	6.937625585123897e-09	6.676259545201901e-09	9.930801070368034e-09	6.467104185503558e-09	7.507452437494067e-09	8.643382898299024e-09	9.275169077227474e-09	6.875097824377008e-09	3.6051517326995963e-09	5.220783805270912e-09	8.81897221916006e-09	9.443652970730909e-09	9.374900855618762e-09	9.93756543721247e-09	8.605070433986839e-09	8.447216259810375e-09	8.133469009408145e-09	7.809802582414704e-09	9.880068319034763e-09	8.084242608674685e-09	6.798217100367765e-09	9.861082617135253e-09	9.313424698120798e-09	6.711502464895602e-09	8.10900293318435e-09	0:29:40	11730
