	algorithm	#Fc	D	percFES	run_1	run_2	run_3	run_4	run_5	run_6	run_7	run_8	run_9	run_10	run_11	run_12	run_13	run_14	run_15	run_16	run_17	run_18	run_19	run_20	run_21	run_22	run_23	run_24	run_25	run_26	run_27	run_28	run_29	run_30	run_31	run_32	run_33	run_34	run_35	run_36	run_37	run_38	run_39	run_40	run_41	run_42	run_43	run_44	run_45	run_46	run_47	run_48	run_49	run_50	run_51	mean	elapsed_time	evals
0	ODE/best/1/bin	2	10	0.6	2100498.5005676467	554800.9323860485	1034195.5304816476	255890.40620206832	946916.1621481014	2359576.8473379835	955878.3030026454	1326578.7806643234	1262084.5951124588	4890651.22027955	386882.7866669358	74408.72981326046	1059846.604647947	258177.77379249668	1987797.8779071833	359304.76208618475	3502156.25391427	5602424.787219925	198600.8323501841	843038.8274109582	603131.1048730914	1085545.787136724	114388.81055084529	833123.7660816045	545587.8059347913	1218184.6307310257	1173047.96040618	4865607.228394483	3351919.893782319	3704106.9909037706	1038758.0227514773	133087.8719257917	234195.2013577974	2979259.7987213987	543492.4229717545	574525.7628751971	818572.9440488939	1336286.912286392	1485112.4353876836	390278.0690312767	637439.5797258803	426000.1559077501	16503172.340180805	794511.6318996195	1957552.4252935192	3582982.602309335	83485.56827706117	1626597.9274445623	354419.5458056937	4248901.674294694	1000929.6457982209	1729488.5692368913	2:14:07	58080
