	algorithm	#Fc	D	percFES	run_1	run_2	run_3	run_4	run_5	run_6	run_7	run_8	run_9	run_10	run_11	run_12	run_13	run_14	run_15	run_16	run_17	run_18	run_19	run_20	run_21	run_22	run_23	run_24	run_25	run_26	run_27	run_28	run_29	run_30	run_31	run_32	run_33	run_34	run_35	run_36	run_37	run_38	run_39	run_40	run_41	run_42	run_43	run_44	run_45	run_46	run_47	run_48	run_49	run_50	run_51	mean	elapsed_time	evals
0	ODE/best/1/bin	2	10	0.1	251593174.03798434	375841627.5652113	199967193.5208104	252560094.98756734	195396031.72409767	262739959.47147405	280669002.28315413	110828694.56399748	337711274.3214289	38313161.433495834	164219124.23411003	181418927.4099167	251248611.7613142	130466661.81071143	93811124.77400357	306522109.4559714	274204002.08820933	188903313.69353065	295689697.16213745	213272786.47280568	349291190.9062363	149846545.6664098	220321785.44206172	256369374.9026673	295397988.38871235	395405885.22363436	179808202.44161913	210821522.69558054	334548774.0684423	635984195.1106817	157223911.0361815	370368896.0779562	78929876.71406414	151230375.947321	310695607.4693602	241359150.58713105	210039458.744428	184301425.4597484	374493117.6930083	88969865.62271714	350151241.01195043	192254310.5247205	192497250.55025154	103173326.91293885	271100623.9447502	319043297.5358552	151234638.95296714	446322479.9396069	375033491.71335536	284822302.7690842	443618121.7258647	249608525.65786743	0:23:53	9690
