	algorithm	#Fc	D	percFES	run_1	run_2	run_3	run_4	run_5	run_6	run_7	run_8	run_9	run_10	run_11	run_12	run_13	run_14	run_15	run_16	run_17	run_18	run_19	run_20	run_21	run_22	run_23	run_24	run_25	run_26	run_27	run_28	run_29	run_30	run_31	run_32	run_33	run_34	run_35	run_36	run_37	run_38	run_39	run_40	run_41	run_42	run_43	run_44	run_45	run_46	run_47	run_48	run_49	run_50	run_51	mean	elapsed_time	evals
0	ODE/best/1/bin	2	10	0.7	555704.6633680289	313984.89925373986	289637.6723086931	803325.0806101253	55313.87522153179	334758.37597507285	1982584.3081901055	706107.6439787339	345178.5919228273	333041.5451926947	125883.07411141793	73681.21636851154	129634.24761469694	751339.6262079016	706519.316705901	587741.9048011263	142805.89423555703	1230376.9646390867	92021.1784415722	818931.3898053153	1266219.4923454355	1292133.075491756	573881.2508256298	2023782.0802245648	4377452.556313858	197213.82521670975	305902.76133217686	151347.98796723454	346856.4048201026	147861.25679690106	29657470.3678043	201933.5189723296	1640885.3333949265	1861998.309686381	183976.6827703581	441100.15700819145	260028.72764913656	195036.45755806006	410769.9056737128	330519.4588937653	649906.9017101274	417358.1829448283	478688.96479016903	1688617.379241972	500990.98152740207	215092.31911676974	221760.6845576414	170622.94440464824	143183.83206707423	75714.6214867982	508987.90837826254	1202271.8784298797	2:29:14	67770
