	algorithm	#Fc	D	percFES	run_1	run_2	run_3	run_4	run_5	run_6	run_7	run_8	run_9	run_10	run_11	run_12	run_13	run_14	run_15	run_16	run_17	run_18	run_19	run_20	run_21	run_22	run_23	run_24	run_25	run_26	run_27	run_28	run_29	run_30	run_31	run_32	run_33	run_34	run_35	run_36	run_37	run_38	run_39	run_40	run_41	run_42	run_43	run_44	run_45	run_46	run_47	run_48	run_49	run_50	run_51	mean	elapsed_time	evals
0	ODE/best/1/bin	2	10	0.9	4.556824251267244e-09	7.723343742327415e-09	9.79545689006045e-09	8.760167702348554e-09	9.11373376766278e-09	8.987711908048368e-09	8.035925702642999e-09	6.630102689086925e-09	8.195371492547565e-09	9.66670654634072e-09	9.59150270318787e-09	7.949751079650014e-09	8.502638593199663e-09	5.014442194806179e-09	8.014126251509879e-09	9.153637847703067e-09	6.342759206745541e-09	9.363162689624005e-09	8.60660520629608e-09	7.163180271163583e-09	8.290555797429988e-09	9.013689350467757e-09	5.5623559092055075e-09	8.183320687749074e-09	9.893824426399078e-09	8.660492767376127e-09	9.64206492426456e-09	9.974257864087122e-09	9.454197424929589e-09	7.995680562089547e-09	3.271594550824375e-09	7.337945362451137e-09	9.086505770028452e-09	8.053206101976684e-09	7.38808125788637e-09	8.821899655231391e-09	6.357851134453085e-09	7.956913350426476e-09	8.554934538551606e-09	7.475051688743406e-09	9.460194405619404e-09	8.839549536787672e-09	8.983079169411212e-09	7.10949166204955e-09	7.379043154287501e-09	9.185129101751954e-09	9.807649803406093e-09	9.797503253139439e-09	9.610857887309976e-09	5.891848786632181e-09	6.864297574793454e-09	8.138631729332916e-09	0:29:27	12960
