	algorithm	#Fc	D	percFES	run_1	run_2	run_3	run_4	run_5	run_6	run_7	run_8	run_9	run_10	run_11	run_12	run_13	run_14	run_15	run_16	run_17	run_18	run_19	run_20	run_21	run_22	run_23	run_24	run_25	run_26	run_27	run_28	run_29	run_30	run_31	run_32	run_33	run_34	run_35	run_36	run_37	run_38	run_39	run_40	run_41	run_42	run_43	run_44	run_45	run_46	run_47	run_48	run_49	run_50	run_51	mean	elapsed_time	evals
0	ODE/best/1/bin	2	10	0.1	1.3670185524006229e-05	0.00013332087769413192	4.965086873198743e-06	3.0707022659726135e-05	1.996486503230699e-05	8.043666582580045e-06	1.3128870250511682e-05	6.135880710189667e-07	2.238867892856433e-06	1.142067966952709e-05	1.2852612059077728e-05	4.003979427125159e-06	4.518409579645777e-05	5.5062815732753734e-05	8.815175391418961e-06	9.808085934537303e-06	1.3721633138175093e-05	7.288207712008443e-05	3.807021809620892e-05	1.7615418528293958e-06	0.002125971387215486	1.0064414311727887e-05	4.617150096919431e-06	4.529850343715225e-07	8.116192401530498e-05	1.6665712848862313e-05	1.807537984177543e-06	0.00020837518246707987	0.00010655916287305445	1.5528236104955795e-05	4.851833637076197e-07	3.8936582029691635e-06	5.664466272037316e-06	3.908109732719822e-06	6.706044314341852e-05	3.193372026544239e-05	1.3581168758491913e-05	7.4626436230573745e-06	2.2387762072639816e-05	5.933995538498493e-06	9.511639200354693e-05	2.9408055013391277e-06	2.6593699828936224e-06	9.549177946155396e-06	3.844737705094303e-06	8.951654706379486e-06	3.5876476545126934e-07	4.183614942121494e-05	1.879280944194761e-06	6.971475841055508e-07	1.1812006619038584e-05	6.692933874319351e-05	0:24:48	9750
