	algorithm	#Fc	D	percFES	run_1	run_2	run_3	run_4	run_5	run_6	run_7	run_8	run_9	run_10	run_11	run_12	run_13	run_14	run_15	run_16	run_17	run_18	run_19	run_20	run_21	run_22	run_23	run_24	run_25	run_26	run_27	run_28	run_29	run_30	run_31	run_32	run_33	run_34	run_35	run_36	run_37	run_38	run_39	run_40	run_41	run_42	run_43	run_44	run_45	run_46	run_47	run_48	run_49	run_50	run_51	mean	elapsed_time	evals
0	ODE/best/1/bin	2	10	0.3	9367452.873162782	24882820.929366827	20833665.214101423	2077197.1423738692	68607673.1294782	31135116.629628137	21337234.10738296	49701716.219539024	5624305.929398935	55003613.94276936	2392174.0087009035	19339393.273623608	5711539.426557929	17233875.45336756	13463201.410044111	5655145.287660107	9568190.022309242	15643125.279728618	12035004.658500424	8343917.118361259	10233143.052840492	41054304.445179574	25826266.96868728	30335083.34937019	31823711.011576116	11680500.727248479	4347309.100355215	5114091.956394777	22128780.862199288	10186610.82457345	2985621.4314046353	4530232.45142313	11750925.18566034	40980327.60990095	8713934.54750954	6451895.018926504	42728523.013868034	29369078.507886954	7833696.629513021	9132743.089338291	8639462.558756258	6715136.0583918365	31408852.724326324	7597519.02420919	9442253.958391763	14815483.83277249	5144667.345312482	22804911.31109426	65521403.91014707	56074281.39975118	23482091.16848564	19741356.963363726	1:17:11	29040
