	algorithm	#Fc	D	percFES	run_1	run_2	run_3	run_4	run_5	run_6	run_7	run_8	run_9	run_10	run_11	run_12	run_13	run_14	run_15	run_16	run_17	run_18	run_19	run_20	run_21	run_22	run_23	run_24	run_25	run_26	run_27	run_28	run_29	run_30	run_31	run_32	run_33	run_34	run_35	run_36	run_37	run_38	run_39	run_40	run_41	run_42	run_43	run_44	run_45	run_46	run_47	run_48	run_49	run_50	run_51	mean	elapsed_time	evals
0	ODE/best/1/bin	2	10	0.2	41814789.88840434	107301682.15039346	49101159.91855914	49771438.14315166	57223039.15995638	38799640.090079755	43035514.50624554	18963994.1339817	45852751.012073055	53032210.11646526	53705790.41703401	122131822.4644725	92484661.34924102	39011944.08160368	45485376.176274784	42856443.08780719	41903817.39736964	24407556.72292994	30875456.843533784	44301185.9736392	77395196.13702187	25731280.32025832	100551655.2417215	86584499.81821544	34074039.862057894	75832981.54796416	106054467.62372747	54398570.768885404	83340854.83875255	33385313.74506025	15668944.371995626	29158732.080491625	50261264.681798786	17723942.789031498	112154110.62007746	60006871.56786792	22425978.88086623	35974253.95053432	39803847.03619756	158469343.83655417	18769721.57668592	24591736.273941856	75505221.80966896	27537449.031382028	51544173.19506547	51813787.854685254	24344272.015945815	50702946.42391874	99876479.57149796	13678041.477194216	39144759.70145965	53697353.182034165	0:52:14	19380
