	algorithm	#Fc	D	percFES	run_1	run_2	run_3	run_4	run_5	run_6	run_7	run_8	run_9	run_10	run_11	run_12	run_13	run_14	run_15	run_16	run_17	run_18	run_19	run_20	run_21	run_22	run_23	run_24	run_25	run_26	run_27	run_28	run_29	run_30	run_31	run_32	run_33	run_34	run_35	run_36	run_37	run_38	run_39	run_40	run_41	run_42	run_43	run_44	run_45	run_46	run_47	run_48	run_49	run_50	run_51	mean	elapsed_time	evals
0	ODE/best/1/bin	2	10	0.2	7.514103117500781e-09	6.477705483121099e-09	6.961869303268031e-09	9.05677666196425e-09	5.26566168446152e-09	8.235019777202979e-09	7.09616188032669e-09	9.051376537172473e-09	9.613614793124725e-09	8.4595797034126e-09	7.956657555041602e-09	9.909257414619788e-09	8.287599939649226e-09	9.014883062263834e-09	8.439315024588723e-09	8.56366000334674e-09	7.719279437878868e-09	8.830141950966208e-09	9.118082289205631e-09	8.970800990937278e-09	8.726260602998082e-09	8.985892918644822e-09	9.39800770538568e-09	9.389196975462255e-09	6.794721230107825e-09	8.238515647462918e-09	9.92139348454657e-09	8.549079666408943e-09	8.699316822458059e-09	6.586247991435812e-09	9.582578286426724e-09	9.834081993176369e-09	8.359165803994983e-09	8.673879392517847e-09	9.272611123378738e-09	8.336598966707243e-09	9.774964837561129e-09	8.08319100542576e-09	9.47611056290043e-09	7.871676643844694e-09	9.010591384139843e-09	7.809973112671287e-09	6.577835165444412e-09	9.980226423067506e-09	8.263754125437117e-09	8.722849997866433e-09	5.570058192461147e-09	9.010619805849274e-09	9.268859457733925e-09	8.845290722092614e-09	9.512575616099639e-09	8.464072005367865e-09	0:29:32	11640
