	algorithm	#Fc	D	percFES	run_1	run_2	run_3	run_4	run_5	run_6	run_7	run_8	run_9	run_10	run_11	run_12	run_13	run_14	run_15	run_16	run_17	run_18	run_19	run_20	run_21	run_22	run_23	run_24	run_25	run_26	run_27	run_28	run_29	run_30	run_31	run_32	run_33	run_34	run_35	run_36	run_37	run_38	run_39	run_40	run_41	run_42	run_43	run_44	run_45	run_46	run_47	run_48	run_49	run_50	run_51	mean	elapsed_time	evals
0	ODE/best/1/bin	2	10	0.4	29259868.67972421	793522.6904224441	2114714.832794474	14079434.285632739	8665726.426704707	1793118.3196108397	4571614.226956831	8523661.75947545	5350298.424086399	14353646.062438939	7710550.970549406	1344933.5908634986	4615138.6212136615	9606295.38339628	6999724.66070706	50406604.36851692	8273993.052994471	1535839.5311614485	2044257.792407431	2540786.530104388	12768423.83056726	8582363.131022574	2003228.7333970661	2706692.142145078	4023629.4097281066	1970891.3724205135	4145842.199331906	8247861.247191729	5993644.430682714	3890901.4799511977	4208990.064945705	6254826.3584572375	2268385.586639865	4046327.239046986	10939199.7867325	4027280.72562644	10099419.09972967	12250314.177041288	1808773.965332028	11172799.510712769	3219765.555150938	2343498.137176097	12096762.592247667	1789653.6539835613	6964885.392001644	2589840.4111706563	2133604.8139106724	7052930.737569875	5687657.650796686	7261523.005465086	12898941.322700474	7255540.940639954	1:38:41	38730
