	algorithm	#Fc	D	percFES	run_1	run_2	run_3	run_4	run_5	run_6	run_7	run_8	run_9	run_10	run_11	run_12	run_13	run_14	run_15	run_16	run_17	run_18	run_19	run_20	run_21	run_22	run_23	run_24	run_25	run_26	run_27	run_28	run_29	run_30	run_31	run_32	run_33	run_34	run_35	run_36	run_37	run_38	run_39	run_40	run_41	run_42	run_43	run_44	run_45	run_46	run_47	run_48	run_49	run_50	run_51	mean	elapsed_time	evals
0	ODE/best/1/bin	2	10	0.01	162813910.10696092	75291723.63724937	73504044.59655209	342779465.2698261	177152230.8775205	78125962.70091765	216723771.0677942	381172219.4948285	88839420.49458125	105757361.26198474	90317777.27091086	231225057.20874846	142274694.0631612	154810124.2859323	236548456.7159075	124326914.29117717	176354373.96395653	173066464.21849164	261272409.1134354	147384024.290135	94772223.42210709	257808951.9186524	97827030.70090763	407885474.4995503	216956631.00257364	301039996.60697675	154352497.66744286	321678713.10742366	293478962.79590946	86125559.28849101	45252322.61157137	252634538.08652237	290022826.10166115	346206053.4546823	136293198.42077973	400451458.53353435	78143010.85442483	136964774.80610302	82114442.01926558	295661581.320117	176377897.62055105	208035181.93956858	138127331.07779166	158887498.09614116	104688796.76497984	177229034.7760249	109582296.99665378	162728333.20756358	20291042.580078255	44955482.18956361	268955114.64939314	182456248.27543288	0:02:33	990
