	algorithm	#Fc	D	percFES	run_1	run_2	run_3	run_4	run_5	run_6	run_7	run_8	run_9	run_10	run_11	run_12	run_13	run_14	run_15	run_16	run_17	run_18	run_19	run_20	run_21	run_22	run_23	run_24	run_25	run_26	run_27	run_28	run_29	run_30	run_31	run_32	run_33	run_34	run_35	run_36	run_37	run_38	run_39	run_40	run_41	run_42	run_43	run_44	run_45	run_46	run_47	run_48	run_49	run_50	run_51	mean	elapsed_time	evals
0	ODE/best/1/bin	2	10	0.5	8.583583621657453e-09	6.578460443051881e-09	9.644764986660448e-09	6.6910388341057114e-09	8.95127527655859e-09	4.097529426871915e-09	3.5698519695870345e-09	6.810978447902016e-09	9.492595154370065e-09	9.766125685928273e-09	9.444505622013821e-09	5.1960000746476e-09	9.659288480179384e-09	6.903491112097981e-09	8.342453838849906e-09	9.346109663965763e-09	8.670411943967338e-09	9.347644436275004e-09	7.590614359287429e-09	9.701437875264673e-09	9.17353304430435e-09	9.83277459454257e-09	8.549363883503247e-09	8.46094394546526e-09	8.575199217375484e-09	9.491202490607975e-09	9.31854060581827e-09	8.021316943995771e-09	9.830245062403264e-09	8.006281859707087e-09	6.040011157892877e-09	8.673566753714113e-09	8.721116273591178e-09	9.021022151500802e-09	9.714966608953546e-09	8.852509836287936e-09	8.033396170503693e-09	7.529820322815794e-09	7.614374908371246e-09	9.05328079170431e-09	5.051248308518552e-09	9.46695877246384e-09	9.535256140225101e-09	8.0388247170049e-09	8.363855386051e-09	4.209368853480555e-09	9.923240895659546e-09	8.582702548665111e-09	9.896950814436423e-09	7.427303216900327e-09	9.765301456354791e-09	8.258090960511004e-09	0:29:11	12240
