	algorithm	#Fc	D	percFES	run_1	run_2	run_3	run_4	run_5	run_6	run_7	run_8	run_9	run_10	run_11	run_12	run_13	run_14	run_15	run_16	run_17	run_18	run_19	run_20	run_21	run_22	run_23	run_24	run_25	run_26	run_27	run_28	run_29	run_30	run_31	run_32	run_33	run_34	run_35	run_36	run_37	run_38	run_39	run_40	run_41	run_42	run_43	run_44	run_45	run_46	run_47	run_48	run_49	run_50	run_51	mean	elapsed_time	evals
0	ODE/best/1/bin	2	10	0.6	8.182979627235909e-09	9.274998546970892e-09	5.949289061391028e-09	4.271186071491684e-09	9.906301556839026e-09	8.021572739380645e-09	7.980275995578268e-09	8.973273679657723e-09	9.104752507482772e-09	8.545100627088686e-09	8.846882337820716e-09	6.352422587951878e-09	9.94813831312058e-09	9.92633886198746e-09	8.02478439254628e-09	8.509999815942138e-09	7.4838339969574e-09	8.260258255177177e-09	5.682949222318712e-09	9.337384199170629e-09	8.655462124806945e-09	4.311942802814883e-09	9.96294602373382e-09	8.296808573504677e-09	5.45421130482282e-09	9.333348316431511e-09	9.165063374894089e-09	6.370555638568476e-09	7.209337127278559e-09	8.321762834384572e-09	7.090960707500926e-09	9.823082791626803e-09	9.002548040371039e-09	9.664290701039135e-09	4.511917950367206e-09	9.491117225479684e-09	9.68847757576441e-09	7.391491863018018e-09	8.925667316361796e-09	9.877311413220013e-09	9.307626669396996e-09	7.448022643075092e-09	9.299924386141356e-09	5.4773749980085995e-09	8.63826699060155e-09	8.304851917273481e-09	7.640920784979244e-09	8.944766705099028e-09	5.4146198635862675e-09	9.50143430600292e-09	6.0180127547937445e-09	8.061310747471712e-09	0:29:22	11520
