	algorithm	#Fc	D	percFES	run_1	run_2	run_3	run_4	run_5	run_6	run_7	run_8	run_9	run_10	run_11	run_12	run_13	run_14	run_15	run_16	run_17	run_18	run_19	run_20	run_21	run_22	run_23	run_24	run_25	run_26	run_27	run_28	run_29	run_30	run_31	run_32	run_33	run_34	run_35	run_36	run_37	run_38	run_39	run_40	run_41	run_42	run_43	run_44	run_45	run_46	run_47	run_48	run_49	run_50	run_51	mean	elapsed_time	evals
0	ODE/best/1/bin	2	30	0.1	22671.904582947624	151.86120129458277	8.824087462935523	3753.832908525124	12341.29351305782	1070.7437267636228	42.70735356067706	25985.081406078574	6594.415399721394	7591.642669995096	2.2718280199615037	14906.957055024572	2193.4148114068253	14579.277505254478	3650.880223769187	6677.936776896958	7.076245877479067	3.5360030831282074	24864.95366108673	630.0924139254602	11.374687633548604	2842.1257788898133	3162.4700863885364	22316.173387950304	3278.1170377057497	49.18613278972063	3339.438084728355	840.4244199647833	41.325396128078125	24.10549697586086	74.77105146940187	1619.0097645413862	468.850840323134	4763.511866729841	3443.002138540806	1623.8878065651681	25.582712870646986	394.6668265162373	2909.7452069858114	15552.884432208686	96.44861747189037	8133.350644939212	9302.823276729512	29.429853081754175	2237.2753800056985	626.0882279968515	26.60306311713677	1353.980223458441	6179.518213949133	24652.767456403886	8544.859570661236	5405.735314852409	1:06:27	29280
