	algorithm	#Fc	D	percFES	run_1	run_2	run_3	run_4	run_5	run_6	run_7	run_8	run_9	run_10	run_11	run_12	run_13	run_14	run_15	run_16	run_17	run_18	run_19	run_20	run_21	run_22	run_23	run_24	run_25	run_26	run_27	run_28	run_29	run_30	run_31	run_32	run_33	run_34	run_35	run_36	run_37	run_38	run_39	run_40	run_41	run_42	run_43	run_44	run_45	run_46	run_47	run_48	run_49	run_50	run_51	mean	elapsed_time	evals
0	ODE/best/1/bin	2	30	0.4	9.829562941376935e-09	9.211106544171344e-09	9.669719247540343e-09	9.624386620998848e-09	9.515105148238945e-09	9.123908739638864e-09	9.164693892671494e-09	9.93966864371032e-09	9.179046855933848e-09	9.958370128515526e-09	9.919858712237328e-09	9.684640644991305e-09	9.948536217052606e-09	9.173049875244033e-09	9.875520845525898e-09	8.285155672638211e-09	9.76243086370232e-09	9.623448704587645e-09	9.842239023782895e-09	9.85247083917784e-09	8.950394203566248e-09	9.962974445443251e-09	9.764136166268145e-09	9.94884885585634e-09	9.878590390144382e-09	9.68572066994966e-09	9.999666872317903e-09	9.16796238925599e-09	9.59781232268142e-09	9.445471960134455e-09	9.895273933580029e-09	9.885411600407679e-09	9.896865549308131e-09	9.996256267186254e-09	9.905107845042949e-09	9.904653097692062e-09	8.681723784320639e-09	9.18620912671031e-09	9.68711333371175e-09	9.329653494205559e-09	9.267012046620948e-09	9.682651125331176e-09	9.996540484280558e-09	9.76174874267599e-09	9.925486210704548e-09	9.990685612137895e-09	9.40502786761499e-09	9.882143103823182e-09	9.54074153014517e-09	9.617110663384665e-09	8.331312528753188e-09	9.59516130166651e-09	2:28:17	73500
