	algorithm	#Fc	D	percFES	run_1	run_2	run_3	run_4	run_5	run_6	run_7	run_8	run_9	run_10	run_11	run_12	run_13	run_14	run_15	run_16	run_17	run_18	run_19	run_20	run_21	run_22	run_23	run_24	run_25	run_26	run_27	run_28	run_29	run_30	run_31	run_32	run_33	run_34	run_35	run_36	run_37	run_38	run_39	run_40	run_41	run_42	run_43	run_44	run_45	run_46	run_47	run_48	run_49	run_50	run_51	mean	elapsed_time	evals
0	ODE/best/1/bin	2	30	0.2	8.381549889691087e-07	4.5730706688118516e-07	7.858430535634398e-05	9.413184898221516e-09	9.631037301005563e-09	8.159054829093293e-06	9.408182677361765e-09	0.00010794882891218549	9.907950015985989e-09	0.033362681885961365	2.810114096973848e-08	0.003822280616361695	5.97595146700769e-08	1.2522954762062e-07	9.946830914486782e-09	1.536635917886997e-05	0.05816308158463812	3.971019512505336e-05	0.023229004692097988	9.89186332844838e-09	1.9129151951347012e-07	4.867395381324968e-05	1.6077973441497306e-06	1.1631897223196574e-07	0.2607581851136729	9.594600669515785e-09	0.000712317951155228	9.84613279797486e-09	5.908072751026339e-07	8.236864061927918e-07	6.854152445612272e-07	2.522734715171282e-05	1765.2814328702323	2.522934153148526e-06	5.0787561264087344e-05	8.247849336839863e-08	8.020192865387799e-07	7.852868037616645e-06	3.247122100447086e-05	1.4985971574787982e-08	8.554378581493438e-06	9.507374443273875e-09	9.687312285677763e-09	2.109152319462737e-07	9.814954182729707e-09	0.002185785365099946	9.909001619234914e-09	5.492721300015546e-07	4.789090155554732e-07	3.3913195238710614e-06	3.0394334146421897e-05	34.62086536531588	2:11:07	58560
