	algorithm	#Fc	D	percFES	run_1	run_2	run_3	run_4	run_5	run_6	run_7	run_8	run_9	run_10	run_11	run_12	run_13	run_14	run_15	run_16	run_17	run_18	run_19	run_20	run_21	run_22	run_23	run_24	run_25	run_26	run_27	run_28	run_29	run_30	run_31	run_32	run_33	run_34	run_35	run_36	run_37	run_38	run_39	run_40	run_41	run_42	run_43	run_44	run_45	run_46	run_47	run_48	run_49	run_50	run_51	mean	elapsed_time	evals
0	ODE/best/1/bin	2	30	0.3	2270009658.727955	3709973236.2234817	1492172983.599726	2121476838.9300733	3900177998.016772	2321711790.9081826	986877703.7725089	2044704247.029302	1930050675.7666686	4399671985.405817	1552452802.0026839	4464315495.350082	2416417177.5007386	1509506504.3771403	3911764850.1947865	2026661389.9920785	4070394867.594151	1869494788.2880754	1869406669.401795	4071172023.570504	3527174739.9086385	3469398342.612203	2453809758.081183	2462867466.7346225	4596934284.909608	2259264145.833984	5091540566.864917	2000922551.719516	1420125500.527331	3589675362.665139	972812693.7218586	5334136764.506633	3062283139.696034	3830669490.411593	2957079794.053575	1144761068.8294482	2808318792.156763	3842097474.1691847	2385347841.2662215	3322914736.7988257	1970764872.5325398	3162456006.6008377	3403416152.4422884	3391916151.4666433	2197276891.5722384	1808985644.0160842	2030252136.9259005	2727178647.6684217	2995739704.202539	2340178392.9468904	1927112545.393792	2773055398.9781957	7:57:50	87120
