	algorithm	#Fc	D	percFES	run_1	run_2	run_3	run_4	run_5	run_6	run_7	run_8	run_9	run_10	run_11	run_12	run_13	run_14	run_15	run_16	run_17	run_18	run_19	run_20	run_21	run_22	run_23	run_24	run_25	run_26	run_27	run_28	run_29	run_30	run_31	run_32	run_33	run_34	run_35	run_36	run_37	run_38	run_39	run_40	run_41	run_42	run_43	run_44	run_45	run_46	run_47	run_48	run_49	run_50	run_51	mean	elapsed_time	evals
0	ODE/best/1/bin	2	30	0.8	9.751943252922501e-09	9.985029691961245e-09	9.72232783169602e-09	9.9867634162365e-09	9.89953718999459e-09	9.814669965635403e-09	9.114927479458856e-09	9.493078323430382e-09	9.466731398788397e-09	9.734407058203942e-09	9.916277576849097e-09	9.463747119298205e-09	9.858894145509112e-09	9.629616215534043e-09	9.14468500923249e-09	9.925031463353662e-09	9.936684364220127e-09	9.413071211383794e-09	9.370864972879644e-09	9.979856940844911e-09	9.421597724212916e-09	9.882398899208056e-09	9.253881216864102e-09	9.475087381360936e-09	9.888708518701605e-09	9.981306448025862e-09	9.50697653934185e-09	9.980283266486367e-09	9.643969178796397e-09	9.86298687166709e-09	9.966100833480596e-09	9.742393558553886e-09	9.448854143556673e-09	9.915680720951059e-09	8.59876081449329e-09	9.808445611270145e-09	9.80529080152337e-09	9.935831712937215e-09	9.931028444043477e-09	9.859633109954302e-09	9.960245961337932e-09	9.688051250122953e-09	9.490776164966519e-09	8.776623872108757e-09	9.891067520584329e-09	9.3473602191807e-09	8.923564109863946e-09	9.827886060520541e-09	9.83840209300979e-09	9.654144150772481e-09	9.74907266027003e-09	9.660089303639218e-09	2:35:05	70710
