	algorithm	#Fc	D	percFES	run_1	run_2	run_3	run_4	run_5	run_6	run_7	run_8	run_9	run_10	run_11	run_12	run_13	run_14	run_15	run_16	run_17	run_18	run_19	run_20	run_21	run_22	run_23	run_24	run_25	run_26	run_27	run_28	run_29	run_30	run_31	run_32	run_33	run_34	run_35	run_36	run_37	run_38	run_39	run_40	run_41	run_42	run_43	run_44	run_45	run_46	run_47	run_48	run_49	run_50	run_51	mean	elapsed_time	evals
0	ODE/best/1/bin	2	30	0.6	9.490463526162785e-09	9.327180805485114e-09	9.294751635025023e-09	9.812680445975275e-09	9.70965174929006e-09	9.259821354135056e-09	9.67233404480794e-09	9.106571496886318e-09	9.8939381132368e-09	9.531476052870858e-09	9.271758472095826e-09	9.969795655706548e-09	9.966043990061735e-09	9.853778237811639e-09	9.925372523866827e-09	9.82498704615864e-09	9.667274980529328e-09	9.915908094626502e-09	9.408267942490056e-09	9.568680070515256e-09	9.804068668017862e-09	9.962832336896099e-09	9.939498113453737e-09	9.982755955206812e-09	9.781672360986704e-09	9.560011449138983e-09	9.76666569840745e-09	9.78351977209968e-09	9.689415492175613e-09	9.728182703838684e-09	9.26789311961329e-09	9.964594482880784e-09	9.373081866215216e-09	9.817824775382178e-09	9.923354582497268e-09	9.535341405353392e-09	9.493589914200129e-09	8.93510332389269e-09	9.424979907635134e-09	8.936154927141615e-09	9.403350986758596e-09	9.568339010002092e-09	9.776726983545814e-09	9.758707619766938e-09	9.961013347492553e-09	9.509449228062294e-09	9.997592087529483e-09	9.745235729496926e-09	9.439702353120083e-09	9.951889978765394e-09	9.284406132792355e-09	9.63799393235497e-09	2:32:04	79980
