	algorithm	#Fc	D	percFES	run_1	run_2	run_3	run_4	run_5	run_6	run_7	run_8	run_9	run_10	run_11	run_12	run_13	run_14	run_15	run_16	run_17	run_18	run_19	run_20	run_21	run_22	run_23	run_24	run_25	run_26	run_27	run_28	run_29	run_30	run_31	run_32	run_33	run_34	run_35	run_36	run_37	run_38	run_39	run_40	run_41	run_42	run_43	run_44	run_45	run_46	run_47	run_48	run_49	run_50	run_51	mean	elapsed_time	evals
0	ODE/best/1/bin	2	30	0.8	19859012.029013634	17060886.732212324	50732713.370305456	75023543.6745009	5673198.158285378	35467868.82327283	98634961.95889221	37761232.76102047	17250682.4967771	39272955.645754226	43876965.82187682	93319403.58150104	700645831.3561553	8123311.720141109	50077254.64540688	9081230.397606699	42497185.15195324	5319761.859731158	18494043.349475432	5916713.031208835	4403295.726254045	25823141.155972302	37925828.3272775	20325224.281565398	6762330.274163352	69606542.74170521	17038422.904149555	134707206.3118653	94507710.93304041	25841277.50154931	72037992.35547881	33821230.11254747	336990585.18876505	39663973.60150674	44934090.483386375	14986943.414599542	10011720.59948257	19726807.991704352	142957708.48844117	116220299.29634476	151512327.64739886	16245292.27633668	203540379.74227798	16592284.55607347	62654898.96002519	21881362.106329378	27480060.252043005	69979236.64579839	23387764.29991162	31628597.41955996	9479487.550710147	64250250.58257558	16:19:27	232260
