	algorithm	#Fc	D	percFES	run_1	run_2	run_3	run_4	run_5	run_6	run_7	run_8	run_9	run_10	run_11	run_12	run_13	run_14	run_15	run_16	run_17	run_18	run_19	run_20	run_21	run_22	run_23	run_24	run_25	run_26	run_27	run_28	run_29	run_30	run_31	run_32	run_33	run_34	run_35	run_36	run_37	run_38	run_39	run_40	run_41	run_42	run_43	run_44	run_45	run_46	run_47	run_48	run_49	run_50	run_51	mean	elapsed_time	evals
0	ODE/best/1/bin	2	30	0.5	8.833239917294122e-09	9.842665349424351e-09	9.995432037612773e-09	9.504276476945961e-09	9.353158247904503e-09	9.742336715135025e-09	9.870632311503869e-09	9.970847258955473e-09	9.958853297575843e-09	9.716529802972218e-09	9.045152182807215e-09	9.748589491209714e-09	9.715819260236458e-09	9.448115179111483e-09	9.191751360049238e-09	9.796792710403679e-09	9.025967528941692e-09	9.890101182463695e-09	9.755922292242758e-09	9.663637001722236e-09	9.95652271740255e-09	8.810957297100686e-09	9.830898761720164e-09	9.90658577393333e-09	9.641894394007977e-09	9.995716254707077e-09	9.696805136627518e-09	9.802022304938873e-09	9.994693073167582e-09	9.746798923515598e-09	9.819984825298889e-09	9.424951485925703e-09	8.784212468526675e-09	9.621572871765238e-09	9.733469141792739e-09	9.843091675065807e-09	9.992277227865998e-09	7.020503289822955e-09	9.66531388257863e-09	9.645845011618803e-09	8.659384320708341e-09	9.85525616670202e-09	7.271125923580257e-09	9.975366310754907e-09	9.973263104257057e-09	8.724470035303966e-09	9.783036603039363e-09	9.909911113936687e-09	9.848037052506697e-09	9.624443464417709e-09	9.706496939543285e-09	9.535975042287164e-09	2:32:42	59250
