	algorithm	#Fc	D	percFES	run_1	run_2	run_3	run_4	run_5	run_6	run_7	run_8	run_9	run_10	run_11	run_12	run_13	run_14	run_15	run_16	run_17	run_18	run_19	run_20	run_21	run_22	run_23	run_24	run_25	run_26	run_27	run_28	run_29	run_30	run_31	run_32	run_33	run_34	run_35	run_36	run_37	run_38	run_39	run_40	run_41	run_42	run_43	run_44	run_45	run_46	run_47	run_48	run_49	run_50	run_51	mean	elapsed_time	evals
0	ODE/best/1/bin	2	30	0.01	39130102509.02247	25504350520.377625	37015667484.2638	27995868688.860126	33127065017.194668	42694949908.27995	36090969894.12915	30829953828.722107	36430124457.72476	31667544583.893974	39889487834.05271	39252962331.968666	49798169367.42475	29917692130.19946	31606256692.453346	34172152435.367172	27379218606.280815	42019623530.86528	59116826209.09337	38744611151.49905	40392215702.9083	39811512104.58513	44146618681.32535	30273346694.3334	49873689913.564606	40652338206.81482	31336080855.225456	37573006827.40731	48817190921.69481	32421524722.22946	33888991918.19621	43289383731.287	41075970018.10444	28803508462.56985	26108176925.306034	47414935939.68723	33047490022.27168	42598050120.273834	39454714256.76679	33706760094.36031	35041029686.02032	38478688488.84726	44557702059.39432	35711995849.87504	38487677199.39934	48812572456.19951	31434682084.74155	52667852017.89515	29203268651.021576	29774082481.04699	40481998339.85808	37680797110.095764	0:12:00	2910
