	algorithm	#Fc	D	percFES	run_1	run_2	run_3	run_4	run_5	run_6	run_7	run_8	run_9	run_10	run_11	run_12	run_13	run_14	run_15	run_16	run_17	run_18	run_19	run_20	run_21	run_22	run_23	run_24	run_25	run_26	run_27	run_28	run_29	run_30	run_31	run_32	run_33	run_34	run_35	run_36	run_37	run_38	run_39	run_40	run_41	run_42	run_43	run_44	run_45	run_46	run_47	run_48	run_49	run_50	run_51	mean	elapsed_time	evals
0	ODE/best/1/bin	2	30	0.01	1360356261.2789674	1783885776.4854465	2209733926.7331815	1908547467.0276	3655540982.238785	1560129198.9157803	1340357406.3050456	1739402364.8100395	2690063034.8514924	2527011696.613219	1529998628.1998575	1261984678.4219573	2350783166.244967	2671629235.04088	2506925223.028223	1509948842.8908596	2926304821.3234324	1207384005.1456432	1971076579.5707238	584580378.7677009	2256354736.379247	3548550290.226262	912835625.5331346	2074597588.2735891	2058513352.0435994	2971076811.228418	2348957303.08942	1774375814.7563326	2027704548.6165454	989836681.202195	3328258457.5568495	3097751403.5782137	1463943050.979443	1870398879.6930845	1756834584.0694044	1805010315.1085777	3185268705.0434566	1216206966.716987	2433082439.676189	4378675540.934727	2539171560.262362	1136625566.7575488	2199058487.5852838	1185952983.2302837	3571055311.361157	3776131555.3059154	3850909506.147119	1325111966.2733183	1602333215.448044	1687342213.3060622	3250051315.786106	2174855302.942405	0:06:05	2970
