	algorithm	#Fc	D	percFES	run_1	run_2	run_3	run_4	run_5	run_6	run_7	run_8	run_9	run_10	run_11	run_12	run_13	run_14	run_15	run_16	run_17	run_18	run_19	run_20	run_21	run_22	run_23	run_24	run_25	run_26	run_27	run_28	run_29	run_30	run_31	run_32	run_33	run_34	run_35	run_36	run_37	run_38	run_39	run_40	run_41	run_42	run_43	run_44	run_45	run_46	run_47	run_48	run_49	run_50	run_51	mean	elapsed_time	evals
0	ODE/best/1/bin	2	30	0.4	764906618.0280606	1672145006.51199	1073180262.3559346	532545503.05631274	1165209595.4764242	2378124505.5830483	1121787170.3472762	418746190.38183844	3579344257.0094585	3091208392.6617107	2859578058.060259	1185747553.235122	251411515.50372478	2906556870.4052453	873701118.3027829	1608481590.522521	1448936043.8760545	1610593110.7955396	804267556.1546433	856813509.9916043	1359588163.6724873	727654007.2699834	1033675961.1514208	700099187.9024298	1671117204.0465279	1872307934.5501113	1135304399.5835311	781082392.7897282	1259827878.4743013	2246848924.5866613	659756132.5956869	1001504523.9950111	292546056.6036247	1282877196.3945334	477138881.71871835	851608755.4335392	1639513197.6055505	554130387.3886046	1104133213.632988	1577701408.3895905	1237298986.7624724	1891476372.4575763	2571097602.8029423	921538148.9249752	1197424397.2711973	553827095.170342	1663921276.993628	837252483.2747805	1540899418.898334	907115825.1524261	1895000221.7246141	1326442197.3623114	10:13:45	116160
