	algorithm	#Fc	D	percFES	run_1	run_2	run_3	run_4	run_5	run_6	run_7	run_8	run_9	run_10	run_11	run_12	run_13	run_14	run_15	run_16	run_17	run_18	run_19	run_20	run_21	run_22	run_23	run_24	run_25	run_26	run_27	run_28	run_29	run_30	run_31	run_32	run_33	run_34	run_35	run_36	run_37	run_38	run_39	run_40	run_41	run_42	run_43	run_44	run_45	run_46	run_47	run_48	run_49	run_50	run_51	mean	elapsed_time	evals
0	ODE/best/1/bin	2	30	0.7	9.230632258550031e-09	9.757087582329405e-09	9.861793159871013e-09	9.941231837728992e-09	9.727415317684063e-09	9.986365512304474e-09	9.83695258582884e-09	9.351168728244375e-09	9.864976391327218e-09	8.87172291186289e-09	9.99736471385404e-09	9.621999197406694e-09	9.952145774150267e-09	9.910280596159282e-09	9.886321095109452e-09	9.626887731428724e-09	9.61330215432099e-09	9.775362741493154e-09	9.846019111137139e-09	9.952913160304888e-09	9.736993433762109e-09	9.55412815528689e-09	9.470170425629476e-09	9.934410627465695e-09	9.99310145743948e-09	9.766921493792324e-09	9.502514330961276e-09	9.938020184563356e-09	9.91502702163416e-09	9.397695066581946e-09	9.887827445709263e-09	9.658720045990776e-09	9.06103991837881e-09	9.660766409069765e-09	9.987871862904285e-09	9.63501634032582e-09	9.809326684262487e-09	9.866994332696777e-09	9.996853123084293e-09	9.279375490223174e-09	9.838089454206056e-09	9.725482641442795e-09	9.926679922500625e-09	9.691916602605488e-09	9.971245162887499e-09	9.783605037227971e-09	9.905818387778709e-09	9.981448556573014e-09	9.627171948523028e-09	9.509392384643434e-09	9.572062253937474e-09	9.729365269866356e-09	2:32:59	71610
