	algorithm	#Fc	D	percFES	run_1	run_2	run_3	run_4	run_5	run_6	run_7	run_8	run_9	run_10	run_11	run_12	run_13	run_14	run_15	run_16	run_17	run_18	run_19	run_20	run_21	run_22	run_23	run_24	run_25	run_26	run_27	run_28	run_29	run_30	run_31	run_32	run_33	run_34	run_35	run_36	run_37	run_38	run_39	run_40	run_41	run_42	run_43	run_44	run_45	run_46	run_47	run_48	run_49	run_50	run_51	mean	elapsed_time	evals
0	ODE/best/1/bin	2	30	1.0	12712458.073486304	2339113.018909485	10825504.169783877	14167420.730626557	511563.0978102383	11685625.667567115	9663617.66773328	27084065.304780964	1515639.0385406958	7080312.266189384	68286249.04256175	11030336.348655391	12046143.622163063	21483652.0146423	34911781.27916972	2483088.6750878915	5942855.172750825	579966.0045209926	1847742.3539729097	23979536.212965302	3082827.7698795325	1070272.0382290105	7185223.16466084	29732874.862473477	6849090.042196181	2659172.8451473736	24359257.080130816	1446906.348766887	798634.1794612677	844054.7775663907	1128326.657456929	2556167.1310753366	2928566.2218679776	4308701.420947546	14163610.264618305	13367579.651633171	5377075.503415551	51446869.79650901	7034848.705575877	1009315.167374891	3800427.2224919903	3237766.4412410026	848320.5649056783	1196828.8584275173	8520196.081972942	5923635.879078988	2597891.838700004	26609213.476110823	9792822.50807133	2036679.7942901396	29203329.26364397	10888101.08470272	17:51:49	290340
