	algorithm	#Fc	D	percFES	run_1	run_2	run_3	run_4	run_5	run_6	run_7	run_8	run_9	run_10	run_11	run_12	run_13	run_14	run_15	run_16	run_17	run_18	run_19	run_20	run_21	run_22	run_23	run_24	run_25	run_26	run_27	run_28	run_29	run_30	run_31	run_32	run_33	run_34	run_35	run_36	run_37	run_38	run_39	run_40	run_41	run_42	run_43	run_44	run_45	run_46	run_47	run_48	run_49	run_50	run_51	mean	elapsed_time	evals
0	ODE/best/1/bin	6	10	0.01	10.056393933303184	10.507207043059452	9.481211360122984	9.254668832310244	11.33116046744317	11.254102705255036	11.397362277558727	9.617276226373065	11.726351354370763	10.746073852899713	9.854117889660074	10.32197901428583	9.592784856313301	11.192336380944312	10.030535659947304	9.896186012571206	11.40092104520204	8.611000495836834	11.979870937307965	10.249480286386529	10.787900542851503	10.558373495580668	10.13182053721539	10.349338768452185	10.40457472045955	7.53889262558414	10.665860295397806	10.950885611577291	11.407484269947417	9.596950094566068	10.787929136670982	9.722785835088075	10.390502826047282	11.61633327459424	10.454961750482767	10.660636736373249	10.152380191624047	10.758615420189585	10.123812587106613	11.504903983575446	10.153871369481749	11.117732193537904	9.085772432640965	10.538652225470287	10.393048991915862	10.718309308755693	10.527873718868818	11.146542310057953	9.263345884698651	8.274729145195579	10.330378806985891	10.365023916120498	0:02:35	990
