	algorithm	#Fc	D	percFES	run_1	run_2	run_3	run_4	run_5	run_6	run_7	run_8	run_9	run_10	run_11	run_12	run_13	run_14	run_15	run_16	run_17	run_18	run_19	run_20	run_21	run_22	run_23	run_24	run_25	run_26	run_27	run_28	run_29	run_30	run_31	run_32	run_33	run_34	run_35	run_36	run_37	run_38	run_39	run_40	run_41	run_42	run_43	run_44	run_45	run_46	run_47	run_48	run_49	run_50	run_51	mean	elapsed_time	evals
0	ODE/best/1/bin	6	10	0.5	1.5352935925202473	1.8494507816998293	0.000514321241325888	0.2642292982496883	0.004114577424957133	1.5763518223330948	4.625148241942043	7.870994522818364e-09	1.0617031635810008	6.47003162157489e-09	0.0010286442551432629	0.00011296862146537023	7.682956493226811e-09	1.5005144227176288	0.23104201312810346	9.188056537823286e-09	1.5	7.997073225851636e-09	0.9839555568809146	0.8945432708430872	3.897431735584405	3.1079660218335903	8.569145393266808e-09	1.500064277182787	1.9650317329252402	3.372757964648258	0.016458185538226644	0.004628898666396708	1.5763588823148211	1.5658297140474815	1.5002902144493646	6.725485945935361e-09	8.96750407264335e-09	1.5	1.0830919015260179	0.0018074981122708778	1.7031745158626563	8.563574738218449e-09	0.00025715860999753204	9.337895789940376e-09	1.7309777359453165	1.264859378552046	1.751679748201468	0.2646583764045545	1.5007570218562023	0.0036792728491263915	7.215173525310092e-05	8.965457709564362e-09	1.8940727778316386	9.046630111697596e-09	0.11563743550902927	0.9284224583335193	1:30:38	48780
