	algorithm	#Fc	D	percFES	run_1	run_2	run_3	run_4	run_5	run_6	run_7	run_8	run_9	run_10	run_11	run_12	run_13	run_14	run_15	run_16	run_17	run_18	run_19	run_20	run_21	run_22	run_23	run_24	run_25	run_26	run_27	run_28	run_29	run_30	run_31	run_32	run_33	run_34	run_35	run_36	run_37	run_38	run_39	run_40	run_41	run_42	run_43	run_44	run_45	run_46	run_47	run_48	run_49	run_50	run_51	mean	elapsed_time	evals
0	ODE/best/1/bin	6	10	0.9	0.008833551092152447	6.95683866069885e-09	0.0009037490860919206	0.15111514194825304	0.05783522562194321	8.701931619725656e-09	0.05796377998751723	1.5001285747763404	1.5040158883958838	0.025297857925920653	5.7956413002102636e-09	0.004114577424957133	0.5189650233762677	0.26260418596950785	0.02891944702287219	1.6004908047762e-05	0.02891944702287219	9.50490175455343e-09	1.5010323238619776	0.14569397357456637	1.6601661831339243	7.059981726342812e-06	3.5144607863912825e-06	0.010437533968342905	1.5102557150593157	2.951870185102166	0.9921847005655309	1.5744219859365103	0.008261259200594395	6.182972356327809e-09	1.9114142817253423	1.5763518223330948	9.927816790877841e-09	0.016522462721013653	2.578412350826625	0.014401010274582404	0.8968264972750148	0.0004596919156938384	0.001028644255029576	0.11563743550902927	9.563450475980062e-09	3.2115515978148323e-05	0.15086662447606614	9.397467692906503e-09	1.5018074981121572	6.427718278700922e-05	6.080554267589719	3.291975006427492	4.499999999999886	9.057089300767984e-09	1.7624735127617441	0.7627998914390869	2:10:17	87780
