	algorithm	#Fc	D	percFES	run_1	run_2	run_3	run_4	run_5	run_6	run_7	run_8	run_9	run_10	run_11	run_12	run_13	run_14	run_15	run_16	run_17	run_18	run_19	run_20	run_21	run_22	run_23	run_24	run_25	run_26	run_27	run_28	run_29	run_30	run_31	run_32	run_33	run_34	run_35	run_36	run_37	run_38	run_39	run_40	run_41	run_42	run_43	run_44	run_45	run_46	run_47	run_48	run_49	run_50	run_51	mean	elapsed_time	evals
0	ODE/best/1/bin	6	10	0.3	0.0003233433563991639	9.41281541599892e-09	0.004114577424957133	2.8242080134077696e-05	0.9932149882964723	7.95228061178932e-09	1.9592817859447678	1.262726464604043	3.51445942214923e-06	0.00029616989831993124	0.8945432708430872	0.03297973118412756	1.8503769897664597	1.5	7.155108505685348e-09	2.8242079793017183e-05	1.994136263233031	0.556997301187721	8.875645107764285e-09	1.5906785879980134	4.778371476277243e-09	8.795609574008267e-09	0.9839555568809146	4.185256111253921	0.0036149956663393823	0.5189971850431903	1.5339440982563701	0.9839555568809146	0.9839555568809146	1.5164581855382266	7.95159849076299e-09	6.714003575325478e-09	6.891696102684364e-09	0.00012857477622674196	9.756604413269088e-09	7.857238415454049e-09	2.3945754284394525	5.3477151595870964e-09	7.981270755408332e-09	1.5289515625390777	0.008245148592777696	1.6316353001726611	0.09873810806709571	9.997734196076635e-09	0.9839555568809146	0.00012003757842649065	9.567656888975762e-09	9.57106749410741e-09	7.700350579398219e-09	1.5763518223330948	1.500064277182787	0.6484829935613102	1:02:50	29250
