	algorithm	#Fc	D	percFES	run_1	run_2	run_3	run_4	run_5	run_6	run_7	run_8	run_9	run_10	run_11	run_12	run_13	run_14	run_15	run_16	run_17	run_18	run_19	run_20	run_21	run_22	run_23	run_24	run_25	run_26	run_27	run_28	run_29	run_30	run_31	run_32	run_33	run_34	run_35	run_36	run_37	run_38	run_39	run_40	run_41	run_42	run_43	run_44	run_45	run_46	run_47	run_48	run_49	run_50	run_51	mean	elapsed_time	evals
0	ODE/best/1/bin	6	10	0.7	0.9839767377550288	6.724121703882702e-09	3.119552549450418	5.00002163194813	3.2309777359452028	8.721144695300609e-09	5.648428373206116e-05	0.8945432708430872	0.0009037490860919206	0.029823196108964112	0.8945432708430872	3.0	0.459317415921646	0.018607525350830656	0.01857450473778499	4.998696567781735e-09	0.002322748975416289	1.5	7.8017592386459e-09	0.00045187454406914185	0.0005143212414395748	1.6004908275135676e-05	0.001112069339228583	8.433858056378085e-09	8.480469659843948e-09	6.427718278700922e-05	8.664414963277522e-09	7.610537977598142e-09	9.498194231127854e-09	0.016474190446388093	1.5020572891648953	2.024424681184769	1.6222566419188524	1.5947713431729653	1.5749105045870238e-05	1.5	1.4442430285554337	1.0794534309789015	0.26660268485306915	1.5000321155162055	0.06506521192284254	0.23097773594531645	1.0672945769780426	0.9878203441580808	8.192273526219651e-09	6.427718278700922e-05	8.672486728755757e-09	0.8945432708430872	1.0638138219645725	1.0015705764981249	0.0018074981122708778	0.7258562338189182	1:51:29	68280
