	algorithm	#Fc	D	percFES	run_1	run_2	run_3	run_4	run_5	run_6	run_7	run_8	run_9	run_10	run_11	run_12	run_13	run_14	run_15	run_16	run_17	run_18	run_19	run_20	run_21	run_22	run_23	run_24	run_25	run_26	run_27	run_28	run_29	run_30	run_31	run_32	run_33	run_34	run_35	run_36	run_37	run_38	run_39	run_40	run_41	run_42	run_43	run_44	run_45	run_46	run_47	run_48	run_49	run_50	run_51	mean	elapsed_time	evals
0	ODE/best/1/bin	6	10	0.01	8.338599461526087	8.281895903371606	9.81935239122879	10.170569503923616	8.079307283807566	8.767502854442796	6.974873529194156	7.980338081895411	9.37147554842386	10.333233951746251	8.628201619651804	7.384707470554645	10.620014132307347	8.966999189023113	9.172159065797246	6.920044873010511	9.520951581699478	10.009707282188401	9.957114533198592	8.569047280025416	8.852761391288823	9.658879491977359	6.2034128033127445	8.901140308496338	11.31169198639725	8.952940054638589	8.597255572606855	9.186514299959754	7.167434444234459	8.122014255648992	10.771540657627156	10.615649452599087	8.152941886531607	11.304615388148704	8.265880139095657	10.287365654247765	7.96502407678247	8.775103535085805	8.721809904335828	7.228985664062975	9.204267645321352	8.767277265180041	10.4358415729248	9.531759200397005	11.02388531786005	8.059442451892323	7.276618613098435	9.325573983017193	9.731812848715663	8.855811036184036	8.811611705561745	8.97907761067152	0:02:39	990
