	algorithm	#Fc	D	percFES	run_1	run_2	run_3	run_4	run_5	run_6	run_7	run_8	run_9	run_10	run_11	run_12	run_13	run_14	run_15	run_16	run_17	run_18	run_19	run_20	run_21	run_22	run_23	run_24	run_25	run_26	run_27	run_28	run_29	run_30	run_31	run_32	run_33	run_34	run_35	run_36	run_37	run_38	run_39	run_40	run_41	run_42	run_43	run_44	run_45	run_46	run_47	run_48	run_49	run_50	run_51	mean	elapsed_time	evals
0	ODE/best/1/bin	6	10	0.2	1.5001285747769089	9.547534318699036e-09	5.781885192845948e-09	6.507207217509858e-09	1.3035768233748968e-06	7.376911526080221e-09	1.4686554550280562e-07	0.00896505853245344	1.5001285939100626	3.2115523936226964e-05	0.9839837989660509	1.8203089132255172	0.06583090800336322	2.484068525509315	7.346087141022053	3.0763519218008923	9.84118742053397e-09	4.42469890913344e-05	1.5763518234534786	0.002057297323062812	0.007229986307379477	7.755488695693202e-09	7.503786036977544e-09	1.923422132676933e-08	8.488882485835347e-09	3.0696461980712684	1.5037435704572317	0.5189329149599189	0.24862746372537003	0.18146175413585297	7.884834758442594e-07	1.500016004911572	1.6228674218465358	0.8945432708444514	2.491564477478505	1.5028884647413179	3.3463207400924375	0.45928178614940407	2.484866131887884	0.0009178701010341683	0.4592817859451088	1.5763518223340043	0.00822914369132377	0.467485843916279	0.03533331888968405	1.5763518271349994	0.005244263781378322	1.0758384357206978	3.3784988278493984	6.706750355078839e-08	4.069744787567856	1.0362668513648536	0:47:54	19530
