	algorithm	#Fc	D	percFES	run_1	run_2	run_3	run_4	run_5	run_6	run_7	run_8	run_9	run_10	run_11	run_12	run_13	run_14	run_15	run_16	run_17	run_18	run_19	run_20	run_21	run_22	run_23	run_24	run_25	run_26	run_27	run_28	run_29	run_30	run_31	run_32	run_33	run_34	run_35	run_36	run_37	run_38	run_39	run_40	run_41	run_42	run_43	run_44	run_45	run_46	run_47	run_48	run_49	run_50	run_51	mean	elapsed_time	evals
0	ODE/best/1/bin	6	30	0.9	10.381635545211225	14.203065395877502	11.800564062644185	14.881927599374194	11.956874881144017	18.3206748074316	15.170250596207211	19.4141820043219	11.068997042213255	19.115566230760464	10.9066412023152	6.641141861588721	15.384181711454517	10.718001920074471	8.740124138684223	13.17775085491246	17.34948073078067	17.07499251305103	20.829886075661875	18.23364282423779	14.959536479459075	12.852239809559137	25.947814142166635	12.479078623133091	6.1146976209982995	6.322784887995567	11.28975487961759	13.331136441770013	9.73676487826026	14.925248099399482	14.010476954545993	15.065045113735323	14.50665164564316	15.461153860801687	12.720923484386162	14.002269129046681	14.653845835964148	12.702799811159252	6.417902967955911	17.955144564907073	13.974600240238146	11.240100455448442	10.485063513882096	8.60857899470841	14.526064651050774	13.550376791769622	9.504979189789879	9.285069565207891	17.379709121063343	14.427822552251996	15.0792562724248	13.507577893652675	7:52:33	263280
