	algorithm	#Fc	D	percFES	run_1	run_2	run_3	run_4	run_5	run_6	run_7	run_8	run_9	run_10	run_11	run_12	run_13	run_14	run_15	run_16	run_17	run_18	run_19	run_20	run_21	run_22	run_23	run_24	run_25	run_26	run_27	run_28	run_29	run_30	run_31	run_32	run_33	run_34	run_35	run_36	run_37	run_38	run_39	run_40	run_41	run_42	run_43	run_44	run_45	run_46	run_47	run_48	run_49	run_50	run_51	mean	elapsed_time	evals
0	ODE/best/1/bin	6	30	0.6	35.06924398701415	33.20138408214018	32.301975562786424	35.316163660223424	36.9060914500169	32.8667239824847	27.25225683383576	28.888953793963537	34.389147377190966	26.963094144327215	33.10191132487603	30.951415759049496	24.108192585447455	25.72687950292675	29.621861268466432	29.67973876756605	34.038379497427854	36.07226627793011	30.525675019512846	36.274139699981106	29.910191919521253	32.19919681123554	21.13624462531027	34.61162856681358	30.402952744079357	28.939808639543116	32.33023458066805	29.20717573640843	29.628171948935915	29.24978425790789	34.23444977148779	27.763089912113287	32.034275101031085	31.4875843329894	37.17147449312279	30.84950998283091	33.37848198094957	28.913847573304906	30.924655560410542	32.41829357522181	30.23691563011107	32.487406616914086	32.20842547327641	24.750652097620787	29.388799011453443	30.532169119017794	33.660970427401594	30.09935768376431	28.017578663343784	23.255288039937568	22.98059176697018	30.738523553350277	13:55:49	174210
