	algorithm	#Fc	D	percFES	run_1	run_2	run_3	run_4	run_5	run_6	run_7	run_8	run_9	run_10	run_11	run_12	run_13	run_14	run_15	run_16	run_17	run_18	run_19	run_20	run_21	run_22	run_23	run_24	run_25	run_26	run_27	run_28	run_29	run_30	run_31	run_32	run_33	run_34	run_35	run_36	run_37	run_38	run_39	run_40	run_41	run_42	run_43	run_44	run_45	run_46	run_47	run_48	run_49	run_50	run_51	mean	elapsed_time	evals
0	ODE/best/1/bin	6	30	0.2	10.607134102231726	9.768324116117242	17.069350558029896	10.001742781399571	9.405265229251427	15.39517311185	9.854420902512857	10.703105980111673	14.70834230540288	12.774157543990214	11.117751334362538	11.910923008469695	11.868742241730274	18.744972274515703	9.657167152822126	9.101543580919383	14.286804116157214	13.82715273722954	10.992701262219157	11.562121214536432	14.688463689590208	13.304785429101116	12.33939773040629	14.270825077309382	8.693151895047777	7.652224897444626	12.311525133417717	16.49624612688683	14.879182505518884	8.579935014044736	13.21808384876249	10.078578968988609	11.714815886384713	14.526456726474407	18.281268429388774	16.261044346640006	11.906146038813631	18.558151247851924	11.20055867080373	14.101687666439943	18.052141610430226	18.318300295898553	12.638063932471368	8.587564160871807	18.92314874501824	14.121574341486507	9.817677519350468	12.563060919139502	8.929181228739708	16.704462219458946	11.416186360396068	12.872368357185033	2:21:29	58500
