	algorithm	#Fc	D	percFES	run_1	run_2	run_3	run_4	run_5	run_6	run_7	run_8	run_9	run_10	run_11	run_12	run_13	run_14	run_15	run_16	run_17	run_18	run_19	run_20	run_21	run_22	run_23	run_24	run_25	run_26	run_27	run_28	run_29	run_30	run_31	run_32	run_33	run_34	run_35	run_36	run_37	run_38	run_39	run_40	run_41	run_42	run_43	run_44	run_45	run_46	run_47	run_48	run_49	run_50	run_51	mean	elapsed_time	evals
0	ODE/best/1/bin	6	30	0.4	14.465600304944246	7.6519371604204025	14.481403275412276	13.732516855377185	14.269336770625955	20.72565692703529	9.073203467646863	10.888786545532298	12.983829253188219	6.937988081192543	17.092428325142123	17.26133326733202	15.20396945739867	9.219268842899623	15.978122561259966	10.384678407954993	12.358556514761744	13.301469076233843	14.668266475282053	16.13391409325868	11.575691953560181	16.786455354127156	5.558286447546379	9.275828771726083	17.080876713027237	16.436578757392795	9.807873230650216	14.311842729450746	11.421850333460725	10.168708986557476	15.543721426730372	8.066402484047217	11.87538081707362	15.956315042330516	14.776008546483922	9.588515650510772	12.606856410454839	11.667636827821411	12.861147683049012	14.712335206360649	16.830678948547984	13.377259204284996	10.311592478590228	11.421592450622711	9.471384842471934	5.669864211723848	11.29743742932942	8.131253495639498	16.61729317817526	13.1774770160971	14.826430297910633	12.706330246836352	4:20:16	117030
