	algorithm	#Fc	D	percFES	run_1	run_2	run_3	run_4	run_5	run_6	run_7	run_8	run_9	run_10	run_11	run_12	run_13	run_14	run_15	run_16	run_17	run_18	run_19	run_20	run_21	run_22	run_23	run_24	run_25	run_26	run_27	run_28	run_29	run_30	run_31	run_32	run_33	run_34	run_35	run_36	run_37	run_38	run_39	run_40	run_41	run_42	run_43	run_44	run_45	run_46	run_47	run_48	run_49	run_50	run_51	mean	elapsed_time	evals
0	ODE/best/1/bin	6	30	0.1	39.36335478033084	38.22736471073097	39.570664740440634	37.27574845686752	35.89507711584724	38.933052109393884	31.777850044454908	35.85609892890045	38.02765415707256	38.35806605376422	33.863656858746594	36.768000207436785	30.008534323170807	37.27042650759074	37.359159301158115	36.692533981752945	35.154089548596176	37.07879107571989	35.1496825291249	37.761927045230436	38.81753844593641	37.47970168092968	40.14955598187362	37.58007227493749	38.36764602986693	35.52305829058355	36.65067487937836	40.73588257203107	31.933309575340218	36.96587580913456	35.40633155669536	32.52473656400355	39.31548811317043	34.38287404296159	33.750688679132736	39.63399845587719	35.12701188865958	37.82552906625074	37.50342332704167	34.93198824575438	35.3703087603202	40.94492750898121	34.88956050461104	34.47753702254431	36.20580809332262	37.40292578204139	37.62608069671592	34.313414330773185	37.628961517942	30.794310788707662	37.255264678358685	36.507965051768785	2:50:24	29040
