	algorithm	#Fc	D	percFES	run_1	run_2	run_3	run_4	run_5	run_6	run_7	run_8	run_9	run_10	run_11	run_12	run_13	run_14	run_15	run_16	run_17	run_18	run_19	run_20	run_21	run_22	run_23	run_24	run_25	run_26	run_27	run_28	run_29	run_30	run_31	run_32	run_33	run_34	run_35	run_36	run_37	run_38	run_39	run_40	run_41	run_42	run_43	run_44	run_45	run_46	run_47	run_48	run_49	run_50	run_51	mean	elapsed_time	evals
0	ODE/best/1/bin	6	30	0.2	35.91295532196398	36.59879270460647	34.08464796169835	35.06110643533282	34.76354580367433	34.198844623393825	35.0017419216515	37.43448821284437	37.44150579269808	36.112170793650535	34.7601550417794	38.46298349916674	36.34081171819366	33.73207612090641	35.65899062338872	36.7201531441234	37.77305303736716	37.709811742975944	37.04908918721708	35.68605779307575	33.696824047840096	37.14179552191945	36.13914403209219	33.821639813739694	32.898115532535485	36.671736108286495	33.40446703521195	34.02379477957447	38.10445989469076	31.407119364998607	34.78988702461572	36.8037312558356	36.175345014285085	33.97772407563116	35.497199994318294	34.4947387719759	35.69932093115244	33.48555718621401	36.93208581271915	31.70776500785007	35.295216351988074	32.21930026981795	37.71066784640948	37.58950773829588	32.30098272507814	37.067615972049225	32.380754674449236	36.097408001438225	30.123487015861997	32.05326508296275	32.468478679445525	35.15062974594101	5:39:37	58080
