	algorithm	#Fc	D	percFES	run_1	run_2	run_3	run_4	run_5	run_6	run_7	run_8	run_9	run_10	run_11	run_12	run_13	run_14	run_15	run_16	run_17	run_18	run_19	run_20	run_21	run_22	run_23	run_24	run_25	run_26	run_27	run_28	run_29	run_30	run_31	run_32	run_33	run_34	run_35	run_36	run_37	run_38	run_39	run_40	run_41	run_42	run_43	run_44	run_45	run_46	run_47	run_48	run_49	run_50	run_51	mean	elapsed_time	evals
0	ODE/best/1/bin	6	30	0.3	36.95038666532082	33.12358733955193	33.27214172154038	36.330474356786	33.58164090544608	33.58794766584958	32.95442324714736	30.337550383171447	37.21728166117248	36.77235580632441	36.83065095933125	37.31002586281181	36.04969636677811	34.384729248732356	33.829363020312144	37.57659117932519	30.383848863246726	35.62289526328311	32.78643619007153	34.05931653046741	32.54527696800085	36.23984932149824	34.082170596105016	37.66306901362839	33.34617853429529	29.74162516596664	33.95985317815882	34.197063292437406	31.866303161524797	35.11753147359525	26.77590701797783	38.06813448475225	32.78717319875773	34.05782891483136	29.852753503803683	35.06441976398173	31.511944363494422	33.36489616214851	33.4020774482359	37.90589719063655	34.268168287214735	35.909972641542026	31.371697391479756	35.70060500417219	31.19610471043552	36.34324371574928	35.43315490886448	32.425384522750505	38.45634841119852	34.666310207396236	29.731928498379716	34.11792577038596	8:09:06	87120
