	algorithm	#Fc	D	percFES	run_1	run_2	run_3	run_4	run_5	run_6	run_7	run_8	run_9	run_10	run_11	run_12	run_13	run_14	run_15	run_16	run_17	run_18	run_19	run_20	run_21	run_22	run_23	run_24	run_25	run_26	run_27	run_28	run_29	run_30	run_31	run_32	run_33	run_34	run_35	run_36	run_37	run_38	run_39	run_40	run_41	run_42	run_43	run_44	run_45	run_46	run_47	run_48	run_49	run_50	run_51	mean	elapsed_time	evals
0	ODE/best/1/bin	6	30	0.4	30.57417600171459	35.26352134351532	37.42873890420799	34.324289344564136	32.237553430657044	35.43160354121039	26.5656446568089	35.12336991727534	27.586713680901653	32.159724099821915	30.248162130785204	31.635198331184483	37.88788749126593	29.74693271434296	32.159552853536184	33.398471531323935	30.16801355304574	27.630110758514434	31.944203721535928	34.34359061385169	34.4277222832701	32.96545141356671	31.701991316404474	34.69426220932644	34.414626718604154	36.03818366480482	31.626435349343183	33.73719340352784	34.32154214934633	30.106133314910267	30.964831124203556	33.42146742090438	35.61629026338903	32.06396113480196	34.5941920506433	33.346510096689144	32.746893564945026	35.79231498669105	27.66626854374863	35.77857891862425	28.927248826355367	32.869680773884966	38.406734547007204	29.5045212285994	26.95905794310727	37.08558314939603	28.740256170418093	35.19161276150794	34.246970386490375	35.625881589494156	34.40658210649235	32.82051839275611	10:21:58	116160
