	algorithm	#Fc	D	percFES	run_1	run_2	run_3	run_4	run_5	run_6	run_7	run_8	run_9	run_10	run_11	run_12	run_13	run_14	run_15	run_16	run_17	run_18	run_19	run_20	run_21	run_22	run_23	run_24	run_25	run_26	run_27	run_28	run_29	run_30	run_31	run_32	run_33	run_34	run_35	run_36	run_37	run_38	run_39	run_40	run_41	run_42	run_43	run_44	run_45	run_46	run_47	run_48	run_49	run_50	run_51	mean	elapsed_time	evals
0	ODE/best/1/bin	6	30	0.7	31.288609900528172	36.78158522996489	29.141923378611978	26.001001067453444	23.977782694734742	29.43895647590375	27.495797087501614	37.02887060996591	30.39490536145729	33.654852580503416	28.13928308688969	36.166629505201286	31.738765315968863	24.84182406707623	32.151548112680075	27.67570114074249	36.64443111488072	29.731840532714386	34.311943718675366	28.767448522055588	30.22232312897654	32.60482683510577	28.266308686113007	33.09172408763254	26.285585627294495	31.910163953510732	37.100075186861545	32.08900573575272	33.37332913936609	35.34256429152924	23.537406601906696	32.685298315090904	34.39481331391676	26.826095863789874	26.028762129934876	34.18486185502604	30.317223272990873	29.49630484453087	30.385534999932133	37.61610177299053	27.98786558672691	35.09178763478417	28.2198522970441	34.873009387077786	35.49842516787828	29.322539031227734	38.04484148237384	32.479478087247344	31.926746744571574	32.016332566739834	30.10613913091379	31.30782404435975	15:12:55	203250
