	algorithm	#Fc	D	percFES	run_1	run_2	run_3	run_4	run_5	run_6	run_7	run_8	run_9	run_10	run_11	run_12	run_13	run_14	run_15	run_16	run_17	run_18	run_19	run_20	run_21	run_22	run_23	run_24	run_25	run_26	run_27	run_28	run_29	run_30	run_31	run_32	run_33	run_34	run_35	run_36	run_37	run_38	run_39	run_40	run_41	run_42	run_43	run_44	run_45	run_46	run_47	run_48	run_49	run_50	run_51	mean	elapsed_time	evals
0	ODE/best/1/bin	6	30	0.9	27.95872112742677	34.89145117115072	32.58613753467512	34.2662701074247	25.06501655347938	29.302558815412226	14.624861124886365	22.96879693262406	26.583392717855872	30.693770661900203	15.271785018480614	26.155958339612994	26.67228265253482	32.047839094971096	33.90390727238889	23.12852570055736	16.611225635297956	29.51501756782102	19.867258228523383	28.991044863557022	32.55594881808281	35.72802755231589	20.213014802100474	22.295077146813924	26.27499741087388	22.534640241841885	27.804737779162338	26.811395389033123	23.66366224628723	33.72641449516675	22.32488431872332	31.519161043526083	23.974904803220397	21.06628427826388	23.93147188236435	27.443449024091365	18.485982717494267	22.07700992505022	28.795809147271598	34.59697432378607	23.32105409644828	36.36427630582409	23.769223379517257	33.99456322619915	30.962594062324456	24.528454669207804	33.65301832181149	37.836221975032004	28.862970261619694	24.02037646814756	29.640196110587453	27.13495328123078	17:18:32	261300
