	algorithm	#Fc	D	percFES	run_1	run_2	run_3	run_4	run_5	run_6	run_7	run_8	run_9	run_10	run_11	run_12	run_13	run_14	run_15	run_16	run_17	run_18	run_19	run_20	run_21	run_22	run_23	run_24	run_25	run_26	run_27	run_28	run_29	run_30	run_31	run_32	run_33	run_34	run_35	run_36	run_37	run_38	run_39	run_40	run_41	run_42	run_43	run_44	run_45	run_46	run_47	run_48	run_49	run_50	run_51	mean	elapsed_time	evals
0	ODE/best/1/bin	6	30	0.1	13.7810696866336	14.815560912674414	11.645401030619155	11.960942146529078	6.714226538527782	17.471993539910272	18.10935560465782	10.53070540852093	17.909291026198503	15.24492507473201	15.053338010022344	13.725898031026304	12.347096580684365	13.41343608700845	18.966970387496872	9.959708016700006	17.312763268143954	19.315788799168104	7.177919213565588	13.770323389278701	14.458336564863544	11.86212192547066	11.017049957353947	15.902905953389904	10.72749041899931	19.4868294447773	11.227900004795515	13.872810180265674	13.294895845518568	16.216866890128586	9.9547372812076	10.99290110292418	11.024382491361848	15.1955849685055	11.480254879066592	11.126873751172525	13.798214122322406	14.365216803051112	8.922006900975589	12.331889592994344	11.691146298761169	12.08545414481398	13.068842288187511	14.757758287456227	14.90769343687225	15.99217335539106	23.98518853937651	14.782807370747378	14.544735825594103	15.704655693584073	11.989116405979303	13.725403009372677	1:10:57	29250
