	algorithm	#Fc	D	percFES	run_1	run_2	run_3	run_4	run_5	run_6	run_7	run_8	run_9	run_10	run_11	run_12	run_13	run_14	run_15	run_16	run_17	run_18	run_19	run_20	run_21	run_22	run_23	run_24	run_25	run_26	run_27	run_28	run_29	run_30	run_31	run_32	run_33	run_34	run_35	run_36	run_37	run_38	run_39	run_40	run_41	run_42	run_43	run_44	run_45	run_46	run_47	run_48	run_49	run_50	run_51	mean	elapsed_time	evals
0	ODE/best/1/bin	6	30	0.7	9.899785651214302	13.418654599527486	10.31044932540442	12.160852240836448	12.666356572541531	9.444065539067651	19.32685547280937	10.350441023368944	10.738857580930016	7.119931463382727	12.524685046554168	17.916706728792974	15.855463496465745	16.484330908947754	12.76332024676276	10.735173816368615	10.712992685159747	14.650906564113825	15.273669527828815	12.504994364971253	7.439405792376647	10.222256753659622	12.183169372656266	12.932590772753429	12.944330077659743	15.018814169493908	27.731261679825707	14.067541055669722	16.363959797126654	19.00658402674071	15.647591165077756	14.021456186968976	7.799848570300014	15.626440088776462	8.964211080684777	15.968070067904819	14.733199095211376	13.315169487203434	13.931743481432704	12.361036246059598	21.44736650079517	15.635761088218715	7.211042239146423	10.295806437412693	9.915161043352782	19.52844125537308	13.70873796263595	10.941272422164161	7.6487576096619705	16.675600275989837	5.201758831418829	13.202879950760794	6:38:58	204810
