	algorithm	#Fc	D	percFES	run_1	run_2	run_3	run_4	run_5	run_6	run_7	run_8	run_9	run_10	run_11	run_12	run_13	run_14	run_15	run_16	run_17	run_18	run_19	run_20	run_21	run_22	run_23	run_24	run_25	run_26	run_27	run_28	run_29	run_30	run_31	run_32	run_33	run_34	run_35	run_36	run_37	run_38	run_39	run_40	run_41	run_42	run_43	run_44	run_45	run_46	run_47	run_48	run_49	run_50	run_51	mean	elapsed_time	evals
0	ODE/best/1/bin	6	30	0.6	12.154878304398949	13.845518416604477	17.277944966773134	9.341733093591984	8.22497412816017	12.982708578002303	14.719861209179385	12.305186906041854	19.300698981495316	15.589430976737503	10.904924594405315	13.314499896887696	13.601850882723852	10.527097592123482	6.020662458305537	9.889229880319704	12.35456096163307	17.124232315506106	14.072720147197401	13.287954102315325	7.317727628304283	8.782189450621331	15.232398256131773	8.21227057354588	18.836265015239405	11.452843845892744	14.891502131192738	17.357532028838023	8.75552089050177	18.468798252423426	12.531868459911493	11.418079426218242	17.919028011614728	9.482530842258484	14.144017227981294	8.3584929245701	11.16571315160877	10.988983722408193	13.612435420213387	11.08001824799328	14.011360634045218	11.537898876385157	16.25488194655327	10.862063812205292	11.063004499283807	17.69190643897184	11.23960984776545	5.7289493161417795	11.363057778896518	12.168981158194129	10.100920030221232	12.52689251448109	5:56:28	175530
