	algorithm	#Fc	D	percFES	run_1	run_2	run_3	run_4	run_5	run_6	run_7	run_8	run_9	run_10	run_11	run_12	run_13	run_14	run_15	run_16	run_17	run_18	run_19	run_20	run_21	run_22	run_23	run_24	run_25	run_26	run_27	run_28	run_29	run_30	run_31	run_32	run_33	run_34	run_35	run_36	run_37	run_38	run_39	run_40	run_41	run_42	run_43	run_44	run_45	run_46	run_47	run_48	run_49	run_50	run_51	mean	elapsed_time	evals
0	ODE/best/1/bin	6	30	0.01	37.42507765457515	27.830890634546336	28.155134196993345	33.02484836413123	28.417543144698357	28.21206063114198	34.076047914157925	34.65220542196414	31.536391180871988	34.682651412275845	39.571893281097005	34.11462382964112	37.85030727706646	33.05868658717543	41.2028896596853	33.58989809880745	25.12909106931852	25.719256586145548	29.01869847582975	27.247780220273057	24.840063958171186	34.91637501280388	36.34917666930119	38.72802104368611	32.29065362118649	37.66947709148633	26.967450322091167	33.18318661613148	31.224232835588964	30.538192966083557	31.504393563616304	38.11755422834722	32.45705851773073	31.487222829634334	29.703980201872128	33.16308234612097	36.57314246526471	23.697602274721703	31.637384943099732	32.759345043531084	26.630781194038605	25.92490859964039	29.820024036228006	30.608854429550206	29.690062121008737	30.87779767772679	32.90712246710871	33.40014404393355	34.082485400171095	34.105457342684076	41.07531319610223	32.185225935275646	0:06:21	2940
