	algorithm	#Fc	D	percFES	run_1	run_2	run_3	run_4	run_5	run_6	run_7	run_8	run_9	run_10	run_11	run_12	run_13	run_14	run_15	run_16	run_17	run_18	run_19	run_20	run_21	run_22	run_23	run_24	run_25	run_26	run_27	run_28	run_29	run_30	run_31	run_32	run_33	run_34	run_35	run_36	run_37	run_38	run_39	run_40	run_41	run_42	run_43	run_44	run_45	run_46	run_47	run_48	run_49	run_50	run_51	mean	elapsed_time	evals
0	ODE/best/1/bin	6	30	0.01	38.830923994955924	44.15487030175916	38.346166867904344	38.13369493051914	41.66392661840757	44.02662226432972	38.66770542171025	40.79924353913157	40.75201897122054	41.64480971417004	41.684206267903505	40.96084764282125	41.92273084801616	41.805527244637005	42.865828321264416	41.99400560690401	43.62580716982461	40.56741354409428	41.4777683157954	40.49740574693351	39.85643261618543	40.82058640222522	40.83009551215832	43.39825687834991	44.19486036646538	42.21220949034375	40.97570176379725	41.81700676853859	44.0435309569699	42.91004897532923	36.88986865784511	42.31391786072845	44.96700771713381	41.742901990185146	43.33690503121534	42.62867586644131	40.433904490360874	41.46223530529835	38.63480274660458	41.94872168737106	41.3700268130392	38.98560341232485	40.75363200409868	39.278069560719814	40.86646838772583	44.07443826218832	40.955589032324156	41.62241788148674	43.99963178007863	43.75901483950349	39.917435817389446	41.47885337660252	0:10:29	2910
