	algorithm	#Fc	D	percFES	run_1	run_2	run_3	run_4	run_5	run_6	run_7	run_8	run_9	run_10	run_11	run_12	run_13	run_14	run_15	run_16	run_17	run_18	run_19	run_20	run_21	run_22	run_23	run_24	run_25	run_26	run_27	run_28	run_29	run_30	run_31	run_32	run_33	run_34	run_35	run_36	run_37	run_38	run_39	run_40	run_41	run_42	run_43	run_44	run_45	run_46	run_47	run_48	run_49	run_50	run_51	mean	elapsed_time	evals
0	ODE/best/1/bin	6	30	1.0	28.63141584932623	30.618345840937764	28.02348478896249	22.647795357040536	23.836500222553695	27.04206896971823	31.655339594469183	36.349402993382796	31.44354042135126	23.5709569159103	24.245979277240167	27.99361000929059	32.87071482712622	23.768157579049216	34.86464331870036	31.974988028874463	21.35265123820932	30.582722575110324	34.39429398197137	25.58484297583277	23.08390869698576	26.447107188092787	33.72727127151802	26.993030487358624	31.02701232904417	26.461159027555823	23.983812003090293	29.6033794738795	30.73183550938802	35.12429653976983	23.97057291610861	28.46542010954056	25.811668678211845	24.16539495154109	30.820626980592465	20.19270509904152	24.9663923898612	34.52765453622089	29.993307450537714	32.68648446856878	26.615161244496676	31.000984557350193	24.252548772522005	26.785026017897167	15.756924517500806	24.821179742484333	25.85613577348022	23.85834705481841	33.83198470427067	24.933097473384123	35.41824373096722	27.987531930610523	18:07:18	290340
