	algorithm	#Fc	D	percFES	run_1	run_2	run_3	run_4	run_5	run_6	run_7	run_8	run_9	run_10	run_11	run_12	run_13	run_14	run_15	run_16	run_17	run_18	run_19	run_20	run_21	run_22	run_23	run_24	run_25	run_26	run_27	run_28	run_29	run_30	run_31	run_32	run_33	run_34	run_35	run_36	run_37	run_38	run_39	run_40	run_41	run_42	run_43	run_44	run_45	run_46	run_47	run_48	run_49	run_50	run_51	mean	elapsed_time	evals
0	ODE/best/1/bin	6	30	0.5	15.727165801499154	16.713131421754724	14.385060017516594	14.27175521195386	10.81068458727566	10.867374022525496	16.53198068361371	15.646189484847582	14.385198863594837	12.804265973001066	16.80007365116728	15.360692662293559	9.360143952452177	9.500424087731403	11.08341641975403	15.13258249474086	11.231132089998368	8.683170864875251	19.60786673966504	10.016255652185123	8.253731512107152	11.97660690684711	10.400937420224636	10.871732230238422	13.738840154713557	18.135585787135483	17.33177546436093	16.83507817185307	10.058440760598842	14.246608843946774	14.852273766220833	9.434454869226329	15.414496509375567	9.676594999066538	15.172980054500044	11.488141924125102	27.071320817810715	14.635463761664255	14.522975614984261	15.81708825101316	13.91996803455902	12.6722211450234	9.195714333474712	16.490609846424945	10.758079690884074	13.657025716931798	11.00134558711602	20.413917601691537	13.862174509829174	11.075039322970042	9.9071180452014	13.564841300716955	5:11:30	146250
