	algorithm	#Fc	D	percFES	run_1	run_2	run_3	run_4	run_5	run_6	run_7	run_8	run_9	run_10	run_11	run_12	run_13	run_14	run_15	run_16	run_17	run_18	run_19	run_20	run_21	run_22	run_23	run_24	run_25	run_26	run_27	run_28	run_29	run_30	run_31	run_32	run_33	run_34	run_35	run_36	run_37	run_38	run_39	run_40	run_41	run_42	run_43	run_44	run_45	run_46	run_47	run_48	run_49	run_50	run_51	mean	elapsed_time	evals
0	ODE/best/1/bin	7	10	0.01	40.06025729086787	30.73127665447862	33.709811574747846	43.14461530525534	48.412617881421966	28.699629291574183	21.045928689715083	28.849101198587277	14.52084664543952	33.88041367384278	27.079878492746616	34.55149836464386	74.0794767774562	70.87703223973654	33.31217547584038	56.50128485558628	28.924085718601532	45.650939081156935	68.27006245921211	22.78024658732852	36.81193142303778	50.30459316889005	37.03121998684139	22.018609610894032	23.91155343807918	44.85449028012329	59.32189909097826	43.8311100314711	19.185335757071584	29.405133748547428	47.48499228377932	44.43537157592618	30.377005247735724	43.490996417304586	41.51194971749476	31.764566313595424	23.01980768281362	41.33857725308155	40.869907058242575	47.55840369380701	41.320262837478595	31.119217090394045	27.586043159696374	38.28192426281976	52.44605627976705	52.62301799822785	31.040178239744705	36.51934647325936	31.27922459578849	40.108722851506286	32.54030827902238	38.401430080503125	0:02:33	990
