	algorithm	#Fc	D	percFES	run_1	run_2	run_3	run_4	run_5	run_6	run_7	run_8	run_9	run_10	run_11	run_12	run_13	run_14	run_15	run_16	run_17	run_18	run_19	run_20	run_21	run_22	run_23	run_24	run_25	run_26	run_27	run_28	run_29	run_30	run_31	run_32	run_33	run_34	run_35	run_36	run_37	run_38	run_39	run_40	run_41	run_42	run_43	run_44	run_45	run_46	run_47	run_48	run_49	run_50	run_51	mean	elapsed_time	evals
0	ODE/best/1/bin	7	30	0.5	9.985910764953587e-09	0.014772407722830394	0.036769649210896205	0.00985728460784685	9.116433830058668e-09	9.77502168097999e-09	0.022185660857303446	0.03687212742636348	0.04405843138624732	9.757854968484025e-09	0.029498241701389816	9.961695468518883e-09	0.059003789544817664	9.875520845525898e-09	0.007396040334128884	0.014772407722830394	9.175437298836187e-09	0.04916372318803042	0.034335226080315806	0.012320988875103467	9.667360245657619e-09	9.72647740127286e-09	0.03195702877246731	0.024573294086394526	0.012320988875103467	0.04917596951213454	9.88336523732869e-09	0.04181431191966567	9.973859960155096e-09	9.678615242592059e-09	0.014772407722830394	0.036923647974731466	0.007396040334128884	0.007396040334128884	0.022126733432855872	0.019697356010397016	0.08587935161358473	9.900645636662375e-09	9.992277227865998e-09	0.007396040334128884	0.022126733432855872	9.882342055789195e-09	0.053952232237634234	9.360633157484699e-09	0.04183145580816472	0.007396040334128884	0.041631248356566175	0.009864672060984958	0.01231607251929745	9.760810826264787e-09	0.034335226080315806	0.018742922272252268	3:43:55	146250
