	algorithm	#Fc	D	percFES	run_1	run_2	run_3	run_4	run_5	run_6	run_7	run_8	run_9	run_10	run_11	run_12	run_13	run_14	run_15	run_16	run_17	run_18	run_19	run_20	run_21	run_22	run_23	run_24	run_25	run_26	run_27	run_28	run_29	run_30	run_31	run_32	run_33	run_34	run_35	run_36	run_37	run_38	run_39	run_40	run_41	run_42	run_43	run_44	run_45	run_46	run_47	run_48	run_49	run_50	run_51	mean	elapsed_time	evals
0	ODE/best/1/bin	7	30	0.3	9.916675480781123e-09	0.03192281883639225	0.007396040334128884	9.924292498908471e-09	0.01231607251929745	0.05162496637137792	9.969767233997118e-09	9.80253389570862e-09	0.022156143668780715	0.05652546821534088	9.605059858586174e-09	0.06643410793367366	0.00985728460784685	0.014772407722830394	0.10321551243100657	0.012320988875103467	0.01231607251929745	0.12711223231485747	0.029459115073564135	8.834035725158174e-09	0.01722629385972141	0.029510468500689058	0.00985728460784685	0.04648320804312789	0.046522134399310744	0.024590437451820435	0.07103026453933126	0.029498241701389816	9.588802640791982e-09	9.766040420799982e-09	9.632799446990248e-09	0.02705168125169166	0.00985728460784685	0.007396040334128884	0.059008699408877874	0.1688821723332694	0.019677734558058546	0.007396040334128884	9.86585746431956e-09	0.03195702877246731	0.0610348189444494	0.019697356010397016	9.904169928631745e-09	0.056540197884601184	9.070390660781413e-09	0.019697356010397016	9.829477676248644e-09	0.017241020915321315	9.646555554354563e-09	0.019697356010397016	9.61608748184517e-09	0.026613382291672823	2:39:08	28500
