	algorithm	#Fc	D	percFES	run_1	run_2	run_3	run_4	run_5	run_6	run_7	run_8	run_9	run_10	run_11	run_12	run_13	run_14	run_15	run_16	run_17	run_18	run_19	run_20	run_21	run_22	run_23	run_24	run_25	run_26	run_27	run_28	run_29	run_30	run_31	run_32	run_33	run_34	run_35	run_36	run_37	run_38	run_39	run_40	run_41	run_42	run_43	run_44	run_45	run_46	run_47	run_48	run_49	run_50	run_51	mean	elapsed_time	evals
0	ODE/best/1/bin	7	30	0.8	0.01231607251929745	0.009864672061098645	0.1618095166443254	0.007396040334128884	0.03444772103523519	9.651103027863428e-09	0.01231607251929745	0.02956446617668007	0.044211808185309565	9.822997526498511e-09	0.017236111917668495	9.929976840794552e-09	0.04916372318803042	0.012320988875103467	9.453970051254146e-09	9.854829841060564e-09	9.635982678446453e-09	0.012320988875103467	0.041816727532705045	0.046609713912744155	0.06349605930211055	9.876089279714506e-09	8.579263521824032e-09	0.00985728460784685	0.06831449789888211	0.014772407722830394	0.007396040334128884	0.034384062210051525	9.72727320913691e-09	9.704535841592588e-09	0.00985728460784685	0.03440115436785618	0.06354204602985192	0.05401066275737776	9.950781532097608e-09	9.495238373347092e-09	0.027017420107767975	0.024573294086394526	0.024573294086394526	0.00985728460784685	9.845280146691948e-09	9.125983524427284e-09	9.088807928492315e-09	0.044268166908295825	0.009864672061098645	0.019719489248245736	0.00985728460784685	0.024573294086394526	0.017241020915321315	0.014772407722830394	0.058571116993789474	0.02228068652529119	5:14:39	234030
