	algorithm	#Fc	D	percFES	run_1	run_2	run_3	run_4	run_5	run_6	run_7	run_8	run_9	run_10	run_11	run_12	run_13	run_14	run_15	run_16	run_17	run_18	run_19	run_20	run_21	run_22	run_23	run_24	run_25	run_26	run_27	run_28	run_29	run_30	run_31	run_32	run_33	run_34	run_35	run_36	run_37	run_38	run_39	run_40	run_41	run_42	run_43	run_44	run_45	run_46	run_47	run_48	run_49	run_50	run_51	mean	elapsed_time	evals
0	ODE/best/1/bin	7	30	0.2	87.70030228559824	26.358462847613623	47.776509270610745	47.40195442871902	64.20040440861374	36.544370346881124	51.76475695432987	36.46572056290324	64.0787353040007	80.93948581216114	41.207844459642615	79.34174634339695	45.438643704091874	52.95023881483871	49.407556600128146	23.232693416031452	43.69811257938136	56.57471034944342	53.67730369035701	59.458690645524484	66.66039750118136	53.90155558175911	30.769989769732888	59.78311172426595	50.19648084801679	54.51467729342221	71.38314644337095	98.42833709696174	55.511073878288926	62.98784049957328	88.59559115851698	42.36114526517986	52.886583727061975	59.048024004769104	73.36776809554817	58.621332595134504	52.4812641971796	44.04914904335715	36.77033879030478	88.7091798143822	25.280869401139398	69.8292601731174	75.48163734757918	38.11707646030641	102.1999337907805	75.65661503131173	49.87458758443154	88.95572868066824	45.536803924140486	29.043250286627426	84.10268376689726	57.516150521554394	5:25:31	58080
