	algorithm	#Fc	D	percFES	run_1	run_2	run_3	run_4	run_5	run_6	run_7	run_8	run_9	run_10	run_11	run_12	run_13	run_14	run_15	run_16	run_17	run_18	run_19	run_20	run_21	run_22	run_23	run_24	run_25	run_26	run_27	run_28	run_29	run_30	run_31	run_32	run_33	run_34	run_35	run_36	run_37	run_38	run_39	run_40	run_41	run_42	run_43	run_44	run_45	run_46	run_47	run_48	run_49	run_50	run_51	mean	elapsed_time	evals
0	ODE/best/1/bin	7	30	1.0	9.517975740891416e-09	0.022126733432855872	0.022126733432855872	0.019719489248245736	0.012320988875103467	0.05401066275737776	0.03438406221016521	0.041767683946432044	0.007396040334128884	0.007396040334128884	0.041767683946432044	0.007396040334128884	9.452605809201486e-09	0.036769649210896205	0.014772407722830394	0.017241020915321315	0.02461002955760705	9.467953532293905e-09	0.007396040334128884	9.381551535625476e-09	9.585392035660334e-09	0.007396040334128884	0.03687212742636348	9.889504326565657e-09	0.10505520237768451	0.019689998004878362	9.791506272449624e-09	9.84960024652537e-09	0.06344522974359279	0.007396040334128884	0.019677734558058546	0.20753898165060036	0.041831474377318045	9.872564987745136e-09	0.007396040334128884	0.024573294086394526	0.0246026825568606	0.007396040334128884	0.01231607251929745	0.06396802571316584	0.007396040334128884	0.027017420107767975	9.286509339290205e-09	0.13721381215293604	0.08113539392138591	8.909864845918491e-09	0.022126733432855872	7.864173312555067e-09	9.562199920765124e-09	0.03195702877246731	0.024637061060161614	0.026506664767774	6:13:08	292470
