	algorithm	#Fc	D	percFES	run_1	run_2	run_3	run_4	run_5	run_6	run_7	run_8	run_9	run_10	run_11	run_12	run_13	run_14	run_15	run_16	run_17	run_18	run_19	run_20	run_21	run_22	run_23	run_24	run_25	run_26	run_27	run_28	run_29	run_30	run_31	run_32	run_33	run_34	run_35	run_36	run_37	run_38	run_39	run_40	run_41	run_42	run_43	run_44	run_45	run_46	run_47	run_48	run_49	run_50	run_51	mean	elapsed_time	evals
0	ODE/best/1/bin	7	30	0.2	0.03433522608042949	0.05389849278310521	0.06640730762910607	0.04918819705403621	0.041821700248306115	0.0664194233162334	0.03189838254741062	0.03690166957744623	0.036857488237615144	0.014779776755062812	0.00985728460784685	0.007396040334242571	0.014772407722944081	0.007396040334242571	9.943391887645703e-09	0.05885470458929376	9.915879672917072e-09	0.007396040334242571	9.74057456915034e-09	9.389964361616876e-09	0.01232098887533084	0.06338955671719759	0.014772407722944081	0.04916372318825779	9.592440619599074e-09	0.007396040334128884	0.048946910900781404	0.017241020915435	0.03194236749550328	9.943619261321146e-09	0.044094951516399306	9.2791196948383e-09	0.7029017557028965	9.955215318768751e-09	0.04182408612018662	9.810037226998247e-09	0.007396040334128884	0.027093396087707333	9.840960046858527e-09	0.036769649210896205	9.799805411603302e-09	0.007396040334242571	0.034401154367969866	0.03438406221016521	0.05404954012590224	0.009864672061098645	0.10299618711349012	0.0856091665269787	9.206473805534188e-09	0.039260172644503655	0.022156143668780715	0.03987353593615629	1:59:08	58530
