	algorithm	#Fc	D	percFES	run_1	run_2	run_3	run_4	run_5	run_6	run_7	run_8	run_9	run_10	run_11	run_12	run_13	run_14	run_15	run_16	run_17	run_18	run_19	run_20	run_21	run_22	run_23	run_24	run_25	run_26	run_27	run_28	run_29	run_30	run_31	run_32	run_33	run_34	run_35	run_36	run_37	run_38	run_39	run_40	run_41	run_42	run_43	run_44	run_45	run_46	run_47	run_48	run_49	run_50	run_51	mean	elapsed_time	evals
0	ODE/best/1/bin	7	30	0.1	97.16015611642763	122.19190561933942	59.75001103938973	113.49230749204276	90.92123481802503	76.90274562704053	139.70517698480228	91.39681849854651	115.97238424464103	67.51170997538736	152.00840764656527	90.8244299653478	80.68825401241202	130.3889926426234	107.69814978401234	105.15696840772807	130.75112916230864	78.75946715200143	129.2237372261328	73.02238589563308	159.30462004081312	121.45322313927375	130.54151948757533	124.438038680197	96.43095710607304	115.3015325878606	99.00779106361392	134.3207269951531	123.90360999233883	58.26415075619548	121.83695356781857	79.42531656139056	141.84895088448184	122.61181616685951	117.22210308330102	103.9430453112991	107.58436881421585	111.1405363143108	91.80345281108362	146.48178154361074	111.070313945051	97.84128182253619	101.55367984284499	118.73889032147679	78.28913074663046	81.06428355992284	57.1612980048252	150.79734928113885	123.18987361739107	107.39799129057178	125.37317774698829	108.0954536744559	2:34:51	29040
