	algorithm	#Fc	D	percFES	run_1	run_2	run_3	run_4	run_5	run_6	run_7	run_8	run_9	run_10	run_11	run_12	run_13	run_14	run_15	run_16	run_17	run_18	run_19	run_20	run_21	run_22	run_23	run_24	run_25	run_26	run_27	run_28	run_29	run_30	run_31	run_32	run_33	run_34	run_35	run_36	run_37	run_38	run_39	run_40	run_41	run_42	run_43	run_44	run_45	run_46	run_47	run_48	run_49	run_50	run_51	mean	elapsed_time	evals
0	ODE/best/1/bin	7	30	0.4	12.955496660318659	14.553155238842805	18.907740409971552	25.539291756406897	13.667617799452387	12.392979386571596	32.2636606030685	39.31847012353171	14.054507923743245	8.8404681573287	27.656831701773285	27.254050364213526	31.14651333054985	35.16214390717744	21.059692965260638	40.475064331179055	35.149212189824084	41.75557289555127	41.7274341157281	20.499874874098623	15.445238673756307	16.728533744937863	24.221428952720203	18.560233656176706	8.008931038855849	17.002175885142492	9.995744006484756	34.30253010081515	49.14749339679099	7.7239166389282445	23.095958684594734	14.381927530031703	12.610024640263873	23.765164450831776	14.030667545383949	28.56471668291715	37.78684163489129	37.416011314577645	22.127233755478983	9.976475029910603	6.684384065722952	18.818085007157265	18.791677280731733	31.217436767746904	15.458729637930219	17.196381865213993	20.990280413989467	49.07944954902473	21.835177457984514	12.43275573785138	19.808902467935468	22.972240908811198	10:02:45	116160
