	algorithm	#Fc	D	percFES	run_1	run_2	run_3	run_4	run_5	run_6	run_7	run_8	run_9	run_10	run_11	run_12	run_13	run_14	run_15	run_16	run_17	run_18	run_19	run_20	run_21	run_22	run_23	run_24	run_25	run_26	run_27	run_28	run_29	run_30	run_31	run_32	run_33	run_34	run_35	run_36	run_37	run_38	run_39	run_40	run_41	run_42	run_43	run_44	run_45	run_46	run_47	run_48	run_49	run_50	run_51	mean	elapsed_time	evals
0	ODE/best/1/bin	7	30	0.01	31.52428882464494	22.934378789729294	18.378716661855833	15.008165584233666	23.608727774866907	21.81295882646282	17.187729005417737	24.342199197583227	11.686951503692399	14.256253825806198	15.555554922949227	25.663211730477883	19.131586890977132	15.37036312306384	32.00074268518176	17.925237397714227	16.054379594687816	38.359319116249935	77.41626957696235	21.10283178288296	29.3217472695502	18.30523050903878	21.75908858897742	19.474999780040548	41.449781529608344	10.562028939912011	23.985000627954832	17.475386760314564	19.76187896495412	39.057388031989035	21.687732227013953	28.956773306251876	52.76698603350758	26.431822758001886	13.113088246559073	56.3285143638775	21.99432019538608	40.95676448074096	13.47902261851334	27.297319200182073	22.303776557822403	29.20716411705814	13.323997922643116	16.198977804994	18.725392267530765	19.724031978817266	13.907310847368763	32.08851109436148	8.476736672666675	24.907120182968015	22.595179557244705	24.41064588728019	0:06:03	2970
