	algorithm	#Fc	D	percFES	run_1	run_2	run_3	run_4	run_5	run_6	run_7	run_8	run_9	run_10	run_11	run_12	run_13	run_14	run_15	run_16	run_17	run_18	run_19	run_20	run_21	run_22	run_23	run_24	run_25	run_26	run_27	run_28	run_29	run_30	run_31	run_32	run_33	run_34	run_35	run_36	run_37	run_38	run_39	run_40	run_41	run_42	run_43	run_44	run_45	run_46	run_47	run_48	run_49	run_50	run_51	mean	elapsed_time	evals
0	ODE/best/1/bin	7	30	0.4	0.03194236749538959	9.859036254056264e-09	0.027066364287748	0.09818791112957115	9.56117673922563e-09	0.007396040334128884	0.03192281883639225	0.08062241823415661	0.007396040334128884	0.007396040334128884	0.024590437451820435	0.007396040334128884	8.420670383202378e-09	8.874962986737955e-09	9.832547220867127e-09	0.07839188409388953	0.061433272380213566	9.724544725031592e-09	9.780819709703792e-09	0.027093396087366273	0.034477131738412936	9.937366485246457e-09	9.203745321428869e-09	0.05882562187582607	9.943505574483424e-09	0.014772407722830394	9.882796803140081e-09	0.00985728460784685	0.054069135127861045	0.06371629497459708	0.027036998028847847	0.05652787651433755	9.0582261691452e-09	0.01231607251929745	0.01231607251929745	0.00985728460784685	0.019697356010397016	0.034335226080315806	0.01722629385972141	9.823679647524841e-09	0.05419665675174201	9.793211575015448e-09	0.09058452327087707	9.66531388257863e-09	0.01231607251929745	0.03696050623818792	0.09058452327087707	9.298332770413253e-09	0.012320988875103467	0.05386693731497871	0.04916383506156308	0.02580118202907964	3:14:50	117030
