	algorithm	#Fc	D	percFES	run_1	run_2	run_3	run_4	run_5	run_6	run_7	run_8	run_9	run_10	run_11	run_12	run_13	run_14	run_15	run_16	run_17	run_18	run_19	run_20	run_21	run_22	run_23	run_24	run_25	run_26	run_27	run_28	run_29	run_30	run_31	run_32	run_33	run_34	run_35	run_36	run_37	run_38	run_39	run_40	run_41	run_42	run_43	run_44	run_45	run_46	run_47	run_48	run_49	run_50	run_51	mean	elapsed_time	evals
0	ODE/best/1/bin	7	30	0.1	0.007396070374397823	0.007396083280355015	2.252249942102935e-08	9.337031769973692e-08	0.04898526702572781	0.027051697189335755	0.06627568930753114	0.012316222319668668	0.00986469345025398	0.012316456801158893	0.029564473634764	2.015929112531012e-08	0.051325829482493646	4.389636501400673e-06	0.053952442565673664	0.009857286890337491	0.05408469067333499	0.029459175276201677	0.036872139024922035	0.01477241333350321	0.041631374312828484	3.8879079511389136e-08	7.619039251949289e-06	3.0552550924767274e-06	0.014772634428254605	0.007396093055149322	0.017242271247141616	0.012321072968006774	2.4721146019146545e-07	2.325774630662636e-07	0.039387616813769455	9.755240171216428e-09	0.029566196251153087	0.009857411855477949	0.10746792654458659	7.304572591237957e-08	1.0209623724222183e-07	0.007396040500339041	1.0051519439002732e-07	0.032006750006985385	0.036857963557736184	0.02706284834903272	0.00739613994312549	0.01478292291312755	0.04178758256568926	0.07864237531964591	0.017229411011157936	0.08312434566732918	0.0073960501752026175	0.007396095643912304	0.007418996738579153	0.021953857932573432	1:07:11	29280
