	algorithm	#Fc	D	percFES	run_1	run_2	run_3	run_4	run_5	run_6	run_7	run_8	run_9	run_10	run_11	run_12	run_13	run_14	run_15	run_16	run_17	run_18	run_19	run_20	run_21	run_22	run_23	run_24	run_25	run_26	run_27	run_28	run_29	run_30	run_31	run_32	run_33	run_34	run_35	run_36	run_37	run_38	run_39	run_40	run_41	run_42	run_43	run_44	run_45	run_46	run_47	run_48	run_49	run_50	run_51	mean	elapsed_time	evals
0	ODE/best/1/bin	7	30	0.7	0.022126733432855872	0.02461002955760705	0.041767683946432044	0.036769649210896205	0.012320988875103467	9.927248356689233e-09	0.007396040334128884	8.835627340886276e-09	0.024573294086394526	0.03189838254729693	9.679297363618389e-09	0.007396040334128884	0.024573294086394526	9.922700883180369e-09	0.01722629385972141	9.921677701640874e-09	0.041767683946432044	0.06141630538843401	0.03192281883639225	9.848804438661318e-09	9.954987945093308e-09	9.183509064314421e-09	9.571863301971462e-09	0.027066364287748	0.007396040334128884	0.014772407722830394	0.01231607251929745	0.02706146996320058	0.00985728460784685	9.993073035730049e-09	0.014772407722830394	0.0320134276570343	9.08073616301408e-09	0.02461002955760705	0.007396040334128884	9.977497938962188e-09	9.95089521893533e-09	9.811174095375463e-09	9.894506547425408e-09	8.560732567275409e-09	9.932136890711263e-09	9.975224202207755e-09	0.007396040334128884	0.012320988875103467	0.007396040334128884	0.027100783803120976	9.961240721167997e-09	0.04660971391263047	0.034335226080315806	9.741938811203e-09	0.00985728460784685	0.01388319715335331	4:28:14	204780
