	algorithm	#Fc	D	percFES	run_1	run_2	run_3	run_4	run_5	run_6	run_7	run_8	run_9	run_10	run_11	run_12	run_13	run_14	run_15	run_16	run_17	run_18	run_19	run_20	run_21	run_22	run_23	run_24	run_25	run_26	run_27	run_28	run_29	run_30	run_31	run_32	run_33	run_34	run_35	run_36	run_37	run_38	run_39	run_40	run_41	run_42	run_43	run_44	run_45	run_46	run_47	run_48	run_49	run_50	run_51	mean	elapsed_time	evals
0	ODE/best/1/bin	7	30	0.01	292.79605814881484	379.4671890482298	365.4197908503156	346.38313458885455	325.94270226648314	410.3441483238021	353.5098955925512	296.4670892464386	371.34516864810485	390.9166341943487	412.8685583342517	395.33629997720413	387.56876458927536	483.80645551469297	334.6727119667821	409.9888521966029	446.51608709856714	371.5818882056442	314.4147119266388	291.5853699882633	319.5361173160984	369.022792619495	279.92798990281085	338.33694196981764	352.21967699557786	394.3212034331889	268.94945704694464	300.80314482056247	404.74824993732364	452.67311422186117	281.782263694353	294.1877244904051	350.53154308368244	396.55770741141214	384.65996041638346	388.5999971503363	323.46106437426965	386.7131478633596	330.5446054815309	361.5936722843717	364.8929230130832	313.49387189011384	272.40200395858335	370.6688588536333	410.78051727421075	388.94785866874713	361.80730720697557	421.8264528411437	357.18068129624	355.8719268627242	350.04873086012185	359.3730003518672	0:10:28	2910
