	algorithm	#Fc	D	percFES	run_1	run_2	run_3	run_4	run_5	run_6	run_7	run_8	run_9	run_10	run_11	run_12	run_13	run_14	run_15	run_16	run_17	run_18	run_19	run_20	run_21	run_22	run_23	run_24	run_25	run_26	run_27	run_28	run_29	run_30	run_31	run_32	run_33	run_34	run_35	run_36	run_37	run_38	run_39	run_40	run_41	run_42	run_43	run_44	run_45	run_46	run_47	run_48	run_49	run_50	run_51	mean	elapsed_time	evals
0	ODE/best/1/bin	7	30	0.5	3.8195115164525077	5.7947706626362105	1.8403086980318903	8.033000123074885	5.746073512387284	3.21794899892393	21.469353712447628	18.33508113705409	9.759037706174013	3.3731659456400394	19.70883033675375	45.71860828015156	13.270747644090761	4.76160399025207	3.03710740186159	8.222661650891723	3.9069821400615865	29.918571498246706	3.104675496682603	10.190630269078042	14.83551638680808	32.006690866391295	13.643853533587617	6.364186964888972	4.560572287825607	2.0632927887127153	2.249463784991576	1.9266895022371955	5.946281042629607	6.921358650710204	2.6814198790603996	2.9966661305810476	11.710632814115229	16.103015939437	21.18902001610627	5.1031126749860505	15.713505343344764	10.41400217420869	2.414342184678617	6.136275069455451	12.108895809558248	7.774998790035397	22.172126942688692	6.2185854148236785	16.907056740159646	16.940187180113185	16.643459547434077	10.88533940682828	10.302518766717071	4.7561913299724665	6.655294489545554	10.57986712104952	12:02:31	145170
