	algorithm	#Fc	D	percFES	run_1	run_2	run_3	run_4	run_5	run_6	run_7	run_8	run_9	run_10	run_11	run_12	run_13	run_14	run_15	run_16	run_17	run_18	run_19	run_20	run_21	run_22	run_23	run_24	run_25	run_26	run_27	run_28	run_29	run_30	run_31	run_32	run_33	run_34	run_35	run_36	run_37	run_38	run_39	run_40	run_41	run_42	run_43	run_44	run_45	run_46	run_47	run_48	run_49	run_50	run_51	mean	elapsed_time	evals
0	ODE/best/1/bin	7	30	0.3	31.684444299766483	18.738680359005684	39.49812191751016	17.575178447240887	60.732600572353476	66.31432542101834	10.163903477786448	37.36424193005121	42.583800401630924	49.282151253578036	37.30246202549063	53.93182662776803	35.68811002189443	17.659664826461494	13.104353806315316	31.250964933123782	34.89634427284602	22.97138489710585	34.102181679494265	23.130103497581104	29.71153020077554	38.01919885051268	44.140631890979535	54.918348918955985	42.58878570555055	29.06890354316465	21.294732843558222	55.71318283438313	37.906151822851825	37.70585361821418	27.342820521224667	71.67971389867887	39.1131422299062	43.170297788383664	32.60768797861374	41.20339848999072	14.934730544958825	39.260597887101426	37.22763034382274	32.21971672712732	40.84325509701739	24.66826551270742	43.70458463498335	17.373671069091642	17.27397904868974	27.047590798411193	58.40006927955278	22.12312244468592	39.31400710080766	52.79903094367171	33.04841676824799	35.77250772558125	7:52:14	87120
