	algorithm	#Fc	D	percFES	run_1	run_2	run_3	run_4	run_5	run_6	run_7	run_8	run_9	run_10	run_11	run_12	run_13	run_14	run_15	run_16	run_17	run_18	run_19	run_20	run_21	run_22	run_23	run_24	run_25	run_26	run_27	run_28	run_29	run_30	run_31	run_32	run_33	run_34	run_35	run_36	run_37	run_38	run_39	run_40	run_41	run_42	run_43	run_44	run_45	run_46	run_47	run_48	run_49	run_50	run_51	mean	elapsed_time	evals
0	ODE/best/1/bin	9	10	0.4	38.66086848652958	49.02599518628426	40.02942658598579	48.85677248007892	50.20926111418794	33.298811536561516	47.109281184963834	40.18286118757919	46.95896431613721	48.62831670944615	53.04294841317392	44.5320179709704	42.78999126336157	49.21000704807307	41.9176081705549	44.81087938027679	48.352345766246685	45.96783477235738	37.72280146438504	53.82233559391466	49.34422129973507	45.815909418028696	39.172519867436336	32.63294527591597	39.734018408674274	49.838601995381396	45.8231620712279	49.10203333604272	41.67112802907445	42.570524318125536	39.443746128072576	41.95333424384057	44.704848284325294	47.23243189011953	29.505784048261944	38.76457310153819	42.664802311982726	41.23603567179123	45.71999221050521	41.840986023355526	41.61735378356275	53.07250953138032	41.97416521255536	47.384984181679215	26.30808926926784	28.458751307131706	48.02049224020266	29.327410334451884	48.547685501652836	57.67700624356769	39.07358941465668	43.43848948205123	1:37:07	38730
