	algorithm	#Fc	D	percFES	run_1	run_2	run_3	run_4	run_5	run_6	run_7	run_8	run_9	run_10	run_11	run_12	run_13	run_14	run_15	run_16	run_17	run_18	run_19	run_20	run_21	run_22	run_23	run_24	run_25	run_26	run_27	run_28	run_29	run_30	run_31	run_32	run_33	run_34	run_35	run_36	run_37	run_38	run_39	run_40	run_41	run_42	run_43	run_44	run_45	run_46	run_47	run_48	run_49	run_50	run_51	mean	elapsed_time	evals
0	ODE/best/1/bin	9	10	0.8	21.3982481528692	20.415596190110023	8.954626476020508	20.216053561235412	15.629545789334998	14.5684017704599	27.058895113222093	6.776617516705755	14.924370742942187	46.02136022098216	9.949580495294754	13.046276491125468	24.814654313457822	17.22463967497788	37.566626963484396	41.96408267902666	6.964708361833914	36.43007552713027	11.939498609481348	10.944544590207101	28.318174797940515	9.949585533113805	3.979831190554137	34.72625416510323	13.929416723667941	9.949585533113805	40.15311646167527	19.87674991714107	5.215711228111218	20.362596403040698	12.934457666574644	38.78951295784407	28.457451939177986	10.94453955238805	22.40715025213376	43.956576451254136	16.032274940170964	59.651086228629765	41.969857282357	20.89409985096836	38.62646675893302	49.95224158819042	29.84870109245537	20.26993951376903	9.949585533113805	4.9747952854664845	12.934462704393695	6.964708361833914	28.598882936231234	21.350342741813392	22.518192070126588	22.2606813902194	2:04:12	78030
