	algorithm	#Fc	D	percFES	run_1	run_2	run_3	run_4	run_5	run_6	run_7	run_8	run_9	run_10	run_11	run_12	run_13	run_14	run_15	run_16	run_17	run_18	run_19	run_20	run_21	run_22	run_23	run_24	run_25	run_26	run_27	run_28	run_29	run_30	run_31	run_32	run_33	run_34	run_35	run_36	run_37	run_38	run_39	run_40	run_41	run_42	run_43	run_44	run_45	run_46	run_47	run_48	run_49	run_50	run_51	mean	elapsed_time	evals
0	ODE/best/1/bin	9	10	0.7	18.904186774600817	25.776162363168396	10.19186726624207	28.874377914392312	22.266178279416067	19.822991233113612	14.237052207449096	25.868829325575348	27.26075186400385	9.949580495294754	31.438079596170155	23.207487740652255	20.110073712327903	19.289427634705135	25.06358136909239	32.492889844036995	28.585689135849293	14.924350546227743	8.954626476020508	14.580349454909538	23.20824963527741	19.839442982090077	8.954626476020508	22.25118328944211	34.37740511858942	21.889058908061656	23.83173875733803	26.327877223788164	17.90922267968847	18.90420193349621	27.575566397624698	7.959672456746375	5.969754342559781	26.594019490887717	18.904186774600817	16.52803805570852	38.71317253398354	35.3362466802522	32.54411765441682	14.924375780761238	10.19207527404285	35.33445521810279	32.87210616605762	12.257245258831858	17.909247914222078	14.924355584046793	16.967977684848847	16.914288857128668	26.25635375932154	10.94453955238805	27.698247481037242	21.30610947361981	1:53:26	68250
