	algorithm	#Fc	D	percFES	run_1	run_2	run_3	run_4	run_5	run_6	run_7	run_8	run_9	run_10	run_11	run_12	run_13	run_14	run_15	run_16	run_17	run_18	run_19	run_20	run_21	run_22	run_23	run_24	run_25	run_26	run_27	run_28	run_29	run_30	run_31	run_32	run_33	run_34	run_35	run_36	run_37	run_38	run_39	run_40	run_41	run_42	run_43	run_44	run_45	run_46	run_47	run_48	run_49	run_50	run_51	mean	elapsed_time	evals
0	ODE/best/1/bin	9	10	0.8	42.80319419536818	39.28462143338413	33.41948350568987	42.87588647341909	39.65521585165459	35.60191108915626	43.22527671724663	35.91348310270109	35.91086057708719	42.51239842783832	47.8733789325986	38.29346598702921	37.13281335092802	45.67303779617191	35.63291733366066	44.61113195547068	38.0916368046843	36.995881885575955	37.99749772132532	36.183752171777655	42.79267361879238	30.562720969862085	32.584475298408165	36.30539324316135	39.31753684695582	38.22072016622201	41.19289276748748	32.39684902628187	43.009540102352844	35.18758766002202	50.89728049176654	38.3346946795474	44.39524448312966	42.576965439108335	39.66080643498606	40.73159132485307	33.96188875337111	35.9046359584471	28.875308022985564	39.5894368445455	39.01201084228751	43.56405708169655	46.07476531773864	38.63926783587203	41.704250375484776	36.24573858228939	41.03129894263827	47.54217508546037	39.114835063462806	41.70410531996549	35.65705152573162	39.3426596748565	2:39:32	77430
