	algorithm	#Fc	D	percFES	run_1	run_2	run_3	run_4	run_5	run_6	run_7	run_8	run_9	run_10	run_11	run_12	run_13	run_14	run_15	run_16	run_17	run_18	run_19	run_20	run_21	run_22	run_23	run_24	run_25	run_26	run_27	run_28	run_29	run_30	run_31	run_32	run_33	run_34	run_35	run_36	run_37	run_38	run_39	run_40	run_41	run_42	run_43	run_44	run_45	run_46	run_47	run_48	run_49	run_50	run_51	mean	elapsed_time	evals
0	ODE/best/1/bin	9	10	0.01	49.10972859730532	61.89279440951509	80.00799856199183	62.27365230183	44.39887681013113	66.31471921104185	51.297012859385745	65.79654521860641	76.7221798792333	72.35390152527782	86.12909298982663	76.16631339994228	66.98563832451794	74.97371737966591	67.5139515717417	38.00280132168257	80.09612723236387	56.88587595345075	64.74632437217645	69.62409981042981	51.272976390566555	54.66421977400216	76.67049097998745	67.1796392401269	55.41849361907816	65.72948989551207	72.00366922398086	60.68635933361679	60.91826725571627	51.046595167804526	67.22699234153788	69.10727940821846	77.62425207346223	64.819774056332	71.19235930658215	60.50927504394258	85.32634444185669	55.775954079073244	64.66213780832459	68.38664615359812	54.56836063625951	66.50465100902136	55.185174654116054	66.29919819679435	50.308761075644725	57.89408793222037	65.11041485788076	47.72284163205768	58.412883362687694	60.01478002787394	65.47327515903726	63.90209795817706	0:02:04	990
