	algorithm	#Fc	D	percFES	run_1	run_2	run_3	run_4	run_5	run_6	run_7	run_8	run_9	run_10	run_11	run_12	run_13	run_14	run_15	run_16	run_17	run_18	run_19	run_20	run_21	run_22	run_23	run_24	run_25	run_26	run_27	run_28	run_29	run_30	run_31	run_32	run_33	run_34	run_35	run_36	run_37	run_38	run_39	run_40	run_41	run_42	run_43	run_44	run_45	run_46	run_47	run_48	run_49	run_50	run_51	mean	elapsed_time	evals
0	ODE/best/1/bin	9	10	0.2	14.307752871727416	9.949580495294754	5.0229913756818405	4.9747952854664845	47.573458080764794	48.53276572919253	12.9344374698602	3.98187714821961	25.618909730655105	5.969754342559781	10.94453955238805	12.701007505933035	41.79758868166141	38.076946340364884	13.929416723667941	21.889058908061656	6.9647083618340275	34.15390435430345	7.959667418927211	22.57501730696265	10.54568128748167	14.044816353570582	35.160015981506945	36.5202219076524	21.88903871134721	6.9647083618340275	5.969754342559781	15.279659705977338	7.959667418927211	21.589776967888156	8.954626476020508	24.06081050443754	8.954626476020508	11.939503647300398	21.33138959481812	16.62695856551875	16.914268660414223	10.085801434960445	15.919329800035484	12.981324952517411	28.099365236569497	11.046638906054568	17.241506416868447	28.18126790971553	26.57247739542106	3.9798362283731876	31.325318606732367	22.27504645779618	19.899140793875063	11.939498609481348	19.33451390135167	18.30283861365793	0:39:21	19530
