	algorithm	#Fc	D	percFES	run_1	run_2	run_3	run_4	run_5	run_6	run_7	run_8	run_9	run_10	run_11	run_12	run_13	run_14	run_15	run_16	run_17	run_18	run_19	run_20	run_21	run_22	run_23	run_24	run_25	run_26	run_27	run_28	run_29	run_30	run_31	run_32	run_33	run_34	run_35	run_36	run_37	run_38	run_39	run_40	run_41	run_42	run_43	run_44	run_45	run_46	run_47	run_48	run_49	run_50	run_51	mean	elapsed_time	evals
0	ODE/best/1/bin	9	10	0.5	49.564006539719344	44.46561526690584	38.56833693217311	41.2116099002551	45.74150746207465	48.210253853820404	33.56349363408549	31.43949042148995	40.77017275295009	50.5334249121355	38.641406972096775	38.64832269816338	37.579396380741855	37.36905893916082	42.10130399933007	36.33967893972874	36.93872106720107	44.479198851924366	48.05954789038947	41.7412467917236	51.333887071186496	47.67256664817489	40.91014593420891	39.9576387784457	43.51670994122742	43.166907596373676	39.94945532045301	41.50191476090254	45.544236816871376	30.713814468511714	52.05560183887644	33.86555201160559	48.15656392109054	37.38825848372312	39.42504853685705	44.486560678485375	37.02852807611907	46.168793585004096	35.64270703962359	41.99116942031344	32.63223860479036	46.0035204536681	44.43245193897144	38.620323124040965	52.86014863670471	37.330079353983365	29.185851078900782	43.600073610377535	35.38968913793872	42.85642115009489	42.88268956430147	41.416379250743056	1:55:39	48390
