	algorithm	#Fc	D	percFES	run_1	run_2	run_3	run_4	run_5	run_6	run_7	run_8	run_9	run_10	run_11	run_12	run_13	run_14	run_15	run_16	run_17	run_18	run_19	run_20	run_21	run_22	run_23	run_24	run_25	run_26	run_27	run_28	run_29	run_30	run_31	run_32	run_33	run_34	run_35	run_36	run_37	run_38	run_39	run_40	run_41	run_42	run_43	run_44	run_45	run_46	run_47	run_48	run_49	run_50	run_51	mean	elapsed_time	evals
0	ODE/best/1/bin	9	10	0.3	39.65128712183866	35.6143304738232	32.717597947411605	46.47614692365755	36.95035934606767	31.7517993359221	48.961727422237686	37.767715369615075	32.042959833843156	57.52967473985768	44.25189550726418	40.63655902392372	50.071586392590234	47.0300498138738	34.44327524802975	46.060375372315434	55.13938689108579	37.60172024119481	37.648620519736255	47.72217101747219	38.30869407848854	30.090724393787355	45.65753259626172	51.56275203711107	42.14407928401272	45.58893109364942	42.17302531933319	48.30146224152577	42.863348091124294	47.07382477142846	35.80736528061266	51.392601137645556	48.207062627800724	54.17084064988296	43.10269433179485	39.1023923586248	32.848170588843914	27.712946038178075	33.22032185913554	43.707168750122946	39.49914317932098	54.19083958463875	46.55689157834672	43.40649298526773	44.31231773463094	50.964275104920716	41.12261773796581	54.80939597411282	56.233262546950186	49.156986573567906	41.69620250211494	43.23634512888161	1:15:26	29040
