	algorithm	#Fc	D	percFES	run_1	run_2	run_3	run_4	run_5	run_6	run_7	run_8	run_9	run_10	run_11	run_12	run_13	run_14	run_15	run_16	run_17	run_18	run_19	run_20	run_21	run_22	run_23	run_24	run_25	run_26	run_27	run_28	run_29	run_30	run_31	run_32	run_33	run_34	run_35	run_36	run_37	run_38	run_39	run_40	run_41	run_42	run_43	run_44	run_45	run_46	run_47	run_48	run_49	run_50	run_51	mean	elapsed_time	evals
0	ODE/best/1/bin	9	10	1.0	18.4029947712512	11.939498609481348	23.8789719844292	11.38104309665357	14.093978479025964	22.00966898855461	14.935445342266576	18.90420193349621	19.899160990589507	30.778630732788884	12.934457666574644	15.597341084341679	12.908476313249366	23.692078213359764	27.497552662547605	18.964171958971065	16.914288857128668	8.954626476020508	9.949585533113805	10.24139502993421	7.959667418927211	24.873931041522496	22.23574797611184	35.09813934550243	6.964713399653078	33.7150739145161	31.44001692116649	24.64538470544153	10.94453955238805	37.04246167785527	7.959667418927211	39.032173769615724	23.147957610075878	13.782783480612807	20.89409985096836	10.965033953896182	17.760560729746203	19.899160990589507	9.109758101515013	30.045168317174557	33.454245579891904	19.164538371786193	54.511356437804125	53.94145735961581	21.446877181745663	6.365999103680451	24.874821453325808	9.949585533113805	17.388238176669006	15.919329800035484	22.884017965154953	20.613609330643285	2:23:02	97500
