	algorithm	#Fc	D	percFES	run_1	run_2	run_3	run_4	run_5	run_6	run_7	run_8	run_9	run_10	run_11	run_12	run_13	run_14	run_15	run_16	run_17	run_18	run_19	run_20	run_21	run_22	run_23	run_24	run_25	run_26	run_27	run_28	run_29	run_30	run_31	run_32	run_33	run_34	run_35	run_36	run_37	run_38	run_39	run_40	run_41	run_42	run_43	run_44	run_45	run_46	run_47	run_48	run_49	run_50	run_51	mean	elapsed_time	evals
0	ODE/best/1/bin	9	10	1.0	38.08663280476685	35.842789392838085	46.37301985282784	50.03285710294415	38.258888672124385	31.148595366286372	32.44390948199293	36.766535484744054	38.155523467681064	39.96007731404802	45.50901786825386	18.673504514506362	34.49391017139385	45.074768054252445	35.6395264211252	34.62002737781927	43.77005098167422	32.43354451994219	33.19597837584456	42.96967194171566	26.063054296174528	37.95783677687223	51.85456118977277	45.551268256979824	31.111085017010282	35.17327513648911	37.07865715233049	46.93694504362611	22.917951797667797	50.94309862683144	32.27110246061159	40.427982265581136	37.25992775128748	32.319544977569535	28.428329896550963	39.947209951144146	38.32931659756605	42.61431774974233	20.519034351837036	40.396633231415535	38.75247854654663	42.516447655599336	41.865537325472246	29.100877840642056	34.532223482930476	28.06943522942686	33.89665466540794	37.08914568857108	42.77430321119755	37.54902013467438	44.58063182761464	37.299543476508326	3:03:53	96780
