	algorithm	#Fc	D	percFES	run_1	run_2	run_3	run_4	run_5	run_6	run_7	run_8	run_9	run_10	run_11	run_12	run_13	run_14	run_15	run_16	run_17	run_18	run_19	run_20	run_21	run_22	run_23	run_24	run_25	run_26	run_27	run_28	run_29	run_30	run_31	run_32	run_33	run_34	run_35	run_36	run_37	run_38	run_39	run_40	run_41	run_42	run_43	run_44	run_45	run_46	run_47	run_48	run_49	run_50	run_51	mean	elapsed_time	evals
0	ODE/best/1/bin	9	10	0.1	24.860101881553987	18.90418679113543	37.23193268213413	7.959667422079178	13.929396526955884	24.759450961087623	32.45629816122039	39.462185053909025	13.929416723672603	17.09984678680712	40.696881250266415	17.61115130217877	39.3438922804155	20.776102332410233	27.85882358918809	45.01630420529307	48.75166313686748	13.929416724200337	23.878951787714755	25.489346449754407	9.949580495294867	18.022498401807525	11.939498609486009	30.0236814055512	24.383256408312604	24.76492761932559	28.777383813055962	8.954626476037447	7.959667420246774	16.914288857413	20.47168987214252	17.909247946668984	6.964708361835392	14.924370743147506	14.92437074296106	4.974795291043961	11.939498609481916	16.137579656909224	26.928220586624775	10.042648044607972	21.81397968041597	11.672862412787481	25.461904480035628	19.217620042265253	36.94843135335077	12.934457666575213	13.92939652695452	14.283208141799378	15.562620770643207	25.868890128582393	11.939498609481916	20.989890690660598	0:19:46	9780
