	algorithm	#Fc	D	percFES	run_1	run_2	run_3	run_4	run_5	run_6	run_7	run_8	run_9	run_10	run_11	run_12	run_13	run_14	run_15	run_16	run_17	run_18	run_19	run_20	run_21	run_22	run_23	run_24	run_25	run_26	run_27	run_28	run_29	run_30	run_31	run_32	run_33	run_34	run_35	run_36	run_37	run_38	run_39	run_40	run_41	run_42	run_43	run_44	run_45	run_46	run_47	run_48	run_49	run_50	run_51	mean	elapsed_time	evals
0	ODE/best/1/bin	9	10	0.2	40.90773151095891	48.399916639669755	46.997101715963254	44.46075116769316	32.75818594869793	50.23710367061312	43.511660934561405	48.70706461143345	58.21530697646938	48.9694875948087	50.344056576879666	41.69859967988066	34.939560613361664	46.25206516785829	52.38348386321968	58.944101006922324	49.01315104740138	39.241034005557594	46.483959974048844	48.212131058834075	47.09854353548576	31.18661525396169	54.832681910168844	55.8892281244257	46.720896486419065	47.51099549778928	45.71020679646085	53.879182066825706	48.9327676287503	40.88388764055321	41.5686915566713	37.89652250114477	44.29751151433095	37.07132103649883	53.52897336554122	37.93711071973746	45.8173999989973	52.04636611374667	53.97225960508092	35.65541785342009	51.513178461872485	48.3044146887072	43.895245351370136	54.07981327252298	52.819984329246154	37.322183191452496	51.64543284847798	41.51845682765372	50.028527531749546	51.08628947744501	39.94264799420273	46.37782758716752	0:51:26	19380
