	algorithm	#Fc	D	percFES	run_1	run_2	run_3	run_4	run_5	run_6	run_7	run_8	run_9	run_10	run_11	run_12	run_13	run_14	run_15	run_16	run_17	run_18	run_19	run_20	run_21	run_22	run_23	run_24	run_25	run_26	run_27	run_28	run_29	run_30	run_31	run_32	run_33	run_34	run_35	run_36	run_37	run_38	run_39	run_40	run_41	run_42	run_43	run_44	run_45	run_46	run_47	run_48	run_49	run_50	run_51	mean	elapsed_time	evals
0	ODE/best/1/bin	9	10	0.6	7.959667418927211	2.9848771712798907	31.072264727411607	26.78064712845662	20.89409985096836	31.592004460651196	42.29185688468317	14.924370742942187	8.954626476020508	11.939498609481348	24.888528989897623	7.096335139513144	38.09574136775245	4.9747952854664845	8.954626476020508	40.21403319452611	17.010956715405882	5.969754342559781	32.14601679562338	12.934457666574644	28.487237501705067	60.39257252010941	19.73819891851099	16.552733684526743	9.949585533113805	32.63150836052466	5.969754342559781	21.262529802065046	28.06781596091048	14.924370742942187	24.93563853569026	18.03720494305344	50.27690094754587	8.363716522712934	11.939498609481348	13.929396526953497	15.919309603320926	14.924350546227743	10.345003367104482	24.852006535341275	39.59894185799442	5.969754342559781	20.612506724657123	28.008622350962582	6.964713399653078	13.353493276112658	21.23440021745921	32.43243098494531	15.714427145847594	19.55946313668335	44.390566790465755	21.00034927795888	1:42:01	58500
