	algorithm	#Fc	D	percFES	run_1	run_2	run_3	run_4	run_5	run_6	run_7	run_8	run_9	run_10	run_11	run_12	run_13	run_14	run_15	run_16	run_17	run_18	run_19	run_20	run_21	run_22	run_23	run_24	run_25	run_26	run_27	run_28	run_29	run_30	run_31	run_32	run_33	run_34	run_35	run_36	run_37	run_38	run_39	run_40	run_41	run_42	run_43	run_44	run_45	run_46	run_47	run_48	run_49	run_50	run_51	mean	elapsed_time	evals
0	ODE/best/1/bin	9	10	0.1	51.397310293560736	53.92207663439979	63.23399341167806	51.182997976929755	61.92010205725842	44.73930507522152	44.44307340906312	54.8296350631241	37.86874843969895	49.10906809092501	56.64644701734608	56.865978616583334	51.150547167565605	61.305936895547234	48.01943581633009	48.0729016412223	54.29696699557951	64.83785865924699	59.70287963904207	51.340166926572806	69.73073761495459	62.04129902482339	62.11177811610696	56.46100944018747	55.400024274231214	53.15711168822634	54.38106334089355	54.21120005720047	50.364961929809624	58.33548664121622	53.548124006292255	55.215763011620766	54.452089891089486	43.10372742908339	58.4909869082785	53.09793517302762	53.671759101115185	49.78904977968773	65.61069010271854	47.882962230145154	66.19714069162046	57.962642069374624	53.58262093068004	58.949867907573434	56.837709307042815	43.963076201979334	59.76750581464796	52.92038448101937	48.15454285123678	65.53799756287458	41.23622600935346	54.53044908656876	0:23:06	9690
