	algorithm	#Fc	D	percFES	run_1	run_2	run_3	run_4	run_5	run_6	run_7	run_8	run_9	run_10	run_11	run_12	run_13	run_14	run_15	run_16	run_17	run_18	run_19	run_20	run_21	run_22	run_23	run_24	run_25	run_26	run_27	run_28	run_29	run_30	run_31	run_32	run_33	run_34	run_35	run_36	run_37	run_38	run_39	run_40	run_41	run_42	run_43	run_44	run_45	run_46	run_47	run_48	run_49	run_50	run_51	mean	elapsed_time	evals
0	ODE/best/1/bin	9	10	0.3	21.974829340397037	30.3493478603084	14.924370742942187	39.82869089202438	8.954626476020508	16.914288857128668	17.90922771750752	29.42671545569658	8.325728722696908	8.954626476020508	29.790969556552795	7.959667418927211	27.876569008837464	13.917421622672578	32.516955179019305	28.20523240548266	24.488174009882414	8.954626476020508	32.11566250199803	9.949585533113805	33.20341991905332	18.801397442027337	14.924370742942187	4.9747952854664845	19.80563021090643	24.010274931822437	6.964713399653078	13.501162325251698	25.868824287756297	20.737775528352927	19.31677419417258	15.222102113106644	5.969754342559781	41.409275948150025	8.954626476020508	15.91931464114009	40.79673891638879	12.934457666574644	4.9747952854664845	24.6309466193577	25.210847179943926	22.06038800160627	22.205891924467096	38.41378075548778	13.929416723667941	29.866519847827817	16.073855720586607	11.939498609481348	3.9798362283731876	43.32595633080052	9.949580495294754	20.06302035974424	0:58:37	29280
