	algorithm	#Fc	D	percFES	run_1	run_2	run_3	run_4	run_5	run_6	run_7	run_8	run_9	run_10	run_11	run_12	run_13	run_14	run_15	run_16	run_17	run_18	run_19	run_20	run_21	run_22	run_23	run_24	run_25	run_26	run_27	run_28	run_29	run_30	run_31	run_32	run_33	run_34	run_35	run_36	run_37	run_38	run_39	run_40	run_41	run_42	run_43	run_44	run_45	run_46	run_47	run_48	run_49	run_50	run_51	mean	elapsed_time	evals
0	ODE/best/1/bin	9	10	0.4	30.165597508540145	33.18269284846747	5.969754342559781	10.944544590207101	12.831253534289317	14.924370742942187	18.120373504210647	12.9344374698602	14.924370742942187	20.894115009863754	26.299082161721913	34.43454700949826	21.889058908061656	25.14533689016946	40.45790534290143	16.914268660414223	12.934457666574644	24.81694929477885	5.969754342559781	2.9848771712798907	15.466777422436735	22.268593175697788	8.954626476020508	8.954626476020508	20.26033100383586	22.117598169701978	7.959667418927211	45.45137587971897	11.939498609481348	21.889058908061656	36.03748258118367	12.934457666574644	35.50973325711834	15.919329800035484	9.949585533113805	5.969749304740731	21.889058908061656	40.10241397132597	10.944544590207101	19.693265514196924	57.43484678635491	12.934457666574644	29.814116076490564	38.431505543530534	33.51008401495096	36.3309486119598	20.728654119924272	20.02067735700757	7.959667418927211	12.934457666574644	25.62591911599543	21.111271701697927	1:14:39	39030
