	algorithm	#Fc	D	percFES	run_1	run_2	run_3	run_4	run_5	run_6	run_7	run_8	run_9	run_10	run_11	run_12	run_13	run_14	run_15	run_16	run_17	run_18	run_19	run_20	run_21	run_22	run_23	run_24	run_25	run_26	run_27	run_28	run_29	run_30	run_31	run_32	run_33	run_34	run_35	run_36	run_37	run_38	run_39	run_40	run_41	run_42	run_43	run_44	run_45	run_46	run_47	run_48	run_49	run_50	run_51	mean	elapsed_time	evals
0	ODE/best/1/bin	9	10	0.5	9.137876981410272	14.146555457339332	5.969749304740731	27.443449109354674	16.640331907678046	4.027236555025638	4.9747952854664845	50.78866078321789	36.889586284560664	27.8217064897799	21.561176733845514	9.175703110652876	12.010579055988615	1.9899181141865938	25.83681598692442	18.32394006092079	14.547042539967265	17.90922771750752	6.964708361833914	17.07243621481075	43.182761075574376	10.697728827766582	15.462102815209391	14.152448677189682	43.8250372427334	17.909242876402914	26.64104990533542	11.497052246468456	36.00393371801306	12.9344374698602	14.100452628046241	31.70234531992378	12.621945710102182	6.964708361833914	19.19211138378091	12.314992656475738	4.9747952854664845	5.969754342559781	11.939498609481348	47.16387866588275	8.954626476020508	30.306634777023646	53.725341674921765	11.881268569845588	6.964713399653078	10.94453955238805	12.934457666574644	29.954984533763536	15.994438414519777	25.868869901901235	21.380417487049158	19.04690326131332	1:28:58	48780
