	algorithm	#Fc	D	percFES	run_1	run_2	run_3	run_4	run_5	run_6	run_7	run_8	run_9	run_10	run_11	run_12	run_13	run_14	run_15	run_16	run_17	run_18	run_19	run_20	run_21	run_22	run_23	run_24	run_25	run_26	run_27	run_28	run_29	run_30	run_31	run_32	run_33	run_34	run_35	run_36	run_37	run_38	run_39	run_40	run_41	run_42	run_43	run_44	run_45	run_46	run_47	run_48	run_49	run_50	run_51	mean	elapsed_time	evals
0	ODE/best/1/bin	9	30	0.5	267.1988231947564	241.43797655777553	267.14373213204294	240.56303509469376	271.58175863653537	279.60296968226453	288.79125970550535	257.558725894962	248.91744283586513	264.8518480415155	249.5747582657218	253.6627090208067	269.5998984660498	259.21978489293565	264.28959953488334	272.98795033577676	256.34825694774645	212.5785353883848	261.6891251556033	253.58436671707204	228.0368829420588	212.89102861747187	227.1126533361048	230.3136464276581	261.51166070246563	272.3520745966209	251.64475108287388	278.4901939165484	257.46029941752636	257.3626753374431	276.4105462565258	267.19723569820826	264.53277559832804	274.86646684049083	241.09457154190613	271.8051367711889	274.6490827894727	228.56352621757765	253.54507883461656	267.902901128243	230.65650437610248	239.42270886184497	283.7865007056221	210.35211641426213	243.02609208365152	250.88962482146803	237.91278994937738	278.6236618265889	239.45662290742507	233.23600244441786	233.62211994342306	254.11589193898837	12:01:05	145170
