	algorithm	#Fc	D	percFES	run_1	run_2	run_3	run_4	run_5	run_6	run_7	run_8	run_9	run_10	run_11	run_12	run_13	run_14	run_15	run_16	run_17	run_18	run_19	run_20	run_21	run_22	run_23	run_24	run_25	run_26	run_27	run_28	run_29	run_30	run_31	run_32	run_33	run_34	run_35	run_36	run_37	run_38	run_39	run_40	run_41	run_42	run_43	run_44	run_45	run_46	run_47	run_48	run_49	run_50	run_51	mean	elapsed_time	evals
0	ODE/best/1/bin	9	30	0.6	108.68531848924897	76.20336689358282	122.81870975088032	121.5928117091106	106.01464219731986	71.93221563365114	102.05702484128369	51.73780543176497	115.81329358630887	59.69744257833963	40.40680316438704	144.26133171877336	120.71454013980383	109.44615297406267	127.60224148742623	49.7478063478236	90.89296016449737	86.02812509078797	136.43720241374695	66.66206997041877	56.71259064159335	106.64617489693603	126.98091206660638	71.63690583221114	79.3343064293482	67.65710495944779	86.07510689882542	83.42160210048519	82.74753280392713	46.209494771472464	121.01654893580849	102.93190100432093	78.60154334536662	100.78101020931854	95.87176970250584	78.23970447125112	91.531472116342	68.43279105986642	102.48042932222188	100.84704323800293	150.065953783866	172.6901487083221	84.17565096553813	94.00831134800899	51.73776503833608	159.06643200187023	89.58972742091146	52.732719057610325	102.13541331435783	40.79326587937692	104.42842806952353	93.30062009758429	5:43:06	175560
