	algorithm	#Fc	D	percFES	run_1	run_2	run_3	run_4	run_5	run_6	run_7	run_8	run_9	run_10	run_11	run_12	run_13	run_14	run_15	run_16	run_17	run_18	run_19	run_20	run_21	run_22	run_23	run_24	run_25	run_26	run_27	run_28	run_29	run_30	run_31	run_32	run_33	run_34	run_35	run_36	run_37	run_38	run_39	run_40	run_41	run_42	run_43	run_44	run_45	run_46	run_47	run_48	run_49	run_50	run_51	mean	elapsed_time	evals
0	ODE/best/1/bin	9	30	0.9	259.139097657669	235.6883693706484	258.8816116848343	226.92510167481169	235.51346897164626	258.31212819881534	233.25713349138755	234.9407032491972	233.56035663016814	263.9563978115475	237.776707138152	243.5238026550046	174.93120317348644	210.65707257371332	231.57531248789996	232.06621359793462	270.3759061012356	221.6224480003409	234.47719791843633	200.9530215166776	262.18502203769503	185.29918123252446	241.77663627871175	219.41301257057444	277.9982870325223	250.43013014076223	222.7253558429161	248.03964352836647	235.7730207574666	215.8418616915235	228.96265838867407	232.53978568893763	207.9591306622649	198.46723806522164	230.8996055721168	285.4317309933922	257.37073192359094	251.73654917279487	224.7369140318856	229.54392892815372	240.01684389552156	237.71800761936152	276.1122892484923	217.9421463422616	263.9362147039417	191.9012378536379	283.6602333006508	245.04877147554248	263.33721291872484	225.94559966216138	232.59061404505974	236.9308401864521	16:58:31	261300
