	algorithm	#Fc	D	percFES	run_1	run_2	run_3	run_4	run_5	run_6	run_7	run_8	run_9	run_10	run_11	run_12	run_13	run_14	run_15	run_16	run_17	run_18	run_19	run_20	run_21	run_22	run_23	run_24	run_25	run_26	run_27	run_28	run_29	run_30	run_31	run_32	run_33	run_34	run_35	run_36	run_37	run_38	run_39	run_40	run_41	run_42	run_43	run_44	run_45	run_46	run_47	run_48	run_49	run_50	run_51	mean	elapsed_time	evals
0	ODE/best/1/bin	9	30	0.8	243.4045073678999	232.2838816104313	227.27790502583775	258.6138155603526	243.11318345727955	227.06627316973027	239.03030325892064	254.3488392156928	229.90483442539494	225.30737900082863	246.22972620986502	244.97859403761618	213.24849438604838	234.8983984392255	253.00135962493414	235.27841003275535	213.6950041789869	292.72233684906746	249.76557479625444	244.43698241478955	253.53115266464602	253.15234689234399	233.0810770876094	269.779988101787	251.50736705424174	259.23845995788065	230.8013859097607	246.2146669645756	230.56797328661196	272.7184391244173	226.76821615298945	207.48870302902628	236.73346542599188	208.88486258926878	231.51116196525095	201.9277625769614	250.57557387700626	255.85069801297368	220.25087940835806	260.98417145004373	229.68871054709803	220.40911831237645	263.18774351745174	258.63807293700074	205.88911545693213	245.61332402652124	255.8034012597218	278.55074583860505	261.6761294201199	219.26647500634567	243.32837341481013	241.02402675158118	16:09:27	232260
