	algorithm	#Fc	D	percFES	run_1	run_2	run_3	run_4	run_5	run_6	run_7	run_8	run_9	run_10	run_11	run_12	run_13	run_14	run_15	run_16	run_17	run_18	run_19	run_20	run_21	run_22	run_23	run_24	run_25	run_26	run_27	run_28	run_29	run_30	run_31	run_32	run_33	run_34	run_35	run_36	run_37	run_38	run_39	run_40	run_41	run_42	run_43	run_44	run_45	run_46	run_47	run_48	run_49	run_50	run_51	mean	elapsed_time	evals
0	ODE/best/1/bin	9	30	0.01	339.12393095012885	371.89827432346374	358.19382154816185	314.8844573003032	397.0626632379099	346.475281259093	402.72944816180006	356.52109204596877	367.6352605542959	399.4012631804683	393.7812182706698	406.4651716425849	383.1440137349284	359.912353773057	363.24996747727073	360.40468020833987	386.5272288372687	367.0071861556394	375.8659573329901	380.06404021897083	374.98559552812685	386.0849108695943	397.72822451743514	356.57259164264224	378.4837874546163	386.8190936458566	391.7486542365946	361.71106122850824	349.0300967175217	340.57535816793825	370.3910256606887	390.1949940654663	354.74861105927175	323.2836837282582	457.59995665891984	373.6746379879478	357.14454423387633	422.99679101039897	400.108657835214	402.94079440186556	366.7979298008679	309.5744697124346	335.52596310325725	373.38886235809014	330.01064789641237	384.1171872926693	429.7924347853766	351.54753909551346	367.79127875964423	336.3758568788728	338.82038674433943	371.19437131944187	0:07:31	2910
