	algorithm	#Fc	D	percFES	run_1	run_2	run_3	run_4	run_5	run_6	run_7	run_8	run_9	run_10	run_11	run_12	run_13	run_14	run_15	run_16	run_17	run_18	run_19	run_20	run_21	run_22	run_23	run_24	run_25	run_26	run_27	run_28	run_29	run_30	run_31	run_32	run_33	run_34	run_35	run_36	run_37	run_38	run_39	run_40	run_41	run_42	run_43	run_44	run_45	run_46	run_47	run_48	run_49	run_50	run_51	mean	elapsed_time	evals
0	ODE/best/1/bin	9	30	0.4	39.79832701899818	93.95773026147208	66.66215094017366	88.2070459733718	86.56104827145862	73.17305193297113	75.01352433646161	74.95728731379938	56.87309421090356	76.49979716189318	124.896788211081	87.94107074832334	94.72534924519744	104.69872447927969	63.689132487611346	117.6256946031956	77.60660952280682	100.49057701889478	69.64698771802455	87.70995857946468	64.67215185623218	53.160679598404386	168.30208055931917	48.75289290487524	46.18454472438884	74.39006093271587	88.55110364394693	62.68225897657919	65.53221208486843	86.56119056757939	108.21380615842475	120.04824674291797	123.12647145904782	100.87529240879098	75.65199595876425	82.58118662565494	206.830423633387	57.7075295019722	37.80839878373524	68.65202866093125	54.72257639875647	68.52469856190339	60.692386476537536	102.02985245972445	111.1330475791408	91.73985589599715	121.60412088790895	111.24342395381166	104.12305205206735	67.65702398969302	113.49057808002055	86.43096317947999	4:10:29	117000
