	algorithm	#Fc	D	percFES	run_1	run_2	run_3	run_4	run_5	run_6	run_7	run_8	run_9	run_10	run_11	run_12	run_13	run_14	run_15	run_16	run_17	run_18	run_19	run_20	run_21	run_22	run_23	run_24	run_25	run_26	run_27	run_28	run_29	run_30	run_31	run_32	run_33	run_34	run_35	run_36	run_37	run_38	run_39	run_40	run_41	run_42	run_43	run_44	run_45	run_46	run_47	run_48	run_49	run_50	run_51	mean	elapsed_time	evals
0	ODE/best/1/bin	9	30	0.7	207.52072684823997	244.46297361172992	279.1131261503024	181.22262818832974	268.6053253322616	203.21919861876177	248.28174310253826	233.21691017215403	216.24812102821352	242.51013180147152	240.4311931153468	207.76712535912338	235.95044740619323	245.74074169379014	270.70877437604963	251.84791259577537	180.85250113218854	259.547679515681	222.36686407053003	289.0797762713214	257.41398386969104	253.92669649625736	251.36677814781478	233.04286689612013	267.28124098793705	226.27974673390827	248.2238489024203	201.41379644471317	249.43466731943772	246.96665429053337	264.96639072130006	259.8684868563232	275.4872801567967	246.79450314231235	239.95956305418122	225.99296151584122	269.89266875962903	223.85113537765005	275.2560978414299	241.81818457893178	233.4199198106537	220.68581649047223	215.65357354007574	225.40565770038097	240.6478111695974	248.08397606238327	267.3547879899429	238.5898441373406	233.584764400013	228.23029763117302	236.7902649774021	240.71329738024835	15:10:24	203250
