	algorithm	#Fc	D	percFES	run_1	run_2	run_3	run_4	run_5	run_6	run_7	run_8	run_9	run_10	run_11	run_12	run_13	run_14	run_15	run_16	run_17	run_18	run_19	run_20	run_21	run_22	run_23	run_24	run_25	run_26	run_27	run_28	run_29	run_30	run_31	run_32	run_33	run_34	run_35	run_36	run_37	run_38	run_39	run_40	run_41	run_42	run_43	run_44	run_45	run_46	run_47	run_48	run_49	run_50	run_51	mean	elapsed_time	evals
0	ODE/best/1/bin	9	30	0.2	249.7867936642333	261.6893023599114	289.39159998437526	278.2836856496708	268.3328098837105	260.29237815405054	298.6709297651273	279.29891893072295	286.3850074635707	271.00389113540473	269.14428852801484	291.4526952720198	309.9333554898062	253.88427180245208	274.53102794213737	238.62197599573028	286.30224580802724	306.1523022457502	269.48459196144495	279.19246102073134	287.77236459194273	287.28884208006843	266.0440411153736	303.54430799860825	260.2315036699331	228.17287172584884	282.4840743129148	297.0818137057347	242.02646238962507	281.58125609150784	270.30550435495206	284.4041990273977	272.4430849374794	266.0845669338237	290.64935358862635	259.0828769066029	272.3434608067512	292.91989677190645	254.8816794104432	344.13353300651556	304.16624526362966	268.722893835891	293.77417701278137	265.4635094259688	271.00086263568596	280.50188645952153	286.25219597215437	286.5975615131988	313.36706005152496	251.0613697473823	248.04482942089726	277.1424081925801	5:23:17	58080
