	algorithm	#Fc	D	percFES	run_1	run_2	run_3	run_4	run_5	run_6	run_7	run_8	run_9	run_10	run_11	run_12	run_13	run_14	run_15	run_16	run_17	run_18	run_19	run_20	run_21	run_22	run_23	run_24	run_25	run_26	run_27	run_28	run_29	run_30	run_31	run_32	run_33	run_34	run_35	run_36	run_37	run_38	run_39	run_40	run_41	run_42	run_43	run_44	run_45	run_46	run_47	run_48	run_49	run_50	run_51	mean	elapsed_time	evals
0	ODE/best/1/bin	9	30	0.1	236.8270948444383	253.78204396821502	340.5852762538143	288.3660664799854	290.7428815363053	294.06290673409967	310.57672431645324	279.7485946801728	276.6198077908032	312.05421846979584	269.83562935994814	258.68734484879155	282.27980445419166	258.4159239901378	300.0973730352973	294.12295074579106	297.04360573140184	303.1347305490401	350.13560354813694	251.4309779916764	303.26312100449763	294.55283979341243	291.2420784126232	273.04858141833915	279.83249125584416	273.975278044245	257.15793517958696	318.6075607075227	324.9448172038317	306.1333948335175	318.50657532482046	301.8154795821654	258.7922829229565	263.82476096921755	282.0986898961976	290.038352722426	302.0316274150582	293.030541093229	311.9682153829717	301.224001590484	287.6429908319951	257.63348461751275	269.7646236853441	273.0539706644595	308.0059570606418	281.0978011426928	247.84355746687834	342.28005805057023	280.1613267791163	286.39468418166143	271.83558869468266	288.24220053445094	2:34:22	29040
