	algorithm	#Fc	D	percFES	run_1	run_2	run_3	run_4	run_5	run_6	run_7	run_8	run_9	run_10	run_11	run_12	run_13	run_14	run_15	run_16	run_17	run_18	run_19	run_20	run_21	run_22	run_23	run_24	run_25	run_26	run_27	run_28	run_29	run_30	run_31	run_32	run_33	run_34	run_35	run_36	run_37	run_38	run_39	run_40	run_41	run_42	run_43	run_44	run_45	run_46	run_47	run_48	run_49	run_50	run_51	mean	elapsed_time	evals
0	ODE/best/1/bin	9	30	1.0	239.44320213106403	221.15612687892212	305.61669262842906	290.02321036840317	219.2048305035546	213.8790378003746	282.21578006702157	232.4577199715095	247.47052593265198	222.55193377024443	243.21477544024515	251.88930531982191	260.656486940135	232.31934319738457	258.425366014691	261.62837737726886	235.15002869542263	258.51568370402856	214.25336762315374	245.6844879887401	255.10273452763818	230.66169166260534	231.99583691749945	218.0463572487006	232.78490138557868	286.4058118398366	242.31615721139246	273.09651947207703	235.7519354162198	223.36559529635088	234.13089388308458	235.46465462875813	291.03601217138703	246.50813431680308	254.77902936672263	272.8450076111892	249.1494148920699	228.35266393480265	238.538930452371	253.48501284070062	262.71364817075596	239.06687496040126	272.43037313660193	279.4470430222923	277.8639725495684	232.44033492410904	228.23611856534785	249.60616210649346	235.80901733036126	237.7843090546121	238.0628773942135	247.51047664007078	17:40:39	290340
