	algorithm	#Fc	D	percFES	run_1	run_2	run_3	run_4	run_5	run_6	run_7	run_8	run_9	run_10	run_11	run_12	run_13	run_14	run_15	run_16	run_17	run_18	run_19	run_20	run_21	run_22	run_23	run_24	run_25	run_26	run_27	run_28	run_29	run_30	run_31	run_32	run_33	run_34	run_35	run_36	run_37	run_38	run_39	run_40	run_41	run_42	run_43	run_44	run_45	run_46	run_47	run_48	run_49	run_50	run_51	mean	elapsed_time	evals
0	ODE/best/1/bin	9	30	1.0	88.38269115765627	118.7865380164883	70.73344388168528	67.65702902751207	53.72767811470362	131.97109407219205	134.30444263536174	76.63484353565048	189.40971961160994	38.80337299972393	77.67086999617254	58.702427786025055	106.09155896150787	109.87288039418786	48.90864382239704	72.63181927515939	81.58644071336096	73.62684922636936	257.55474777197196	71.63692099110654	112.1370080050558	71.63686525588525	81.5864610929724	80.13021577325924	55.717636622319105	51.17277922571088	71.63688041478065	177.3827651350391	71.92225507183116	116.49473649600554	75.36711191863162	60.52274777134335	71.63690079439209	79.59631953001326	158.94153575411883	71.63690079439209	107.38602847049845	60.40585690430578	62.68233994633397	121.83786255695429	63.778531870356346	126.86512846948585	122.30587449218558	45.768076323738796	65.56177808731502	85.41639794903438	111.41205020162045	68.65974859737014	64.67205499135946	87.14051961071323	116.23039334199893	91.10462300901695	8:08:44	292500
