	algorithm	#Fc	D	percFES	run_1	run_2	run_3	run_4	run_5	run_6	run_7	run_8	run_9	run_10	run_11	run_12	run_13	run_14	run_15	run_16	run_17	run_18	run_19	run_20	run_21	run_22	run_23	run_24	run_25	run_26	run_27	run_28	run_29	run_30	run_31	run_32	run_33	run_34	run_35	run_36	run_37	run_38	run_39	run_40	run_41	run_42	run_43	run_44	run_45	run_46	run_47	run_48	run_49	run_50	run_51	mean	elapsed_time	evals
0	ODE/best/1/bin	9	30	0.9	56.712610838307796	103.36144135783604	110.8588738311222	46.763010146298484	117.43946979097598	134.61141627343818	75.61669140862023	82.58137453592076	104.16375506084034	87.48447662233525	46.76303034301304	65.37828446666742	43.215437982712615	56.42081042642678	52.73273925432477	86.3768946733137	80.75385217200471	68.65198808460536	68.65206401654109	148.2939801227701	78.70172370145815	98.53963464920093	89.71568130638457	72.64947037671436	77.23184672391699	57.7075547365057	102.78337802929775	44.96017395637466	110.44012724183688	138.44946125648767	178.0316993976253	81.69624615243356	66.13546647791975	77.71347295502665	99.49555718876104	228.9728641536044	34.8235418091698	130.15007314417653	75.46925392248784	71.63690079439209	88.09472875237805	111.26609703311487	141.15982073000623	66.19576290912528	111.88771917084205	130.9777496888289	158.63932421492382	50.74284133685262	144.0263381008483	92.19360997443869	61.68737081360257	92.33348415895708	7:35:48	263280
