	algorithm	#Fc	D	percFES	run_1	run_2	run_3	run_4	run_5	run_6	run_7	run_8	run_9	run_10	run_11	run_12	run_13	run_14	run_15	run_16	run_17	run_18	run_19	run_20	run_21	run_22	run_23	run_24	run_25	run_26	run_27	run_28	run_29	run_30	run_31	run_32	run_33	run_34	run_35	run_36	run_37	run_38	run_39	run_40	run_41	run_42	run_43	run_44	run_45	run_46	run_47	run_48	run_49	run_50	run_51	mean	elapsed_time	evals
0	ODE/best/1/bin	9	30	0.3	128.77810698922826	75.32383573736945	84.57128761228819	113.46178385528015	88.55116441698726	78.1736435872665	49.74786712086393	59.69744257833963	104.30172156258323	64.67223282598707	86.34247502773087	120.364090638937	45.768076323738796	104.47031189790164	38.80335784082854	117.67005747884866	53.72768315252267	54.780739005183364	136.5252494736551	64.67219728748023	90.96576417482072	79.39848097535457	96.51078118395048	70.6419263955064	98.73743987679848	112.37076837897621	177.3792410342237	60.6923408623926	168.49648910154383	66.11444954064984	74.62173235152704	134.8676256498661	156.89618147843407	72.63185985148539	145.95179966933006	96.91235320595865	88.55117957588266	33.21744193667905	70.3659925346044	83.57634875190934	143.3624445404796	126.74207393974984	51.97905538992757	41.78823501210843	132.90934285639628	68.69075930397435	89.25718696088893	87.04036699261997	131.51363484871126	63.82846247538123	106.80666707479782	92.0239558889794	3:16:43	87810
