	algorithm	#Fc	D	percFES	run_1	run_2	run_3	run_4	run_5	run_6	run_7	run_8	run_9	run_10	run_11	run_12	run_13	run_14	run_15	run_16	run_17	run_18	run_19	run_20	run_21	run_22	run_23	run_24	run_25	run_26	run_27	run_28	run_29	run_30	run_31	run_32	run_33	run_34	run_35	run_36	run_37	run_38	run_39	run_40	run_41	run_42	run_43	run_44	run_45	run_46	run_47	run_48	run_49	run_50	run_51	mean	elapsed_time	evals
0	ODE/best/1/bin	9	30	0.1	85.5662872479993	95.21543244645113	63.67725861447002	57.36527699875103	79.79855729682276	59.69745269960458	73.42565085855222	132.97364946275547	114.95900503457028	73.0301948128456	71.63691595333614	62.68230459117365	41.78825017394274	81.5864013891163	85.17408085985687	138.18930705971184	87.6079518196193	72.41232350810196	84.53104784553318	30.84370558847445	52.732744293749874	168.67695786200943	64.67223354397584	84.57131284977379	58.16010465112936	57.707529506873016	93.11538645739108	89.63333287779813	94.5207821000862	40.79328608180356	63.67721805169106	111.38680156154385	78.6016041190469	100.0765241157128	91.42983036375381	195.9875972122352	61.687355661816014	199.76811308145147	109.97044491798988	53.72773906701627	72.62459965056428	119.09519909276332	86.45527442837317	55.21797409784028	75.61667123918778	129.6090327247323	75.61673198592746	133.71089442803714	57.247347979665506	66.63824426676786	121.71476145216036	87.38440556832461	1:07:06	29280
