	algorithm	#Fc	D	percFES	run_1	run_2	run_3	run_4	run_5	run_6	run_7	run_8	run_9	run_10	run_11	run_12	run_13	run_14	run_15	run_16	run_17	run_18	run_19	run_20	run_21	run_22	run_23	run_24	run_25	run_26	run_27	run_28	run_29	run_30	run_31	run_32	run_33	run_34	run_35	run_36	run_37	run_38	run_39	run_40	run_41	run_42	run_43	run_44	run_45	run_46	run_47	run_48	run_49	run_50	run_51	mean	elapsed_time	evals
0	ODE/best/1/bin	9	30	0.3	270.42793850042403	260.47714787780865	270.36656027124604	269.375022536341	268.64016416436016	218.71425256417592	245.70292534382997	305.68564868984345	303.5607434849635	258.8866791856756	263.1590087015834	283.593514843657	270.7482666854444	264.56149861392896	266.4597216433724	250.47460350705956	252.26599098491874	295.42314651309925	293.4689143639853	259.19478367014494	250.2794600989639	270.6115709574178	256.29546382231433	252.77558445156092	237.7282148709237	228.18244735300232	279.61657971081627	257.0547592760065	270.7009747121324	272.97263751018045	261.44179774108557	284.6873133628942	256.37841865339897	265.46205069410325	259.0734584108293	275.5708871470547	239.95905572845982	262.88060409858144	259.81531137452475	286.44377211336496	277.21030038066147	279.31359963646696	280.2923545525118	299.8548358285125	266.0056732652786	250.1987768793906	261.2177589419416	289.0293616349784	291.49018855356394	260.58686050068127	271.94172244916444	267.1815358207182	7:52:42	87120
