	algorithm	#Fc	D	percFES	run_1	run_2	run_3	run_4	run_5	run_6	run_7	run_8	run_9	run_10	run_11	run_12	run_13	run_14	run_15	run_16	run_17	run_18	run_19	run_20	run_21	run_22	run_23	run_24	run_25	run_26	run_27	run_28	run_29	run_30	run_31	run_32	run_33	run_34	run_35	run_36	run_37	run_38	run_39	run_40	run_41	run_42	run_43	run_44	run_45	run_46	run_47	run_48	run_49	run_50	run_51	mean	elapsed_time	evals
0	ODE/best/1/bin	9	30	0.8	86.56116533304589	123.89707341718372	35.13306220729203	84.86713086870554	140.08670695630963	148.8343694208436	184.04129644709246	79.59654801660486	81.1772015204341	84.08487270780711	85.14503794672282	41.78822997428938	153.3275840823801	103.89597975160223	184.2488703777126	43.778168285190304	50.74284637467167	65.66715652747052	50.344763099187276	114.41953527816327	132.91856980847433	72.63175850211906	88.55112402355837	128.4931516100155	52.732764488858265	125.17710841752569	94.63845101353377	66.6621307434591	68.65206401654109	50.74278560163134	73.20338191960616	35.81848066954865	190.9655989250366	39.79832701899818	146.09421581295578	94.91701848668913	33.828587789895664	105.68625210283597	124.28797449239255	139.6494200949469	68.6520387820076	154.24904463629673	120.10745761737826	67.52587954337378	130.62034979949271	123.85016826746289	51.73774465872464	41.788224936470215	98.07581738758824	86.56114495343445	118.29769415886574	95.46181037004759	7:02:51	234000
