	algorithm	#Fc	D	percFES	run_1	run_2	run_3	run_4	run_5	run_6	run_7	run_8	run_9	run_10	run_11	run_12	run_13	run_14	run_15	run_16	run_17	run_18	run_19	run_20	run_21	run_22	run_23	run_24	run_25	run_26	run_27	run_28	run_29	run_30	run_31	run_32	run_33	run_34	run_35	run_36	run_37	run_38	run_39	run_40	run_41	run_42	run_43	run_44	run_45	run_46	run_47	run_48	run_49	run_50	run_51	mean	elapsed_time	evals
0	ODE/best/1/bin	9	30	0.5	88.55075642165502	81.5862580238113	112.57293438191209	151.13319390124616	46.76301518411765	68.6520084642168	62.98206341165735	92.45478143837659	99.4955115746161	67.65708476273335	63.67727376889377	73.67577506370617	93.52582808073487	85.56622647266704	66.70918094980948	122.57136354267527	84.70729587109122	52.73269867799888	110.31021379467347	82.58141511224653	110.68819701936718	77.09685272945	76.61167588314402	139.89707374972545	100.4904093053434	121.87244536090918	37.80841394263064	79.28011536119539	55.717636622319105	155.0531949527358	61.94423716126562	114.44952887243346	110.44015247637037	112.43000981751663	72.6317534643	121.30275478343992	56.804044181064796	85.27970835661449	125.1007772390717	66.66213578127827	43.77816828519042	102.49280914896349	49.99347461459831	39.798311860102785	95.40792111272242	59.6973818052993	73.62683406747408	99.55079496645351	68.6520488576457	98.25643151331724	107.23991510519647	86.82274680972507	5:00:23	146250
