	algorithm	#Fc	D	percFES	run_1	run_2	run_3	run_4	run_5	run_6	run_7	run_8	run_9	run_10	run_11	run_12	run_13	run_14	run_15	run_16	run_17	run_18	run_19	run_20	run_21	run_22	run_23	run_24	run_25	run_26	run_27	run_28	run_29	run_30	run_31	run_32	run_33	run_34	run_35	run_36	run_37	run_38	run_39	run_40	run_41	run_42	run_43	run_44	run_45	run_46	run_47	run_48	run_49	run_50	run_51	mean	elapsed_time	evals
0	DE/best/1/bin	14	30	0.01	8.391429080142643	0.9193202403175746	14.32985775756265	10.321283111934008	7.422810576817028	8.80707949382986	3.7893156129619	4.797712692995901	9.528155859793515	10.132543978642843	1.35828471269906	0.501814872745399	8.084810670259458	0.708151832473277	7.917906237870966	10.071999328585662	9.41703731216171	1.7784738544207812	1.339038217371808	7.213761231325179	1.3981956117524987	0.9487908516184689	12.757861955656836	0.33264038728157175	11.187802492216179	18.15597500511967	9.763266914392943	11.112263564018576	0.6093557267649885	0.461759173953169	0.7609410093252791	0.7988198143848422	9.509645444536773	2.432221488516916	9.492410355604989	2.2014554205807144	6.396455729322952	8.692302698797903	5.081745148184382	0.5804799272218588	22.930629545106058	1.145218536399625	1.0051565151675277	9.995823682921582	6.977732731287233	12.238205689188135	1.3648896151560166	9.402757509025832	4.984604731908803	8.873617307326413	0.8038379917034035	6.2593656715559485	0:13:59	2910
