	algorithm	#Fc	D	percFES	run_1	run_2	run_3	run_4	run_5	run_6	run_7	run_8	run_9	run_10	run_11	run_12	run_13	run_14	run_15	run_16	run_17	run_18	run_19	run_20	run_21	run_22	run_23	run_24	run_25	run_26	run_27	run_28	run_29	run_30	run_31	run_32	run_33	run_34	run_35	run_36	run_37	run_38	run_39	run_40	run_41	run_42	run_43	run_44	run_45	run_46	run_47	run_48	run_49	run_50	run_51	mean	elapsed_time	evals
0	DE/best/1/bin	1	10	0.4	8519.58224148252	8408.39383247026	13766.84617271513	10868.756259828084	14754.7781906088	26221.623696346447	20011.21196524847	20618.941729549904	15527.335258187886	24259.03977156861	9264.189161361202	12764.95928168163	30324.973853408865	14511.985365307934	9005.109559748236	17246.147899621104	8924.299837378388	18874.174865809866	12685.390326129684	24969.533106498104	25339.637590846407	21341.06491806213	6526.778309619993	17630.38572390011	25389.099451156737	12468.79100352619	20546.945760000966	21716.86475200322	13205.701357688014	16319.104523158687	60312.54397758643	24904.55298732083	8251.820856980168	11473.661329510775	39167.774305082	16902.571807209286	29831.805978352262	20763.634948363484	16216.691375110116	24861.239467325133	21189.521553676117	9257.244451325743	20967.377398445107	16628.485171678272	11449.211620882275	13973.175918051013	14196.55268363229	9854.970948745127	25948.164124054554	25421.223113405387	25705.085411241384	18613.508925350812	1:42:29	39900
