	algorithm	#Fc	D	percFES	run_1	run_2	run_3	run_4	run_5	run_6	run_7	run_8	run_9	run_10	run_11	run_12	run_13	run_14	run_15	run_16	run_17	run_18	run_19	run_20	run_21	run_22	run_23	run_24	run_25	run_26	run_27	run_28	run_29	run_30	run_31	run_32	run_33	run_34	run_35	run_36	run_37	run_38	run_39	run_40	run_41	run_42	run_43	run_44	run_45	run_46	run_47	run_48	run_49	run_50	run_51	mean	elapsed_time	evals
0	DE/best/1/bin	1	10	0.1	1882817.4378216618	3092010.099700126	1675623.3655745704	2747927.75172752	2353962.6196527733	1178123.1048697336	2075697.9911177265	889854.4162367457	2265948.42238493	3448750.4919250365	662596.6580558511	3177380.981555634	2666432.186078987	1823628.5951037935	2374674.349293488	2499212.342160114	2105120.616289245	1911382.4714678384	4330840.707202722	5202827.9827348385	2929873.7992419098	2714143.5463750875	2816429.276813216	1617203.9241501605	1046104.9678363792	3397563.1728232857	3575437.25558343	3029686.262874811	3470168.9415289937	2202733.591375169	1808807.8140469398	2506062.031117504	2097385.5696815834	3629334.209004837	2563457.543857661	3341537.68312946	5082956.40616091	2255078.5757986126	2763888.534054771	1522402.5471256147	1195090.2077160391	2511416.111743097	2943464.395909119	2263590.5943114855	1410327.724097582	1537568.8554084976	2293732.7651384575	2849033.6194509068	2942010.771367104	1869454.242087625	4272099.971374734	2525938.3823948693	0:27:03	10200
