	algorithm	#Fc	D	percFES	run_1	run_2	run_3	run_4	run_5	run_6	run_7	run_8	run_9	run_10	run_11	run_12	run_13	run_14	run_15	run_16	run_17	run_18	run_19	run_20	run_21	run_22	run_23	run_24	run_25	run_26	run_27	run_28	run_29	run_30	run_31	run_32	run_33	run_34	run_35	run_36	run_37	run_38	run_39	run_40	run_41	run_42	run_43	run_44	run_45	run_46	run_47	run_48	run_49	run_50	run_51	mean	elapsed_time	evals
0	DE/best/1/bin	1	10	0.2	0.20984662953762268	0.00041283560946681064	0.00013193895797769528	0.004344437912209287	0.00063627772206587	3.8170453254333125	0.15177680792145054	4.956823094914853e-05	335.1033917473121	0.0016526665314415823	0.33051705767175577	0.010505342057243183	1.2447691770676386	1.0614841967659885	2.7663089071072875	0.0047605712400695666	30.491181484268083	0.004088640684244638	6.427544334997037e-06	0.01180764091337494	2.1261646097059383e-05	4.62229566409178e-05	0.00040796420198319083	0.05153527710479011	3.6719771401294565e-07	0.13451553371032787	0.009283866764690174	0.012776112053103361	9.435703783524119	0.9769397318961524	0.0007246646528500378	0.28686557910255317	1.542740587062255	0.2533286521157265	0.00031471969236918085	0.07618865588686674	6.579058087652356e-05	0.13270974647993228	0.20416010872224888	2.702591927180876	6.143395793856143e-05	0.0040266720350956575	2.3487411027645066e-05	0.011482992026273564	0.04801575555059401	6.673563702008778e-05	0.0016736219301378696	0.0010525738633049286	4.240355194440326e-05	0.002359094938611861	0.09192453673514933	7.670517010601135	0:58:50	19380
