	algorithm	#Fc	D	percFES	run_1	run_2	run_3	run_4	run_5	run_6	run_7	run_8	run_9	run_10	run_11	run_12	run_13	run_14	run_15	run_16	run_17	run_18	run_19	run_20	run_21	run_22	run_23	run_24	run_25	run_26	run_27	run_28	run_29	run_30	run_31	run_32	run_33	run_34	run_35	run_36	run_37	run_38	run_39	run_40	run_41	run_42	run_43	run_44	run_45	run_46	run_47	run_48	run_49	run_50	run_51	mean	elapsed_time	evals
0	DE/best/1/bin	1	10	0.6	8.43280645312916e-09	6.967226795495662e-09	9.1647933686545e-09	9.91887816326198e-09	9.386127430843771e-09	9.774595355338533e-09	9.752113783179084e-09	8.650872018733935e-09	9.718789328871935e-09	9.457849614591396e-09	9.622269203646283e-09	5.105377454128757e-09	9.375057175020629e-09	8.93892604381108e-09	9.944130852090893e-09	9.73639657786407e-09	9.352788765681908e-09	9.958853297575843e-09	8.468475698464317e-09	9.826223390518862e-09	9.531078148938832e-09	8.996636324809515e-09	7.775938115628378e-09	9.977028980756586e-09	8.004803930816706e-09	9.777295417734422e-09	8.615330671091215e-09	9.73000169324223e-09	9.861295779955981e-09	9.999652661463188e-09	9.336616813016008e-09	9.893597052723635e-09	7.909306987130549e-09	9.44231715038768e-09	7.430827508869697e-09	9.79761693997716e-09	9.481453844273346e-09	8.723347377781465e-09	9.591914817974612e-09	9.930417377290723e-09	9.814911550165561e-09	8.208161261791247e-09	9.908134757097287e-09	9.685280133453489e-09	9.000075351650594e-09	9.976147907764243e-09	8.199521062124404e-09	9.39483868478419e-09	8.993396249934449e-09	9.901484077090572e-09	7.652204203623114e-09	9.139082031455758e-09	1:33:50	31980
