	algorithm	#Fc	D	percFES	run_1	run_2	run_3	run_4	run_5	run_6	run_7	run_8	run_9	run_10	run_11	run_12	run_13	run_14	run_15	run_16	run_17	run_18	run_19	run_20	run_21	run_22	run_23	run_24	run_25	run_26	run_27	run_28	run_29	run_30	run_31	run_32	run_33	run_34	run_35	run_36	run_37	run_38	run_39	run_40	run_41	run_42	run_43	run_44	run_45	run_46	run_47	run_48	run_49	run_50	run_51	mean	elapsed_time	evals
0	DE/best/1/bin	1	10	0.9	8.010147212189622e-09	7.838224291845108e-09	7.052065598145418e-09	6.597119295292941e-09	7.151456316023541e-09	7.0880901148484554e-09	9.363162689624005e-09	9.196355676976964e-09	9.249873755834415e-09	9.537941991766274e-09	6.981764499869314e-09	9.586216265233816e-09	8.138556495396188e-09	8.710287602298195e-09	9.871030215435894e-09	9.414364399162878e-09	5.1165471859349054e-09	9.831595093601209e-09	8.726047440177354e-09	9.874483453131688e-09	9.224194741364045e-09	8.349260838258488e-09	9.133799494520645e-09	9.47258627093106e-09	9.957489055523183e-09	9.971245162887499e-09	9.55702716964879e-09	8.640768101031426e-09	7.949594760248146e-09	9.804338674257451e-09	9.95444793261413e-09	9.68009317148244e-09	9.867534345175955e-09	9.286608815273212e-09	9.736837114360242e-09	9.20027787287836e-09	8.2470990037109e-09	8.360245828953339e-09	9.349321317131398e-09	8.692879305272072e-09	9.284846669288527e-09	8.816584795567906e-09	8.600224532528955e-09	9.69878044543293e-09	9.850111837295117e-09	9.728069017000962e-09	9.78592140654655e-09	9.973859960155096e-09	9.984759685721656e-09	9.371603937324835e-09	9.935803291227785e-09	8.956893022478457e-09	1:32:41	31680
