	algorithm	#Fc	D	percFES	run_1	run_2	run_3	run_4	run_5	run_6	run_7	run_8	run_9	run_10	run_11	run_12	run_13	run_14	run_15	run_16	run_17	run_18	run_19	run_20	run_21	run_22	run_23	run_24	run_25	run_26	run_27	run_28	run_29	run_30	run_31	run_32	run_33	run_34	run_35	run_36	run_37	run_38	run_39	run_40	run_41	run_42	run_43	run_44	run_45	run_46	run_47	run_48	run_49	run_50	run_51	mean	elapsed_time	evals
0	DE/best/1/bin	1	10	0.1	506.9611924143501	103.5744686962646	173.49521871692428	690.2531486493933	148.59092428907917	1432.0486586214336	2440.11905520735	665.8049200274475	934.5841424552691	56.070214926555934	461.352170491542	469.26489341896865	1.7823964619137342	597.9066187523115	1753.430032260945	18.589997160569737	3919.2991064369876	590.8345992969042	3409.8760220574477	438.9316699716942	0.263407957881725	94.18247203434518	105.7801301359168	2515.3267582648014	1067.3376309749522	240.96328964195015	218.52499706214235	140.1037236333375	108.03661895257846	5.210161513970874	6174.099780383914	3019.516185777737	1146.212543400407	78.15024614640055	933.4253973745178	16.442524591178383	373.1094460557956	693.241972347207	66.02887884617118	69.93170559488578	3268.8619604405703	296.5248289502859	812.7120594191886	42.12604124361806	121.86580559862881	101.1008791960252	1007.2328289877423	137.15356278377192	1444.3537399025286	0.6848245915657571	4.061532859179252	845.398733038756	0:28:06	9690
