	algorithm	#Fc	D	percFES	run_1	run_2	run_3	run_4	run_5	run_6	run_7	run_8	run_9	run_10	run_11	run_12	run_13	run_14	run_15	run_16	run_17	run_18	run_19	run_20	run_21	run_22	run_23	run_24	run_25	run_26	run_27	run_28	run_29	run_30	run_31	run_32	run_33	run_34	run_35	run_36	run_37	run_38	run_39	run_40	run_41	run_42	run_43	run_44	run_45	run_46	run_47	run_48	run_49	run_50	run_51	mean	elapsed_time	evals
0	DE/best/1/bin	1	10	0.2	289412.22289936186	477167.3326592533	274133.6881853906	519368.94086846046	655715.5962117743	613021.0855305752	86543.10918063542	253002.45275851223	441000.86621425545	467561.8421278397	91745.43226274117	542724.2580956621	298878.39045591274	886319.9669789646	306511.7444868079	138554.71753613412	379364.1980773265	433765.01456678304	182132.6053919705	205549.03007948305	685031.3003431349	221754.7496014747	226987.42435182777	645605.3853896528	564582.5738069953	176144.25943538154	424685.19559255074	101473.76965286149	219634.22708495482	249600.6523460804	294215.94999931636	478018.1787844766	433159.55469674035	756152.4354455596	371548.15422542323	345481.1250340281	156626.62761248133	358820.1071336212	280304.2047566125	377752.32974566024	84694.79671308897	288511.5754620111	306502.35626205883	473257.9209998476	513586.7559667444	407656.5973707126	404025.31421884097	295242.14644101966	566077.6711867534	306420.84169298445	271578.2420077514	369168.7238809508	0:56:09	20100
