	algorithm	#Fc	D	percFES	run_1	run_2	run_3	run_4	run_5	run_6	run_7	run_8	run_9	run_10	run_11	run_12	run_13	run_14	run_15	run_16	run_17	run_18	run_19	run_20	run_21	run_22	run_23	run_24	run_25	run_26	run_27	run_28	run_29	run_30	run_31	run_32	run_33	run_34	run_35	run_36	run_37	run_38	run_39	run_40	run_41	run_42	run_43	run_44	run_45	run_46	run_47	run_48	run_49	run_50	run_51	mean	elapsed_time	evals
0	DE/best/1/bin	1	10	0.7	80.61825579389148	171.88632544522522	77.52470017714776	273.97808828198686	285.60395244575807	111.12146900697678	80.30382468991712	291.5046676109368	119.15288537605198	314.7067495459728	255.57790747227688	98.55738545233959	87.62561958662872	313.84300054636424	64.88680891562348	63.725803662488346	167.85023879504212	86.24780145310757	209.7684237063189	251.2379869097805	306.9566035553865	311.7714897238769	423.0540106612634	199.96652277112645	208.70316634610157	103.80034641131334	177.68922781991	83.14928196908448	115.79395586161405	267.7755743886932	193.4371715548574	216.09292881806266	157.19754233425454	130.4718611946808	266.24681759445036	390.87156156731703	257.6803409103513	265.79491261356884	124.5371279867206	79.97977463138722	225.6072456383829	150.7979694744611	158.50303387938516	608.8095305364518	236.56356954674243	144.50836945257672	135.0253457398676	345.47481171219755	87.81126832362892	129.05693484559097	217.13415330899102	198.54871266757118	2:34:55	69900
