	algorithm	#Fc	D	percFES	run_1	run_2	run_3	run_4	run_5	run_6	run_7	run_8	run_9	run_10	run_11	run_12	run_13	run_14	run_15	run_16	run_17	run_18	run_19	run_20	run_21	run_22	run_23	run_24	run_25	run_26	run_27	run_28	run_29	run_30	run_31	run_32	run_33	run_34	run_35	run_36	run_37	run_38	run_39	run_40	run_41	run_42	run_43	run_44	run_45	run_46	run_47	run_48	run_49	run_50	run_51	mean	elapsed_time	evals
0	DE/best/1/bin	1	10	0.7	9.825569691201963e-09	9.917201282405586e-09	9.715080295791267e-09	9.805461331779952e-09	8.800952855381183e-09	8.427903708252416e-09	9.756334407029499e-09	9.728466920932988e-09	9.964878699975088e-09	9.856591987045249e-09	9.328815053777362e-09	8.055877742663142e-09	9.190571859107877e-09	9.277442813981907e-09	9.973064152291045e-09	9.51129663917527e-09	8.791587902123865e-09	9.17845000003581e-09	8.35790103792533e-09	8.301455522996548e-09	9.410086931893602e-09	8.521467975697306e-09	9.924363553182047e-09	8.904819992494595e-09	9.556131885801733e-09	9.658094768383307e-09	8.915478133530996e-09	9.784713483895757e-09	8.016883157324628e-09	8.375963034268352e-09	9.853167171058885e-09	8.868681788953836e-09	9.917997090269637e-09	9.635968467591738e-09	9.383271049046016e-09	9.887145324682933e-09	7.573774496449914e-09	9.829022928897757e-09	9.643983389651112e-09	9.571181180945132e-09	4.782648943546519e-09	9.990429816753021e-09	7.692946724091598e-09	9.508880793873686e-09	9.708472248348698e-09	9.79018466296111e-09	8.185381261682778e-09	7.2980839149749954e-09	8.176257892955618e-09	9.708429615784553e-09	9.996227845476824e-09	9.134020459379255e-09	1:34:50	31380
