	algorithm	#Fc	D	percFES	run_1	run_2	run_3	run_4	run_5	run_6	run_7	run_8	run_9	run_10	run_11	run_12	run_13	run_14	run_15	run_16	run_17	run_18	run_19	run_20	run_21	run_22	run_23	run_24	run_25	run_26	run_27	run_28	run_29	run_30	run_31	run_32	run_33	run_34	run_35	run_36	run_37	run_38	run_39	run_40	run_41	run_42	run_43	run_44	run_45	run_46	run_47	run_48	run_49	run_50	run_51	mean	elapsed_time	evals
0	DE/best/1/bin	1	10	0.3	49704.82838787504	74871.53676169491	45626.464259065244	197125.28375652502	95466.66059631841	40320.92844987773	33332.537847020496	55704.40865114782	59732.15862954198	35118.11832688727	74215.37690200943	71848.19368576087	36449.65140075102	35984.147285708226	76255.36147171991	63413.85560337847	85381.95923519929	57074.13965251176	83103.94286682545	59602.897811717274	162547.88619604477	88274.59119244182	134903.74533687354	90050.00921898976	88339.85689935964	65701.93436924346	66231.32098653159	79576.47069362269	71990.1904308087	66388.97796113949	111411.98811723392	43427.378498533326	71466.51300049567	60050.48611082224	69281.89316499824	42613.36964200813	83532.39571176041	104021.05823736315	64683.86382460105	42352.13262763055	86058.99524255688	56615.872740903826	59781.53839388552	99621.23678150799	110107.40020256271	77051.90017739894	144152.91688630896	53341.21034249758	86079.27735628477	96358.20948609934	68102.09000147448	75969.59140026507	1:20:13	30000
