	algorithm	#Fc	D	percFES	run_1	run_2	run_3	run_4	run_5	run_6	run_7	run_8	run_9	run_10	run_11	run_12	run_13	run_14	run_15	run_16	run_17	run_18	run_19	run_20	run_21	run_22	run_23	run_24	run_25	run_26	run_27	run_28	run_29	run_30	run_31	run_32	run_33	run_34	run_35	run_36	run_37	run_38	run_39	run_40	run_41	run_42	run_43	run_44	run_45	run_46	run_47	run_48	run_49	run_50	run_51	mean	elapsed_time	evals
0	DE/best/1/bin	1	10	0.01	3060723.9886478977	10492140.71803022	3023180.673064685	12827998.673689954	6340894.10406673	5039480.522006086	4049003.7236783532	2473592.2589191715	1573558.6193247112	7106813.038638389	2583787.7240421944	4441499.5671279095	5074339.136892644	4780471.187202294	1607991.4489117323	3941119.1911391295	3053662.854410406	2125945.1471320875	3033231.2346506002	5188301.8926999625	28244372.076690987	1914830.964927558	2932348.1119040903	4459760.544480313	10036633.009747937	4313985.807481472	13178039.264826424	4173672.870816943	7278930.274308272	1807626.351554949	20557697.14789096	3033893.1079661143	6855393.443287212	9846045.132858898	1695894.0936572154	5247779.99817408	2403726.7060814067	10807439.428911578	10540921.981665144	7133270.486312341	10724207.999729946	3743136.2032199544	7226493.00080297	13015442.591387136	2742411.176101725	4654872.271865403	2784387.4775301535	1885589.608246507	12491187.43335469	6097014.431945716	15998070.493538907	6463584.494030238	0:02:44	990
