	algorithm	#Fc	D	percFES	run_1	run_2	run_3	run_4	run_5	run_6	run_7	run_8	run_9	run_10	run_11	run_12	run_13	run_14	run_15	run_16	run_17	run_18	run_19	run_20	run_21	run_22	run_23	run_24	run_25	run_26	run_27	run_28	run_29	run_30	run_31	run_32	run_33	run_34	run_35	run_36	run_37	run_38	run_39	run_40	run_41	run_42	run_43	run_44	run_45	run_46	run_47	run_48	run_49	run_50	run_51	mean	elapsed_time	evals
0	DE/best/1/bin	1	10	0.6	1073.9211978135036	651.993827195734	1009.2318565447708	1254.141818107767	692.3068059788404	806.958966361266	814.7604158466746	1149.1186408227375	977.6943881594354	1147.7711506689843	573.6877791101346	370.77201758627916	557.8173938822794	797.1480037990143	718.7341204441906	755.9246494510749	300.8322450929006	1931.4978452654648	819.4628725162031	1214.7829075855957	996.9264356131866	2035.5390962041702	533.003555687879	857.5172578511836	400.1353322532555	625.3924447238421	857.7821182106542	707.8205518035928	1247.8837552986342	1577.2297473069113	564.074725550349	536.5531231231943	365.8175975444817	1099.9785562326624	725.5775615832279	959.376956200304	1200.594684771208	325.0261224561316	339.59636647862266	1108.7494919764442	614.6515041304224	320.5892296533749	926.0456691437612	552.7625632701768	509.6051830018305	547.6647186947014	677.1341278971863	1486.400721973948	358.1168649974085	686.9276806047976	514.1093393057796	821.1204310936506	2:19:34	60000
