	algorithm	#Fc	D	percFES	run_1	run_2	run_3	run_4	run_5	run_6	run_7	run_8	run_9	run_10	run_11	run_12	run_13	run_14	run_15	run_16	run_17	run_18	run_19	run_20	run_21	run_22	run_23	run_24	run_25	run_26	run_27	run_28	run_29	run_30	run_31	run_32	run_33	run_34	run_35	run_36	run_37	run_38	run_39	run_40	run_41	run_42	run_43	run_44	run_45	run_46	run_47	run_48	run_49	run_50	run_51	mean	elapsed_time	evals
0	DE/best/1/bin	1	10	0.8	9.850126048149832e-09	8.405464768657112e-09	6.717044698234531e-09	9.054119232132507e-09	8.735838719076128e-09	9.535710887575988e-09	9.294041092289262e-09	7.774488608447427e-09	9.139995427176473e-09	9.262294042855501e-09	9.790966259970446e-09	8.000739626368158e-09	8.11515121768025e-09	9.2970680043436e-09	8.688317620908492e-09	9.714810289551679e-09	9.272568490814592e-09	8.258695061158505e-09	9.888083241094137e-09	9.765557251739665e-09	9.236487130692694e-09	9.79299841219472e-09	9.528349664833513e-09	9.005233891912212e-09	5.253269819149864e-09	8.437183396381442e-09	9.502556963525421e-09	9.281407642447448e-09	9.750706908562279e-09	9.663452260610939e-09	8.883532132131222e-09	8.937050210988673e-09	7.824112913112913e-09	9.818307944442495e-09	9.980993809222127e-09	9.615988005862164e-09	9.54429424382397e-09	9.623676078263088e-09	9.766367270458431e-09	7.760547759971814e-09	8.992458333523246e-09	9.831452985054057e-09	8.740315138311416e-09	8.303416620947246e-09	7.6927619829803e-09	9.73106750734587e-09	8.846527066452836e-09	9.761237151906244e-09	9.78526770722965e-09	9.926353072842176e-09	8.561954700780916e-09	9.018439398317367e-09	1:36:04	39780
