	algorithm	#Fc	D	percFES	run_1	run_2	run_3	run_4	run_5	run_6	run_7	run_8	run_9	run_10	run_11	run_12	run_13	run_14	run_15	run_16	run_17	run_18	run_19	run_20	run_21	run_22	run_23	run_24	run_25	run_26	run_27	run_28	run_29	run_30	run_31	run_32	run_33	run_34	run_35	run_36	run_37	run_38	run_39	run_40	run_41	run_42	run_43	run_44	run_45	run_46	run_47	run_48	run_49	run_50	run_51	mean	elapsed_time	evals
0	DE/best/1/bin	1	10	1.0	9.799123290576972e-09	9.021349001159251e-09	9.613799534236023e-09	9.507161280453147e-09	9.266329925594619e-09	9.110792120736733e-09	7.237815680127824e-09	9.13313158434903e-09	9.58866053224483e-09	9.732829653330555e-09	8.525347539034556e-09	8.995741040962457e-09	9.873275530480896e-09	9.518515753370593e-09	9.931440558830218e-09	9.686175417300547e-09	9.067932182915683e-09	8.570509635319468e-09	9.071086992662458e-09	9.852357152340119e-09	9.386198485117347e-09	9.022485869536467e-09	8.501658044224314e-09	9.48632816744066e-09	8.308461474371143e-09	8.829701414470037e-09	9.983779136746307e-09	9.848136528489704e-09	9.633083664084552e-09	7.88546117291844e-09	8.172705179276818e-09	9.932278999258415e-09	9.97840743366396e-09	7.870781359997636e-09	8.588031619183312e-09	9.117428589888732e-09	9.832817227106716e-09	8.786855687503703e-09	9.565880532136362e-09	9.431332159692829e-09	9.729944849823369e-09	9.397382427778211e-09	9.014669899443106e-09	9.940180234480067e-09	8.68462279868254e-09	9.941430789695005e-09	9.7831645007318e-09	9.475357387600525e-09	7.650442057638429e-09	9.162050673694466e-09	7.782588795635093e-09	9.173078854241883e-09	1:34:59	23340
