	algorithm	#Fc	D	percFES	run_1	run_2	run_3	run_4	run_5	run_6	run_7	run_8	run_9	run_10	run_11	run_12	run_13	run_14	run_15	run_16	run_17	run_18	run_19	run_20	run_21	run_22	run_23	run_24	run_25	run_26	run_27	run_28	run_29	run_30	run_31	run_32	run_33	run_34	run_35	run_36	run_37	run_38	run_39	run_40	run_41	run_42	run_43	run_44	run_45	run_46	run_47	run_48	run_49	run_50	run_51	mean	elapsed_time	evals
0	DE/best/1/bin	1	10	0.3	2.6834271693587652e-08	9.20725511832643e-07	1.2227350509874668e-07	9.97331381853428e-05	3.8083523179466283e-07	1.7120724749020155e-07	9.536819334243773e-09	9.979856940844911e-09	8.554921464565268e-07	2.612272155033679e-06	7.819975408551727e-06	0.00012445801107219268	4.404492247545022e-05	9.939611800291459e-09	2.0980749866339465e-06	5.17945835554201e-06	0.06347541059565742	1.3333917081581603e-08	1.3318100400283583e-07	1.7862205936580722e-08	9.746415230438288e-09	9.702006309453282e-09	1.1218006079616316e-08	8.999776923701575e-09	0.002684689729846923	3.0378211036463654e-05	1.4478073708801276e-05	8.067625600460815e-05	9.759062891134818e-09	0.00040722860190101073	5.482269926915251e-07	0.00081279808598822	0.002283428750644134	5.584667519542563e-07	3.338304139788306e-07	7.126881484964542e-08	8.332420975420973e-09	9.984191251533048e-09	8.893394465303572e-09	0.004766948354230749	5.3931937060269775e-05	8.891205993677431e-09	0.003274532585479051	9.804367095966882e-09	8.79580852597428e-09	5.561928588804221e-07	8.492392566950002e-09	1.8649027708761423e-06	1.1386674714231049e-07	3.106993062829133e-08	1.5042111556340387e-06	0.0015329178998237413	1:23:17	29040
