	algorithm	#Fc	D	percFES	run_1	run_2	run_3	run_4	run_5	run_6	run_7	run_8	run_9	run_10	run_11	run_12	run_13	run_14	run_15	run_16	run_17	run_18	run_19	run_20	run_21	run_22	run_23	run_24	run_25	run_26	run_27	run_28	run_29	run_30	run_31	run_32	run_33	run_34	run_35	run_36	run_37	run_38	run_39	run_40	run_41	run_42	run_43	run_44	run_45	run_46	run_47	run_48	run_49	run_50	run_51	mean	elapsed_time	evals
0	DE/best/1/bin	1	10	0.5	1654.7760827216866	3418.2788415418927	2728.193486981356	4331.854575842481	2018.0683670234985	3657.777779939648	5548.11847050624	3099.723620317117	6797.79607675882	2935.0779635311296	2492.2586010801997	4204.548276145594	4652.047062842982	8230.24097012068	7148.016553970932	9078.331249456516	2911.3660553482437	2475.5980973045484	2202.127111387267	3757.1578676163444	3959.640470165737	2372.3432985885424	3061.9160676156393	1189.7273038108067	2565.5419227858906	5803.116652416324	3267.666773480402	2136.5489808585953	1740.4811233729035	1668.314170151188	6401.628057306438	865.2627827512983	3050.48973473246	1649.295617455071	1352.5408278640487	2960.1641409893678	3167.1794136993267	3571.1443310332133	1996.0580994740521	2401.6797027369257	4784.761473995655	2098.502059573505	6865.105956175969	1495.6462858196257	2924.774379268353	4075.667010609266	1521.8086851536716	3890.3266525860595	2380.849185861058	1706.429108487282	4245.148334382747	3421.7865826203647	2:01:39	50100
