	algorithm	#Fc	D	percFES	run_1	run_2	run_3	run_4	run_5	run_6	run_7	run_8	run_9	run_10	run_11	run_12	run_13	run_14	run_15	run_16	run_17	run_18	run_19	run_20	run_21	run_22	run_23	run_24	run_25	run_26	run_27	run_28	run_29	run_30	run_31	run_32	run_33	run_34	run_35	run_36	run_37	run_38	run_39	run_40	run_41	run_42	run_43	run_44	run_45	run_46	run_47	run_48	run_49	run_50	run_51	mean	elapsed_time	evals
0	DE/best/1/bin	1	30	0.7	16419.88995221267	3655.543274738338	23344.585575700912	9884.69378543907	12395.393190046741	6782.563996678104	36239.69665842734	7420.8021272260185	9269.200388193034	14549.278122597552	5480.470990068551	8954.592086746192	2923.4759605426025	13669.586991986216	2530.704746771824	13364.27372524788	10415.130310320388	5710.791160205086	59586.51561235682	36290.852505747454	30489.70951784379	5071.262718617147	5551.409170407802	13586.42819301864	64436.650768439824	4832.920035657026	14881.422830860476	4467.059683912694	42973.90329160243	19017.120443658354	27521.942089349595	1981.6361941407072	7917.132235351689	4173.929503037174	36109.66823698652	7312.040736626	14568.573123970966	23289.52505461063	580.7001242096961	12819.52451292158	12259.300363083512	8080.991170025385	24527.39019518354	1069.6239209937075	1904.1429788255557	6086.3058363265345	15689.351111917958	5592.0595249953485	33978.95504232652	5664.580439619098	1828.6765917430796	14846.117192186586	8:48:02	203250
