	algorithm	#Fc	D	percFES	run_1	run_2	run_3	run_4	run_5	run_6	run_7	run_8	run_9	run_10	run_11	run_12	run_13	run_14	run_15	run_16	run_17	run_18	run_19	run_20	run_21	run_22	run_23	run_24	run_25	run_26	run_27	run_28	run_29	run_30	run_31	run_32	run_33	run_34	run_35	run_36	run_37	run_38	run_39	run_40	run_41	run_42	run_43	run_44	run_45	run_46	run_47	run_48	run_49	run_50	run_51	mean	elapsed_time	evals
0	DE/best/1/bin	1	30	0.5	24587.444379570694	29830.90931179151	25901.329039413256	26076.829395852703	30947.195981927744	23643.69702665773	66357.11108502421	17843.037251628375	33524.70912164781	18117.666126348715	11601.545568876534	4572.767074883871	24670.36928116265	23471.432398252728	16093.327176719395	8021.736501602238	41657.56966765567	20286.197444768826	14689.081041681671	19524.848166743788	87421.28161808055	25458.335424699653	12556.602505009134	23772.86500864981	15000.974009858293	33380.89913469885	26440.699396946784	33212.71430915822	40409.08180001538	27348.54146170268	17806.44543948352	38244.494560322564	17890.71833235142	28785.019887414917	31820.025680602925	10146.525586265641	30618.75528794264	42415.90387557702	15994.589143166479	10975.544308841185	20766.659130174834	18521.103912503768	62237.02906703781	32344.808287931424	18637.901236054156	24084.40767966814	9403.182445986811	21433.576424749495	18728.01659992099	15523.608542547805	51841.955478607815	26365.511149376096	7:09:06	145170
