	algorithm	#Fc	D	percFES	run_1	run_2	run_3	run_4	run_5	run_6	run_7	run_8	run_9	run_10	run_11	run_12	run_13	run_14	run_15	run_16	run_17	run_18	run_19	run_20	run_21	run_22	run_23	run_24	run_25	run_26	run_27	run_28	run_29	run_30	run_31	run_32	run_33	run_34	run_35	run_36	run_37	run_38	run_39	run_40	run_41	run_42	run_43	run_44	run_45	run_46	run_47	run_48	run_49	run_50	run_51	mean	elapsed_time	evals
0	DE/best/1/bin	1	30	0.3	225412.85435631065	147269.34976236903	74816.50265020717	29794.5336443793	188649.94558283768	76377.62656777239	45468.565604264826	44803.79063054706	170946.67003710783	52548.20046948365	71433.49075395336	41637.04105899888	90620.48891137188	129380.93252561233	153251.04239864182	162097.02016304797	202917.75734297963	128043.73861779328	77579.06872107724	14643.348198975309	30081.071831934703	106441.56457254395	19524.71889882863	773696.517402331	164790.87011920946	59299.46254635131	252249.61979632193	472481.40190280386	218297.73678963332	13893.248054677078	364920.3026784651	62737.22729885379	67634.80260970273	77292.05842634432	92325.27422561067	335467.6764563271	174822.85455301384	70519.37131037467	653622.675045458	188282.3119631405	19708.868909030924	157164.57537163264	75875.98939305017	113735.27317590799	105841.01417149478	76204.61157983648	61125.33665635766	116097.9744900873	134396.4857649645	80981.53040046462	130914.93299001498	145061.16328200977	5:07:04	87120
