	algorithm	#Fc	D	percFES	run_1	run_2	run_3	run_4	run_5	run_6	run_7	run_8	run_9	run_10	run_11	run_12	run_13	run_14	run_15	run_16	run_17	run_18	run_19	run_20	run_21	run_22	run_23	run_24	run_25	run_26	run_27	run_28	run_29	run_30	run_31	run_32	run_33	run_34	run_35	run_36	run_37	run_38	run_39	run_40	run_41	run_42	run_43	run_44	run_45	run_46	run_47	run_48	run_49	run_50	run_51	mean	elapsed_time	evals
0	DE/best/1/bin	1	30	0.9	7606.145287292923	3187.917183162974	752.4368498772313	11801.35519583469	7322.433896917371	819.0034227074055	14360.513601674566	3932.5960016475838	4888.441052338181	3210.888441521925	14063.1697620078	5144.740647969536	3356.5780907789494	15328.867763460492	12915.73494567855	4662.430426690217	5790.949352691583	4172.538658013188	5080.079431269959	3917.9458143590678	476.2401263515792	779.1980686921061	16896.37724209224	12008.400036672168	11052.258244209474	12767.84363320719	2680.737692848613	3461.999848363988	3370.9211066621906	6862.777979344787	38299.08141573643	5445.988935227571	7782.357955961665	646.4532474461693	5128.57781818001	4984.733881916073	4289.486458190778	3447.267951301835	13757.166821129184	780.7975464378997	7066.501985383871	1523.4644976625466	1719.968683499597	4569.733196944285	6473.42381146713	1284.7877721478621	9525.77910695217	8244.055262226399	14809.176225848101	13021.468906513557	10393.8812704249	7173.836716763461	10:15:47	261300
