	algorithm	#Fc	D	percFES	run_1	run_2	run_3	run_4	run_5	run_6	run_7	run_8	run_9	run_10	run_11	run_12	run_13	run_14	run_15	run_16	run_17	run_18	run_19	run_20	run_21	run_22	run_23	run_24	run_25	run_26	run_27	run_28	run_29	run_30	run_31	run_32	run_33	run_34	run_35	run_36	run_37	run_38	run_39	run_40	run_41	run_42	run_43	run_44	run_45	run_46	run_47	run_48	run_49	run_50	run_51	mean	elapsed_time	evals
0	DE/best/1/bin	1	30	1.0	5677.867808462423	2036.3138218802133	4300.308797622991	5818.885955613225	8084.65157945049	9475.906367167176	101.01409571194745	9747.608290504619	11902.903774479471	908.9489368116017	16599.029459819598	10232.201424574416	5300.716153030736	10181.49477964094	8473.83504774713	1171.2542275573244	8047.444092664505	11770.536834196517	8926.650018111852	982.4193260836696	29949.69293755882	6363.477580019224	2983.0351617900037	4193.5141586044565	3335.2958906765825	2606.0020833318067	8284.27282282491	14046.819315963903	4444.585255518211	4219.836676458778	2114.2306998254417	3101.074600405581	19024.33639166381	8889.258685287066	9366.820479057355	12076.691980070513	3993.372495190661	16155.436071655762	1688.6163350869763	6197.463952008667	7038.747058978864	3756.9478080103213	1785.2310754276493	23208.9354220861	1035.9963199602978	6940.011016566851	6998.84359107115	5878.17150199472	394.8225249208116	12958.084410641966	2802.715467445375	7364.1633443379105	10:54:58	290340
