	algorithm	#Fc	D	percFES	run_1	run_2	run_3	run_4	run_5	run_6	run_7	run_8	run_9	run_10	run_11	run_12	run_13	run_14	run_15	run_16	run_17	run_18	run_19	run_20	run_21	run_22	run_23	run_24	run_25	run_26	run_27	run_28	run_29	run_30	run_31	run_32	run_33	run_34	run_35	run_36	run_37	run_38	run_39	run_40	run_41	run_42	run_43	run_44	run_45	run_46	run_47	run_48	run_49	run_50	run_51	mean	elapsed_time	evals
0	DE/best/1/bin	1	30	0.8	8510.363077734159	2608.218517169763	13642.887725011156	10873.4773462272	11576.905291028335	10375.144892780316	7166.845402065967	10437.726158512822	33005.79058960889	1882.4347665019181	16039.686495786365	16871.609529501893	13032.368915780133	4959.558862109765	27616.40142640897	6710.16460538531	11531.155413889126	1038.385568686721	31164.746448250487	12757.82527465731	11589.26556814673	18954.054894631783	17629.58615242121	3131.8641213283045	15776.709670377224	18631.416877679116	43795.56570494326	2361.923296045257	8641.627306143102	1839.9057957565842	2157.78193563443	14035.763127363723	17019.602040743295	6930.747421736721	4885.901384674546	4364.805723744052	11332.99781684053	6058.9413322842665	20085.30883260428	8144.596947254529	2457.369046476593	8240.914649291992	2749.8427652453674	32379.178816103118	1798.9029950258223	10228.189864781125	5446.110399672075	9472.341499373859	345.8253260717498	23242.151720940266	775.8132381171647	11496.209854481345	9:32:04	232290
