	algorithm	#Fc	D	percFES	run_1	run_2	run_3	run_4	run_5	run_6	run_7	run_8	run_9	run_10	run_11	run_12	run_13	run_14	run_15	run_16	run_17	run_18	run_19	run_20	run_21	run_22	run_23	run_24	run_25	run_26	run_27	run_28	run_29	run_30	run_31	run_32	run_33	run_34	run_35	run_36	run_37	run_38	run_39	run_40	run_41	run_42	run_43	run_44	run_45	run_46	run_47	run_48	run_49	run_50	run_51	mean	elapsed_time	evals
0	DE/best/1/bin	1	30	0.01	133468345.7646927	81655176.81666812	51975663.62029907	58333761.37294358	72689242.38842082	93059756.78936401	73873156.63457656	201271417.3222637	105518101.50285977	80202142.7012328	142519440.30424005	84067249.74402526	53435564.77276564	57572799.74238986	199001876.46767092	62674048.0752153	73377970.23187494	70008661.08215486	162084598.90439424	76885358.76262544	165541638.80791196	56846530.77628422	42846426.255229555	110356159.01923618	121832946.16876157	102830353.18037058	57131768.79407385	46636856.66155958	54592579.85171096	71742043.73153177	120438841.19556962	65307033.68213796	98452435.29287998	138665975.84211883	108689210.64459953	83616031.29325132	98524773.66663125	193576966.19707108	110490010.22259326	100164532.80417284	109088662.14515321	114835834.22538997	136999865.49071288	86784050.25187625	123484911.95662962	82410824.64462833	121564815.98507622	81728817.3495327	147494407.90719044	64081512.957577184	149512117.23970938	99998887.59297745	0:06:49	2910
