	algorithm	#Fc	D	percFES	run_1	run_2	run_3	run_4	run_5	run_6	run_7	run_8	run_9	run_10	run_11	run_12	run_13	run_14	run_15	run_16	run_17	run_18	run_19	run_20	run_21	run_22	run_23	run_24	run_25	run_26	run_27	run_28	run_29	run_30	run_31	run_32	run_33	run_34	run_35	run_36	run_37	run_38	run_39	run_40	run_41	run_42	run_43	run_44	run_45	run_46	run_47	run_48	run_49	run_50	run_51	mean	elapsed_time	evals
0	DE/best/1/bin	1	30	0.4	39582.2840128348	68497.35899111467	161415.79110516582	37262.56997757064	116657.50582409794	119951.50751546338	55122.32691939092	31627.97732159829	28812.687613878843	10583.878685314856	21145.994671382858	47999.60085493315	37304.88935183205	176679.98848254222	138207.9969445017	32424.06216237487	28953.440832526085	15812.510487225954	85104.49762000625	9096.274232385445	162386.16337231867	38247.843481489304	12283.899462110212	13251.093068823544	155076.72589680963	86460.71071770512	48025.221754112164	141606.1136935191	37351.03216026969	108198.59549247821	18056.701069198218	11057.973976395444	21301.565399109248	36932.78055831325	38425.91767729415	37484.62368761411	9140.69426263388	17188.250115937142	155244.5308583195	32271.527987835758	31332.165175760394	44603.24815085831	118642.28734666717	19277.22602020836	39490.23516392062	23051.168380485753	83889.33596597752	35931.52227585698	48778.29365786362	18448.462379163077	45455.01222796514	57865.373824375565	6:11:02	116160
