	algorithm	#Fc	D	percFES	run_1	run_2	run_3	run_4	run_5	run_6	run_7	run_8	run_9	run_10	run_11	run_12	run_13	run_14	run_15	run_16	run_17	run_18	run_19	run_20	run_21	run_22	run_23	run_24	run_25	run_26	run_27	run_28	run_29	run_30	run_31	run_32	run_33	run_34	run_35	run_36	run_37	run_38	run_39	run_40	run_41	run_42	run_43	run_44	run_45	run_46	run_47	run_48	run_49	run_50	run_51	mean	elapsed_time	evals
0	DE/best/1/bin	1	30	0.6	13392.581793867499	15607.663900234016	14973.700222698413	6944.558409411492	7648.245409959197	15114.121681790315	9728.902807432674	18407.68707592366	45652.028818078485	13797.045315463496	28025.492979234685	18593.717415844956	2754.5942706133674	6416.063025741523	23997.47107860322	4316.557485820037	36201.58083305307	5337.6123624237	16539.422444721447	12875.452411145097	5698.762256389111	64937.28367165136	4511.181908164815	9116.33681109009	10745.881321056322	5990.026732298443	14715.037701557163	18790.372527601117	16348.82371981319	3723.614246846255	14245.020275661398	9597.454146765891	80576.58715034033	5151.81386437823	12715.384906269986	55599.636151969615	15473.955831189502	63178.878219256	1981.0731925809932	52021.2117128841	62358.727329199326	9784.347319327755	7993.495516926049	12384.414231739293	12825.14017568029	25512.97017770516	25563.455961586256	21267.55953256035	12752.95510659059	52765.39624098317	13213.88344956451	20350.297669248765	8:02:34	174210
