	algorithm	#Fc	D	percFES	run_1	run_2	run_3	run_4	run_5	run_6	run_7	run_8	run_9	run_10	run_11	run_12	run_13	run_14	run_15	run_16	run_17	run_18	run_19	run_20	run_21	run_22	run_23	run_24	run_25	run_26	run_27	run_28	run_29	run_30	run_31	run_32	run_33	run_34	run_35	run_36	run_37	run_38	run_39	run_40	run_41	run_42	run_43	run_44	run_45	run_46	run_47	run_48	run_49	run_50	run_51	mean	elapsed_time	evals
0	DE/best/1/bin	2	10	0.4	9.877624052023748e-09	9.486427643423667e-09	9.270763712265762e-09	9.417334467798355e-09	4.519137064562528e-09	7.1706836024532095e-09	9.562540981278289e-09	9.767177289177198e-09	5.552408310904866e-09	8.52776338433614e-09	8.815817409413285e-09	6.895049864397151e-09	7.522373834945029e-09	9.550888080411823e-09	8.894005532056326e-09	7.916895583548467e-09	6.196017920956365e-09	9.696606184661505e-09	9.495693120697979e-09	8.87604301169631e-09	6.022531806593179e-09	7.567251714135637e-09	7.566484327981016e-09	6.1586433730553836e-09	9.440611847821856e-09	7.321631301238085e-09	7.726072226432734e-09	9.684754331829026e-09	9.605827244740794e-09	8.743199941818602e-09	6.39687414150103e-09	9.97198412733269e-09	9.237339781975606e-09	9.027473879541503e-09	9.997705774367205e-09	6.566722277057124e-09	9.247685284208274e-09	6.145825182102271e-09	8.530435025022598e-09	9.911758525049663e-09	6.657813855781569e-09	8.704688525540405e-09	6.516415851365309e-09	9.844626447375049e-09	9.518203114566859e-09	5.457877705339342e-09	8.47427372718812e-09	8.486125580020598e-09	6.639311322942376e-09	9.670372946857242e-09	8.717307764527504e-09	8.246452549143464e-09	0:43:02	12930
