	algorithm	#Fc	D	percFES	run_1	run_2	run_3	run_4	run_5	run_6	run_7	run_8	run_9	run_10	run_11	run_12	run_13	run_14	run_15	run_16	run_17	run_18	run_19	run_20	run_21	run_22	run_23	run_24	run_25	run_26	run_27	run_28	run_29	run_30	run_31	run_32	run_33	run_34	run_35	run_36	run_37	run_38	run_39	run_40	run_41	run_42	run_43	run_44	run_45	run_46	run_47	run_48	run_49	run_50	run_51	mean	elapsed_time	evals
0	DE/best/1/bin	2	10	0.5	9.077581353267306e-09	9.393517075295676e-09	8.102460924419574e-09	9.608498885427252e-09	8.99211727301008e-09	8.094616532616783e-09	9.87992621048761e-09	9.83067138804472e-09	7.314355343623902e-09	7.977490668054088e-09	8.360245828953339e-09	7.598629281346803e-09	9.20806542126229e-09	9.154774716080283e-09	6.4180198933172505e-09	8.686669161761529e-09	9.26993948269228e-09	5.582506901191664e-09	7.667608770134393e-09	8.111754823403317e-09	9.651643040342606e-09	9.766921493792324e-09	7.582855232612928e-09	9.991481420001946e-09	8.203699053410674e-09	9.893540209304774e-09	8.205319090848207e-09	7.410534408336389e-09	6.664862439720309e-09	9.240864073944977e-09	9.222986818713252e-09	9.21784248930635e-09	6.14431883150246e-09	8.59813553688582e-09	8.695110409462359e-09	9.934666422850569e-09	7.214623565232614e-09	8.27384383228491e-09	7.0002954544179374e-09	8.23581558506703e-09	9.538098311168142e-09	9.317005833509029e-09	8.516906291333726e-09	6.810836339354864e-09	9.845507520367391e-09	9.516668342257617e-09	6.7485927957022795e-09	9.313907867181115e-09	9.825328106671805e-09	8.717819355297252e-09	7.081922603902058e-09	8.484537308023016e-09	0:42:33	14790
