	algorithm	#Fc	D	percFES	run_1	run_2	run_3	run_4	run_5	run_6	run_7	run_8	run_9	run_10	run_11	run_12	run_13	run_14	run_15	run_16	run_17	run_18	run_19	run_20	run_21	run_22	run_23	run_24	run_25	run_26	run_27	run_28	run_29	run_30	run_31	run_32	run_33	run_34	run_35	run_36	run_37	run_38	run_39	run_40	run_41	run_42	run_43	run_44	run_45	run_46	run_47	run_48	run_49	run_50	run_51	mean	elapsed_time	evals
0	DE/best/1/bin	2	10	0.6	7.492076292692218e-09	8.871609225025168e-09	7.028205573078594e-09	7.56540430302266e-09	8.842079068926978e-09	9.945097190211527e-09	5.399442670750432e-09	7.119211886674748e-09	8.14580403130094e-09	9.733412298373878e-09	6.197637958393898e-09	9.023239044836373e-09	9.257803412765497e-09	9.119673904933734e-09	9.290801017414196e-09	7.57523821448558e-09	5.663196134264581e-09	8.098083981167292e-09	9.218723562298692e-09	7.084565822879085e-09	8.705853815627052e-09	8.843841214911663e-09	6.314991196632036e-09	7.163208692873013e-09	8.405635298913694e-09	9.4514973625337e-09	7.384159061984974e-09	5.9598335155897075e-09	9.594572247806354e-09	8.949939456215361e-09	6.822006071161013e-09	9.893142305372749e-09	7.939462420836207e-09	8.378208349313354e-09	9.340595852336264e-09	9.067036899068626e-09	9.897945574266487e-09	9.568140058036079e-09	7.580354122183053e-09	6.478899194917176e-09	9.590905847289832e-09	9.838771575232386e-09	7.622844577781507e-09	9.315158422396053e-09	9.525081168249017e-09	8.400064643865335e-09	5.275126113701845e-09	9.854431937128538e-09	8.357432079719729e-09	5.620307774734101e-09	9.126893019129056e-09	8.214463636535334e-09	0:42:51	11550
