	algorithm	#Fc	D	percFES	run_1	run_2	run_3	run_4	run_5	run_6	run_7	run_8	run_9	run_10	run_11	run_12	run_13	run_14	run_15	run_16	run_17	run_18	run_19	run_20	run_21	run_22	run_23	run_24	run_25	run_26	run_27	run_28	run_29	run_30	run_31	run_32	run_33	run_34	run_35	run_36	run_37	run_38	run_39	run_40	run_41	run_42	run_43	run_44	run_45	run_46	run_47	run_48	run_49	run_50	run_51	mean	elapsed_time	evals
0	DE/best/1/bin	2	10	0.01	302479470.85322386	652153764.7817205	367427497.5545743	290765835.4218972	166845232.35224023	229386780.00797036	92471084.4908094	199580427.08143052	173675458.86842555	204224333.93084657	279717043.7653898	123875728.89761005	292762593.6547165	154539750.46367317	273170849.0981631	97388911.80324905	208722835.3815591	147418959.7738434	131723223.95751005	222869451.651362	194644236.02046677	763685654.3922206	420983994.2246052	255264946.06398296	249518357.92069286	282761059.44916964	215062120.94641712	235895791.9343506	202683097.77454063	240005412.86269403	91006724.30510338	470548671.9650331	381611174.86318713	357404452.93670285	218979105.01916644	228792183.33879378	129630745.66199876	302089456.67696744	135948032.91373047	113194884.48637749	405884480.4626885	451843648.7963808	147580455.38823298	276449394.745647	527242645.2036165	201200298.0627882	416181091.9608217	115565305.04656464	473919048.61400723	120980754.33731027	313028622.97120225	265701668.29677802	0:02:33	990
