	algorithm	#Fc	D	percFES	run_1	run_2	run_3	run_4	run_5	run_6	run_7	run_8	run_9	run_10	run_11	run_12	run_13	run_14	run_15	run_16	run_17	run_18	run_19	run_20	run_21	run_22	run_23	run_24	run_25	run_26	run_27	run_28	run_29	run_30	run_31	run_32	run_33	run_34	run_35	run_36	run_37	run_38	run_39	run_40	run_41	run_42	run_43	run_44	run_45	run_46	run_47	run_48	run_49	run_50	run_51	mean	elapsed_time	evals
0	DE/best/1/bin	2	10	0.7	4.328683189669391e-09	7.328935680561699e-09	9.62165813689353e-09	9.78988623501209e-09	9.388713806401938e-09	8.84287487679103e-09	9.299270686824457e-09	6.118142437117058e-09	8.470863122056471e-09	9.481482265982777e-09	6.765418447685079e-09	8.963297659647651e-09	8.587761612943723e-09	3.1874947126198094e-09	9.305466619480285e-09	6.77252387504268e-09	9.269598422179115e-09	8.889514901966322e-09	8.116984417938511e-09	9.831126135395607e-09	7.398284651571885e-09	8.936979156715097e-09	9.613188467483269e-09	9.089376362680923e-09	7.645752475582412e-09	9.938361245076521e-09	9.704308467917144e-09	7.296932835743064e-09	7.805908808222739e-09	5.561474836213165e-09	8.720576261112e-09	9.284462976211216e-09	7.767056331431377e-09	7.539767921116436e-09	8.644065019325353e-09	8.901707815311966e-09	9.800857014852227e-09	8.538563633919694e-09	8.81971118360525e-09	8.012278840396903e-09	9.807791911953245e-09	7.298552873180597e-09	7.558440984212211e-09	9.03219188330695e-09	9.854971949607716e-09	7.857096306906897e-09	9.018265245686052e-09	8.3441307197063e-09	8.44053715809423e-09	7.304123528228956e-09	8.559823072573636e-09	8.322651709414797e-09	0:42:44	12600
