	algorithm	#Fc	D	percFES	run_1	run_2	run_3	run_4	run_5	run_6	run_7	run_8	run_9	run_10	run_11	run_12	run_13	run_14	run_15	run_16	run_17	run_18	run_19	run_20	run_21	run_22	run_23	run_24	run_25	run_26	run_27	run_28	run_29	run_30	run_31	run_32	run_33	run_34	run_35	run_36	run_37	run_38	run_39	run_40	run_41	run_42	run_43	run_44	run_45	run_46	run_47	run_48	run_49	run_50	run_51	mean	elapsed_time	evals
0	DE/best/1/bin	2	10	1.0	5.5044608870957745e-09	9.117826493820758e-09	8.113886451610597e-09	9.4521510618506e-09	7.667949830647558e-09	5.8945488490280695e-09	7.113527544788667e-09	9.38254629545554e-09	9.24185883377504e-09	7.856783668103162e-09	6.500158633571118e-09	7.874547236497165e-09	9.080281415663194e-09	6.203549673955422e-09	8.99913743523939e-09	9.384280019730795e-09	5.67578695154225e-09	9.947001444743364e-09	9.767006758920616e-09	9.790909416551585e-09	9.231399644704652e-09	6.386130735336337e-09	9.258229738406953e-09	8.049568123169593e-09	7.619462394359289e-09	6.787900019844528e-09	5.938602498645196e-09	8.533561413059942e-09	9.063569450518116e-09	9.646157650422538e-09	8.604018830737914e-09	9.293756875194958e-09	9.977725312637631e-09	7.279453484443366e-09	8.345892865690985e-09	7.973568472152692e-09	8.487802460876992e-09	9.47676426221733e-09	9.362992159367423e-09	7.537011015301687e-09	4.161933020441211e-09	7.724054285063175e-09	7.692165127082262e-09	9.882171525532613e-09	8.45813019623165e-09	8.384347438550321e-09	9.10958419808594e-09	6.190333579070284e-09	6.347590897348709e-09	8.200998991014785e-09	8.454406952296267e-09	8.11818593177247e-09	0:43:10	12990
