	algorithm	#Fc	D	percFES	run_1	run_2	run_3	run_4	run_5	run_6	run_7	run_8	run_9	run_10	run_11	run_12	run_13	run_14	run_15	run_16	run_17	run_18	run_19	run_20	run_21	run_22	run_23	run_24	run_25	run_26	run_27	run_28	run_29	run_30	run_31	run_32	run_33	run_34	run_35	run_36	run_37	run_38	run_39	run_40	run_41	run_42	run_43	run_44	run_45	run_46	run_47	run_48	run_49	run_50	run_51	mean	elapsed_time	evals
0	DE/best/1/bin	2	10	0.2	9.186294391838601e-09	5.717453177567222e-09	5.659046564687742e-09	8.723702649149345e-09	9.835218861553585e-09	8.072333912423346e-09	9.70186420090613e-09	9.109015763897332e-09	9.474291573496885e-09	9.547051149638719e-09	9.325219707534416e-09	9.983068594010547e-09	9.453685834159842e-09	9.698709391159355e-09	7.863405926400446e-09	8.755279168326524e-09	4.403233333505341e-09	9.813959422899643e-09	6.400028951247805e-09	9.272895340473042e-09	4.250381380188628e-09	9.679865797806997e-09	9.372740805702051e-09	8.022908559723874e-09	7.017234793238458e-09	9.057174565896275e-09	5.392365665102261e-09	5.686047188646626e-09	8.756614988669753e-09	9.223100505550974e-09	4.818417664864683e-09	5.907111244596308e-09	9.201642114931019e-09	6.6840755152952624e-09	8.236924031734816e-09	6.992507906034007e-09	9.131696288022795e-09	7.04972080711741e-09	4.901664851786336e-09	9.767205710886628e-09	9.902606734613073e-09	9.215000318363309e-09	9.142439694187487e-09	9.317517424278776e-09	8.108571591947111e-09	9.992930927182897e-09	7.640551302756649e-09	9.08985953174124e-09	7.133621693355963e-09	9.490435104453354e-09	7.720501571384375e-09	8.154886160685005e-09	0:42:39	13290
