	algorithm	#Fc	D	percFES	run_1	run_2	run_3	run_4	run_5	run_6	run_7	run_8	run_9	run_10	run_11	run_12	run_13	run_14	run_15	run_16	run_17	run_18	run_19	run_20	run_21	run_22	run_23	run_24	run_25	run_26	run_27	run_28	run_29	run_30	run_31	run_32	run_33	run_34	run_35	run_36	run_37	run_38	run_39	run_40	run_41	run_42	run_43	run_44	run_45	run_46	run_47	run_48	run_49	run_50	run_51	mean	elapsed_time	evals
0	DE/best/1/bin	2	10	0.8	8.89988882590842e-09	6.818339670644491e-09	7.834472626200295e-09	9.054446081790957e-09	6.663157137154485e-09	9.71601821220247e-09	6.821181841587531e-09	9.278608104068553e-09	6.622371984121855e-09	8.664613915243535e-09	8.652847327539348e-09	9.026734915096313e-09	9.756917052072822e-09	8.725550060262321e-09	9.299952807850786e-09	9.913890153256943e-09	9.176289950119099e-09	8.935160167311551e-09	6.907498573127668e-09	9.991225624617073e-09	8.270404805443832e-09	9.243706244888017e-09	6.400455276889261e-09	9.000302725326037e-09	9.754387519933516e-09	9.243422027793713e-09	7.023572834441438e-09	8.050506039580796e-09	5.696108473784989e-09	8.292914799312712e-09	8.686356522957794e-09	8.371785042982083e-09	5.673882697010413e-09	7.746763230898068e-09	8.1154780673387e-09	6.202412805578206e-09	9.854488780547399e-09	8.15489897831867e-09	8.527194950147532e-09	4.631175443137181e-09	8.95690277502581e-09	9.51541778704268e-09	9.247628440789413e-09	9.273577461499372e-09	7.322512374230428e-09	9.336218909083982e-09	9.264027767130756e-09	9.827516578297946e-09	9.983779136746307e-09	6.34059915682883e-09	9.930118949341704e-09	8.366621208480472e-09	0:42:40	13470
