	algorithm	#Fc	D	percFES	run_1	run_2	run_3	run_4	run_5	run_6	run_7	run_8	run_9	run_10	run_11	run_12	run_13	run_14	run_15	run_16	run_17	run_18	run_19	run_20	run_21	run_22	run_23	run_24	run_25	run_26	run_27	run_28	run_29	run_30	run_31	run_32	run_33	run_34	run_35	run_36	run_37	run_38	run_39	run_40	run_41	run_42	run_43	run_44	run_45	run_46	run_47	run_48	run_49	run_50	run_51	mean	elapsed_time	evals
0	DE/best/1/bin	2	10	0.9	9.22213416743034e-09	4.971894895788864e-09	8.347285529453075e-09	9.395449751536944e-09	6.66420874040341e-09	8.405777407460846e-09	8.345978130819276e-09	5.424766413852922e-09	8.468447276754887e-09	8.157627462423989e-09	9.511666121397866e-09	9.083635177375982e-09	9.662585398473311e-09	5.444718453873065e-09	8.973700005299179e-09	4.9811319513537455e-09	8.947893093136372e-09	9.910706921800738e-09	9.666877076597302e-09	7.113300171113224e-09	6.464603075073683e-09	9.338265272162971e-09	5.649496870319126e-09	8.83869688550476e-09	7.3459318628010806e-09	9.856393035079236e-09	8.933795925258892e-09	9.893312835629331e-09	8.208729695979855e-09	8.134861673170235e-09	9.358387842439697e-09	8.452587962892721e-09	9.5035659342102e-09	9.397666644872515e-09	9.857870963969617e-09	8.054001909840736e-09	8.853305644151988e-09	9.065445283340523e-09	7.0516534833586775e-09	6.736797786288662e-09	7.011436764514656e-09	9.75609282249934e-09	9.231655440089526e-09	9.769678399607074e-09	7.284853609235142e-09	9.17916054277157e-09	7.926473699626513e-09	8.485130820190534e-09	9.08144670574984e-09	4.18299350712914e-09	7.110060096238158e-09	8.21008112039885e-09	0:43:03	12750
