	algorithm	#Fc	D	percFES	run_1	run_2	run_3	run_4	run_5	run_6	run_7	run_8	run_9	run_10	run_11	run_12	run_13	run_14	run_15	run_16	run_17	run_18	run_19	run_20	run_21	run_22	run_23	run_24	run_25	run_26	run_27	run_28	run_29	run_30	run_31	run_32	run_33	run_34	run_35	run_36	run_37	run_38	run_39	run_40	run_41	run_42	run_43	run_44	run_45	run_46	run_47	run_48	run_49	run_50	run_51	mean	elapsed_time	evals
0	DE/best/1/bin	2	30	0.8	9.646043963584816e-09	8.804875051282579e-09	9.925059885063092e-09	9.752739060786553e-09	9.779682841326576e-09	9.447404636375722e-09	9.45851752476301e-09	9.92346826933499e-09	9.869779660220956e-09	9.805745548874256e-09	9.885809504339704e-09	9.560210401104996e-09	9.916249155139667e-09	9.875208206722164e-09	9.216336138706538e-09	9.168275028059725e-09	9.730484862302546e-09	9.663381206337363e-09	9.882171525532613e-09	9.500809028395452e-09	9.29881593947357e-09	9.951293122867355e-09	8.858535238687182e-09	9.690126034911373e-09	9.612023177396622e-09	9.246633680959349e-09	9.84678649729176e-09	9.73005853666109e-09	9.671140333011863e-09	9.799606459637289e-09	9.42125666369975e-09	9.019942126542446e-09	9.629161468183156e-09	9.438878123546601e-09	9.931426347975503e-09	9.489809826845885e-09	9.57527390710311e-09	9.470312534176628e-09	9.934666422850569e-09	9.786703003555886e-09	9.947967782863998e-09	9.652239896240644e-09	9.710277026897529e-09	9.847013870967203e-09	9.65894741966622e-09	9.894279173749965e-09	9.14616293812287e-09	9.242342002835358e-09	9.483386520514614e-09	9.634050002205186e-09	9.531447631161427e-09	9.607114023703045e-09	3:14:43	61260
