	algorithm	#Fc	D	percFES	run_1	run_2	run_3	run_4	run_5	run_6	run_7	run_8	run_9	run_10	run_11	run_12	run_13	run_14	run_15	run_16	run_17	run_18	run_19	run_20	run_21	run_22	run_23	run_24	run_25	run_26	run_27	run_28	run_29	run_30	run_31	run_32	run_33	run_34	run_35	run_36	run_37	run_38	run_39	run_40	run_41	run_42	run_43	run_44	run_45	run_46	run_47	run_48	run_49	run_50	run_51	mean	elapsed_time	evals
0	DE/best/1/bin	2	30	0.1	1592.022561945014	13428.674766262504	1883.3676274873578	9362.858332488573	1179.8597209811642	8.804369268241345	28425.585638836852	191.69993223526853	236.34381388225825	712.3175717488709	400.68983543116906	118.83218597255006	2101.1753786370273	0.7988258692682848	18593.844345213878	0.7081733690162935	2032.8130150001793	61.293996157921526	1830.978286069103	0.8343294071178775	870.5222431903817	455.64481859210423	460.92809718040144	1659.9601524440127	3501.9048731968774	190.40961994639224	220.9195096801568	2620.292306443596	90.09150239308349	9374.493026046648	3336.174745872326	70.09640925019517	10.940512716620532	3845.9352064018285	3611.09731117303	128.90902826499814	108.77108987026327	491.970009115674	108.90530556616864	1436.78242941714	30.202681585530826	429.395309530207	197.14885204506243	2.206780992829067	98.32155430833126	2275.504316808217	496.3663420607636	987.9817944593719	3955.721291052487	530.3748068624845	3371.273468406054	2492.7989823752273	1:22:00	29040
