	algorithm	#Fc	D	percFES	run_1	run_2	run_3	run_4	run_5	run_6	run_7	run_8	run_9	run_10	run_11	run_12	run_13	run_14	run_15	run_16	run_17	run_18	run_19	run_20	run_21	run_22	run_23	run_24	run_25	run_26	run_27	run_28	run_29	run_30	run_31	run_32	run_33	run_34	run_35	run_36	run_37	run_38	run_39	run_40	run_41	run_42	run_43	run_44	run_45	run_46	run_47	run_48	run_49	run_50	run_51	mean	elapsed_time	evals
0	DE/best/1/bin	2	30	1.0	8.640910209578578e-09	9.460165983909974e-09	9.931426347975503e-09	9.568680070515256e-09	9.890356977848569e-09	9.911474307955359e-09	8.054570344029344e-09	9.823537538977689e-09	9.941658163370448e-09	9.86653958534589e-09	9.880722018351662e-09	9.91008164419327e-09	9.88828219306015e-09	9.756149665918201e-09	9.610943152438267e-09	9.923212473950116e-09	9.683731150289532e-09	9.984830739995232e-09	9.661874855737551e-09	9.226624797520344e-09	9.577178161634947e-09	9.84465486908448e-09	9.950042567652417e-09	8.441361387667712e-09	9.607560969016049e-09	8.760110858929693e-09	9.941402367985575e-09	9.507317599855014e-09	9.791733646125067e-09	9.806086609387421e-09	9.893540209304774e-09	9.766040420799982e-09	9.82851133812801e-09	9.745150464368635e-09	8.42791791910713e-09	9.741881967784138e-09	9.897092922983575e-09	9.784088206288288e-09	9.24745791053283e-09	9.607248330212315e-09	9.810037226998247e-09	9.048932270161458e-09	9.952060509021976e-09	8.709065468792687e-09	9.749442142492626e-09	9.950809953807038e-09	9.919148169501568e-09	9.343921192339621e-09	9.75040848061326e-09	9.127404609898804e-09	9.760526609170483e-09	9.586351129031505e-09	3:18:18	80310
