	algorithm	#Fc	D	percFES	run_1	run_2	run_3	run_4	run_5	run_6	run_7	run_8	run_9	run_10	run_11	run_12	run_13	run_14	run_15	run_16	run_17	run_18	run_19	run_20	run_21	run_22	run_23	run_24	run_25	run_26	run_27	run_28	run_29	run_30	run_31	run_32	run_33	run_34	run_35	run_36	run_37	run_38	run_39	run_40	run_41	run_42	run_43	run_44	run_45	run_46	run_47	run_48	run_49	run_50	run_51	mean	elapsed_time	evals
0	DE/best/1/bin	2	30	0.5	9.890584351524012e-09	9.432085334992735e-09	9.938503353623673e-09	8.765283610046026e-09	9.930175792760565e-09	9.735174444358563e-09	9.978151638279087e-09	9.097107067645993e-09	9.241887255484471e-09	9.500865871814312e-09	9.881802043310017e-09	9.694474556454225e-09	9.163130698652822e-09	8.104535709207994e-09	9.984887583414093e-09	9.80881509349274e-09	9.889220109471353e-09	9.711357051855884e-09	9.152927304967307e-09	9.815494195208885e-09	8.419931418757187e-09	9.775646958587458e-09	9.512291399005335e-09	9.802562317418051e-09	9.491145647189114e-09	9.539860457152827e-09	9.391868616148713e-09	9.827289204622502e-09	9.392977062816499e-09	9.021874802783714e-09	9.326015515398467e-09	9.875918749457924e-09	9.40221411838138e-09	9.936059086612659e-09	8.589296385252965e-09	9.996171002057963e-09	7.37543359718984e-09	9.33039245865075e-09	9.987985549742007e-09	9.631378361518728e-09	9.892460184346419e-09	9.721333071865956e-09	9.241233556167572e-09	9.985285487346118e-09	9.990031912820996e-09	9.967948244593572e-09	9.777778586794739e-09	9.531134992357693e-09	7.868436568969628e-09	9.581015092408052e-09	9.74765157479851e-09	9.483276177407413e-09	3:15:08	68610
