	algorithm	#Fc	D	percFES	run_1	run_2	run_3	run_4	run_5	run_6	run_7	run_8	run_9	run_10	run_11	run_12	run_13	run_14	run_15	run_16	run_17	run_18	run_19	run_20	run_21	run_22	run_23	run_24	run_25	run_26	run_27	run_28	run_29	run_30	run_31	run_32	run_33	run_34	run_35	run_36	run_37	run_38	run_39	run_40	run_41	run_42	run_43	run_44	run_45	run_46	run_47	run_48	run_49	run_50	run_51	mean	elapsed_time	evals
0	DE/best/1/bin	2	30	0.2	1.595348217620085e-05	2.6088332560902927e-07	0.0012107809506574085	2.6644016770660528e-08	0.0006753711063254286	9.697203040559543e-09	3.843939308012523e-05	0.00018430083781595386	1.1426933753000412e-05	0.005661473219134905	4.0553065645099196e-05	0.00018500928641174141	9.494783625996206e-09	2.952082078877538e-05	0.0004884777489166936	1.953500344598069e-06	9.587665772414766e-09	0.005682266613035836	2.636352292029187e-08	2.6510150519243325e-08	1.1980744716311165e-06	1.7226402633241378e-06	5.016314901240548e-07	1.4364104572450742e-07	4.97144952760209e-07	1.1585515863998808e-05	3.5924048802371544e-07	9.728239490414126e-05	6.581508472436326e-06	0.0003391679437925177	0.0009270461739561142	2.479656302512012e-07	1.1392941701160453e-06	6.828003336067923e-07	9.436803338758182e-09	2.2016164678007044e-06	0.006096933445860486	2.4401466873769095e-06	0.28876674458709317	0.0007192907245325841	1.003439251689997e-07	0.19964672067445122	2.2063193625854183e-05	0.002869669025812982	6.328338031380554e-08	0.0015610609674183706	4.888639074351886e-05	9.22999510066802e-06	3.428899134405583e-06	8.717827705595482e-05	0.002844724509770913	0.010162643090714763	2:41:21	58080
