	algorithm	#Fc	D	percFES	run_1	run_2	run_3	run_4	run_5	run_6	run_7	run_8	run_9	run_10	run_11	run_12	run_13	run_14	run_15	run_16	run_17	run_18	run_19	run_20	run_21	run_22	run_23	run_24	run_25	run_26	run_27	run_28	run_29	run_30	run_31	run_32	run_33	run_34	run_35	run_36	run_37	run_38	run_39	run_40	run_41	run_42	run_43	run_44	run_45	run_46	run_47	run_48	run_49	run_50	run_51	mean	elapsed_time	evals
0	DE/best/1/bin	2	30	0.6	9.886633733913186e-09	9.107992582357838e-09	9.88686110758863e-09	9.95794380287407e-09	9.104752507482772e-09	9.890982255456038e-09	9.210623375111027e-09	9.74125669017667e-09	9.936769629348419e-09	9.682707968750037e-09	9.900190889311489e-09	8.685020702614565e-09	9.769877351573086e-09	9.80455183707818e-09	9.949957302524126e-09	9.851419235928915e-09	9.753080121299718e-09	9.838629466685234e-09	9.295746394855087e-09	8.401570994465146e-09	9.990856142394478e-09	9.609635753804469e-09	9.868330153040006e-09	9.847070714386064e-09	9.851419235928915e-09	9.653774668549886e-09	9.482050700171385e-09	9.253227517547202e-09	9.733099659570144e-09	9.761237151906244e-09	9.544805834593717e-09	9.843375892160111e-09	9.299810699303634e-09	9.299782277594204e-09	9.917044963003718e-09	9.365408004669007e-09	9.400196177011821e-09	9.831438774199341e-09	9.97980009742605e-09	9.755041219250415e-09	9.793694744075765e-09	9.959933322534198e-09	9.850623428064864e-09	9.634902653488098e-09	9.488303476246074e-09	9.678444712335477e-09	9.391499133926118e-09	9.382773669130984e-09	9.923809329848154e-09	9.141132295553689e-09	9.768115205588401e-09	9.626611873660723e-09	3:14:00	86640
