	algorithm	#Fc	D	percFES	run_1	run_2	run_3	run_4	run_5	run_6	run_7	run_8	run_9	run_10	run_11	run_12	run_13	run_14	run_15	run_16	run_17	run_18	run_19	run_20	run_21	run_22	run_23	run_24	run_25	run_26	run_27	run_28	run_29	run_30	run_31	run_32	run_33	run_34	run_35	run_36	run_37	run_38	run_39	run_40	run_41	run_42	run_43	run_44	run_45	run_46	run_47	run_48	run_49	run_50	run_51	mean	elapsed_time	evals
0	DE/best/1/bin	2	30	0.01	1556128990.4924743	3126864717.4967933	1607785552.2503128	1825346302.6004097	2060047338.796171	2431093094.804872	2234886536.179938	3800181307.555633	6734926896.630871	845929579.2150648	5298126097.852337	1548379052.3353448	2990128643.959334	1254202623.584098	2301024210.285522	1861467947.4467232	1358355537.2350352	2350513809.935659	1692510288.0931273	1287198128.4109113	1292595407.0095346	2789651402.8826184	2465858026.8853097	1561915835.567729	3305541302.6442327	3971094828.3067603	1649616027.5634687	1169362128.9176793	1917284342.970892	2850462734.978685	2250849985.8185453	2767442135.8749356	2678693625.3148456	1984687072.89609	1509355477.797407	2202850811.8488183	1328964455.352395	2567867720.5102897	3077561175.59023	2399006937.706897	4639336513.454889	1658850353.5050771	2586308024.0379143	1753425808.0160422	2931766651.777929	8351322027.124269	3757999110.67568	2126578466.4622872	1245930344.5285366	2130239696.6601634	1486798512.260247	2481849286.2764907	0:07:15	2910
