	algorithm	#Fc	D	percFES	run_1	run_2	run_3	run_4	run_5	run_6	run_7	run_8	run_9	run_10	run_11	run_12	run_13	run_14	run_15	run_16	run_17	run_18	run_19	run_20	run_21	run_22	run_23	run_24	run_25	run_26	run_27	run_28	run_29	run_30	run_31	run_32	run_33	run_34	run_35	run_36	run_37	run_38	run_39	run_40	run_41	run_42	run_43	run_44	run_45	run_46	run_47	run_48	run_49	run_50	run_51	mean	elapsed_time	evals
0	DE/best/1/bin	6	10	0.9	0.017393155959439355	0.4595389445547653	0.008357718460956676	0.008229143684616247	6.710706657031551e-09	1.5000078745522387	2.470895093176182	9.374957699037623e-09	1.5	0.9274587248444277	1.049781725406092	0.8945432708432008	0.1464942450985518	0.007439437438961249	0.11969531691318025	1.631571022989874	0.007229986300899327	1.631571022989874	0.002057289165009024	0.2624895176699056	0.9931859210464609	0.0007480513294240154	0.034994184401284656	0.7854046576987912	1.1214203867708648	2.558703088373818	1.5164581855382266	1.5763518223330948	7.913854460639413e-09	0.02891944702287219	2.1223359651935425	0.018074922979053554	0.9894602176129865	0.5202257125830556	0.00025715860999753204	0.9860817158020154	0.014459927312827858	5.8944116768450385	1.7778522597059236	0.09873810806709571	0.8946718456195413	8.664869710628409e-09	0.000779354403562138	3.9839555568809146	0.9876027624175094	1.5	0.03825339458285271	0.0005143172197676904	0.5216193783275003	0.9880836624521407	0.23307420060916684	0.8398312040088607	5:06:37	87120
