	algorithm	#Fc	D	percFES	run_1	run_2	run_3	run_4	run_5	run_6	run_7	run_8	run_9	run_10	run_11	run_12	run_13	run_14	run_15	run_16	run_17	run_18	run_19	run_20	run_21	run_22	run_23	run_24	run_25	run_26	run_27	run_28	run_29	run_30	run_31	run_32	run_33	run_34	run_35	run_36	run_37	run_38	run_39	run_40	run_41	run_42	run_43	run_44	run_45	run_46	run_47	run_48	run_49	run_50	run_51	mean	elapsed_time	evals
0	DE/best/1/bin	6	10	0.4	0.9839555568809146	0.00025715860999753204	0.5189329078604032	0.008229143684616247	0.00014508413744351856	0.032288841356830744	1.3028497608542011	0.9921847005655309	0.00045187454406914185	1.7201743001285195	4.623640791123762e-05	7.316089067899156e-09	1.500071337164627	0.06593023562470535	9.290943125961348e-09	1.6098017255224022	0.035336809784212164	0.00835277427654546	1.5	0.01645818553834033	1.3065108606326703	7.903167897893582e-09	0.2671372152378808	0.03294369608147463	1.6918811620939778	0.017621816232690435	1.5	0.028919447022985878	0.9844074314249838	0.0005103553935441596	8.812548912828788e-09	3.211551609183516e-05	1.5289194470228722	0.5229629171481065	0.04737538131416841	1.5	0.06183490102432643	0.45928178594476776	0.06805771025165086	0.025055545347186126	1.839277209638908	0.020073181204566026	9.865402716968674e-09	0.06787994323076418	1.514919676409363	0.008229143684616247	1.5908438651621282	0.5863410418501189	1.0294541182203147	0.8082710659169834	1.0004137424191413	0.5647964990501119	2:03:44	38730
