	algorithm	#Fc	D	percFES	run_1	run_2	run_3	run_4	run_5	run_6	run_7	run_8	run_9	run_10	run_11	run_12	run_13	run_14	run_15	run_16	run_17	run_18	run_19	run_20	run_21	run_22	run_23	run_24	run_25	run_26	run_27	run_28	run_29	run_30	run_31	run_32	run_33	run_34	run_35	run_36	run_37	run_38	run_39	run_40	run_41	run_42	run_43	run_44	run_45	run_46	run_47	run_48	run_49	run_50	run_51	mean	elapsed_time	evals
0	DE/best/1/bin	6	10	1.0	0.0005946033326154065	7.1203203333425336e-09	0.07456530156184726	8.80072548170574e-09	1.0781702035445733	0.00025715860999753204	0.0006664605206196939	3.4566581481693675	1.7624735127617441	0.0015791113684144875	0.0358012839157027	1.5734042614446935	1.5528343612595563	0.13980016667449036	1.6004908388822514e-05	0.2629878340031837	0.13157889754211283	8.952156349550933e-09	1.580579368379631	0.00011296862157905707	0.8945432708430872	1.7635352946854255e-05	1.00137993820465	0.06656291257422708	0.24785373547513245	0.9840198340637016	0.4883142015893327	0.520868815661629	0.0041447032249379845	0.00029416941640647565	1.5845880260001195	4.8603396862745285e-09	0.518940782412642	9.505924936092924e-09	0.1318533230232788	0.5189329078604032	0.2325207014418993	0.9939921986776881	0.004114577424957133	1.5	0.8952210826543023	0.26247351276174413	0.00022593726669128955	3.0785503018606732	0.03303691289966082	0.14083256383048592	0.18940624861170363	0.004642717205001645	1.5000721517353668	9.861651051323861e-09	1.099592992389944	0.5597858009839657	5:24:37	96780
