	algorithm	#Fc	D	percFES	run_1	run_2	run_3	run_4	run_5	run_6	run_7	run_8	run_9	run_10	run_11	run_12	run_13	run_14	run_15	run_16	run_17	run_18	run_19	run_20	run_21	run_22	run_23	run_24	run_25	run_26	run_27	run_28	run_29	run_30	run_31	run_32	run_33	run_34	run_35	run_36	run_37	run_38	run_39	run_40	run_41	run_42	run_43	run_44	run_45	run_46	run_47	run_48	run_49	run_50	run_51	mean	elapsed_time	evals
0	DE/best/1/bin	6	10	0.5	1.0852231366656042	1.5	7.949324754008558e-09	0.008229143684616247	0.002057289165009024	1.504330782712941	8.532765605195891e-09	0.0020643484928086764	0.5890000904672661	0.00012897352871732437	9.335280992672779e-09	0.8945432708432008	1.0703101509752742	1.4433016200084694	0.17320829490085998	6.4363803176092915e-09	0.8945432708430872	6.427718290069606e-05	2.601780608547074	0.000578598424226584	3.2115515978148323e-05	0.0018074981122708778	0.0010286442551432629	0.0003282485313320649	1.0642161466290645	0.4593100280245608	7.6413471106207e-09	0.8945432708432008	0.002057289165009024	0.0001606902925459508	0.8945432708432008	0.05111828306087318	0.14965742756135114	1.6780069806302436	0.8954470199291791	0.0036310005743871443	1.0417907825028578	0.5189611499401963	1.6333785211020313	1.5658226540657552	0.0037435704425661243	0.26247351276174413	1.600490816144884e-05	1.8826134051490726	5.928277038670672	0.11589459411879943	5.465722097142134e-09	0.31551610629503557	0.13009736282185713	1.8283638320991713	2.1263218839872025	0.6905592595026733	2:43:03	48390
