	algorithm	#Fc	D	percFES	run_1	run_2	run_3	run_4	run_5	run_6	run_7	run_8	run_9	run_10	run_11	run_12	run_13	run_14	run_15	run_16	run_17	run_18	run_19	run_20	run_21	run_22	run_23	run_24	run_25	run_26	run_27	run_28	run_29	run_30	run_31	run_32	run_33	run_34	run_35	run_36	run_37	run_38	run_39	run_40	run_41	run_42	run_43	run_44	run_45	run_46	run_47	run_48	run_49	run_50	run_51	mean	elapsed_time	evals
0	DE/best/1/bin	6	10	0.3	1.7310342202287075	0.008486302294613779	0.07091727476097276	0.25573949105842075	1.0815938509724674	0.28205873909655566	0.03330684463799116	1.0018249244332083	0.0003105418820723571	0.004142819504863837	1.6975222518319697	0.004416779938082982	2.0044394812668997	0.11563743550902927	0.22038298479958485	0.058349542841483526	1.0624928321690277	6.7478822529665194e-09	0.9842127154906848	0.13166131303989914	0.0012058900592819555	1.012903245983921	1.5022083902837267	0.00013801838724702975	0.13553613493832017	1.4390116292411221	7.912603905424476e-09	9.2270511231618e-09	0.5198366569464952	9.623704499972519e-09	1.505143222584934	1.097528348926403	0.0030847581435864413	0.13160313850607963	7.874552352404862e-06	0.016832548333923114	7.687303582315508e-05	7.874552579778538e-06	2.5791988477997165	0.00411457742507082	5.6315269993443735	9.42827682592906e-09	2.7424957046790723	1.9037690382666597	2.6546774840461467	0.00411457742507082	1.8785067022765816	9.095288078242447e-09	2.046974903115597	2.09530236554599	1.5076897255137283	0.8070985476020617	1:21:42	29040
