	algorithm	#Fc	D	percFES	run_1	run_2	run_3	run_4	run_5	run_6	run_7	run_8	run_9	run_10	run_11	run_12	run_13	run_14	run_15	run_16	run_17	run_18	run_19	run_20	run_21	run_22	run_23	run_24	run_25	run_26	run_27	run_28	run_29	run_30	run_31	run_32	run_33	run_34	run_35	run_36	run_37	run_38	run_39	run_40	run_41	run_42	run_43	run_44	run_45	run_46	run_47	run_48	run_49	run_50	run_51	mean	elapsed_time	evals
0	DE/best/1/bin	6	10	0.8	1.074072379294421	9.439759196538944e-09	1.4120891705715621e-05	0.2718402173521781	1.7338740752391004	0.5192224377570938	0.03291545400134055	0.8945432708430872	1.0184934165212098	1.5	0.08592929855046805	1.6349143174585379	0.018515474703235668	1.5052671896987704	8.916003935155459e-09	1.5165146698216176	0.5436743493529548	3.346320740076976	1.5000070599825222	0.23097773594531645	9.893142305372749e-09	1.2659504025170918	0.3307879042537252	7.664993972866796e-09	0.36530030035544314	0.8945432708430872	0.8945432708432008	0.09075067962328376	1.0016225786229143	0.26351816192516253	0.01697250677966622	1.7924737280723093	0.9274587248444277	7.819835445843637e-09	0.0175878718914646	3.003904719141019	1.5258417799449262	1.1256135260513247	0.24950733154037152	0.008583655727989026	1.6004908275135676e-05	0.2482142253411439	0.0036149956663393823	9.786504051589873e-09	0.1315710229898741	0.09474210108862735	1.0343434375175775	0.06596571408533691	1.5153636763989198	0.030918112851054502	0.0001510080364823807	0.6730775877033689	4:31:58	77430
