	algorithm	#Fc	D	percFES	run_1	run_2	run_3	run_4	run_5	run_6	run_7	run_8	run_9	run_10	run_11	run_12	run_13	run_14	run_15	run_16	run_17	run_18	run_19	run_20	run_21	run_22	run_23	run_24	run_25	run_26	run_27	run_28	run_29	run_30	run_31	run_32	run_33	run_34	run_35	run_36	run_37	run_38	run_39	run_40	run_41	run_42	run_43	run_44	run_45	run_46	run_47	run_48	run_49	run_50	run_51	mean	elapsed_time	evals
0	DE/best/1/bin	6	10	0.7	2.579116284489942	1.5001380183873607	0.9839555568809146	0.00025715860977015836	1.0241009971831545	0.0005143212414395748	0.1734761755916452	1.031330938195083	0.03301184670044677	1.2759344389642138	0.5192168285731213	3.262473512761744	3.7902363242412775	1.500064277182787	0.0022243951912059856	1.465191885306922	0.8945432708432008	0.0062361437727531666	7.985477168404032e-09	0.00011296862157905707	1.501101133446923	2.7914049171071156	1.5763518223330948	4.456016111556892	0.5189329078604032	1.6445897963293419	0.5191900664701734	9.245923138223588e-09	1.5000160049081614	0.4934512487070606	7.874552352404862e-06	0.9840198340637016	0.0018074981122708778	3.2115515978148323e-05	0.1351860186560998	1.5	3.417005910686612	1.1255492488685377	2.4839555568809146	1.5768115714295163	0.8951272205183614	0.13175827675308938	1.7789528791736302	0.7253210229927163	0.13586657367955013	8.533675099897664e-09	2.9504673291265817	6.766526087176317e-05	3.2115515978148323e-05	0.008229143684616247	0.9839555568809146	1.0564184860700998	4:10:38	67770
