	algorithm	#Fc	D	percFES	run_1	run_2	run_3	run_4	run_5	run_6	run_7	run_8	run_9	run_10	run_11	run_12	run_13	run_14	run_15	run_16	run_17	run_18	run_19	run_20	run_21	run_22	run_23	run_24	run_25	run_26	run_27	run_28	run_29	run_30	run_31	run_32	run_33	run_34	run_35	run_36	run_37	run_38	run_39	run_40	run_41	run_42	run_43	run_44	run_45	run_46	run_47	run_48	run_49	run_50	run_51	mean	elapsed_time	evals
0	DE/best/1/bin	6	10	0.2	0.03298332730025777	0.00012414954460382432	1.5578431001746367	1.1484420602542968	1.5075659142805762	0.4608346041312643	1.504125966447532	0.07892631421032092	9.008545021060854e-09	0.2624735127618578	0.0005221957944741007	1.0266388918907978	1.5000000000004547	1.5835818086339941	7.398739398922771e-09	0.002057289165122711	1.4754167319624685	8.070287549344357e-09	0.03291637110862666	1.7971291674965642	0.014361679359012669	0.0009378382169416	0.0041145774254118805	8.374058779736515e-09	1.5178427077181595	0.998615216580788	0.0030859334234492053	1.5021072072229344	1.5002760461600246	0.0007714798515507937	1.0995929923903986	9.984205462387763e-09	0.26294698144317863	0.25325160894510645	7.217522579594515e-09	1.9597408265379954	0.006350189149998187	0.000815830198803269	2.7537786404664075	0.0036149956663393823	1.4321599571810566	2.014182594041472	0.03295970099190981	1.9592817859584102	0.2112147741939907	1.612127570127086	0.7880759562998492	2.684517968730688	0.01438072340920371	0.0041426903761703215	3.514459763209743e-06	0.7177810478772021	0:57:50	19380
