	algorithm	#Fc	D	percFES	run_1	run_2	run_3	run_4	run_5	run_6	run_7	run_8	run_9	run_10	run_11	run_12	run_13	run_14	run_15	run_16	run_17	run_18	run_19	run_20	run_21	run_22	run_23	run_24	run_25	run_26	run_27	run_28	run_29	run_30	run_31	run_32	run_33	run_34	run_35	run_36	run_37	run_38	run_39	run_40	run_41	run_42	run_43	run_44	run_45	run_46	run_47	run_48	run_49	run_50	run_51	mean	elapsed_time	evals
0	DE/best/1/bin	6	30	0.5	8.16192135731967	16.03274399868576	15.321287052137222	21.325193124085104	10.424943427154062	11.303005312252822	10.119073590769403	17.913093275433994	18.70037786184446	14.390107604807326	11.356604262056749	10.056536352721878	12.30054146984196	15.226817905753023	11.789584500411365	10.27018793136574	11.599651033053988	15.600470178998762	12.180594788751023	15.680215780297317	12.472062942593766	12.869091505979554	15.015806670311008	8.859425825973517	15.032195389529875	11.61731931326517	13.000534628687774	11.174170232112942	9.393900772237316	10.753970968022031	12.117951987048286	9.785123990053194	12.71071597491516	10.327618347874932	10.641735426762693	15.59030230765893	14.615070569827594	16.3034606608594	12.157688201666701	14.891708796493731	8.75862374710573	12.380605887380966	12.171832297801075	14.567555015056541	10.557195539770305	7.569332079596165	10.334271197126213	17.11072286621379	12.960188839530247	14.308099286332777	15.314982806328203	12.845415978075632	6:07:34	145170
