	algorithm	#Fc	D	percFES	run_1	run_2	run_3	run_4	run_5	run_6	run_7	run_8	run_9	run_10	run_11	run_12	run_13	run_14	run_15	run_16	run_17	run_18	run_19	run_20	run_21	run_22	run_23	run_24	run_25	run_26	run_27	run_28	run_29	run_30	run_31	run_32	run_33	run_34	run_35	run_36	run_37	run_38	run_39	run_40	run_41	run_42	run_43	run_44	run_45	run_46	run_47	run_48	run_49	run_50	run_51	mean	elapsed_time	evals
0	DE/best/1/bin	6	30	0.8	12.650846454956763	11.06389871692943	8.774382201693015	16.68991873026573	15.753428312565347	14.03009877450802	18.959656408369256	11.399031033334722	17.447845695578962	7.037466304904569	15.689268765877841	15.978070059809625	12.05531359222914	16.529151100373838	18.880057680964796	13.778732246832647	16.530123758636364	13.82718452322365	10.427563706423712	15.2634851685699	13.45810581746241	11.764025122064709	10.861021009454703	13.859857783504253	9.839397203719045	13.844053931001781	17.40510295917636	12.967405653766491	13.65325104791475	12.462003213562639	18.736722673474787	12.121812550880577	15.081643643001598	15.344699438382804	10.93442384389175	16.017412842950876	8.988854257678668	18.58030138164554	13.50924262113324	11.603649803533358	13.311562368975729	13.168177479559631	13.881901669603053	16.311871653088588	14.811482379180688	14.653331113906802	19.72651104217448	13.555268129144338	11.337255254064303	12.642648486313192	11.31825850053167	13.892485845309611	8:38:02	232290
