	algorithm	#Fc	D	percFES	run_1	run_2	run_3	run_4	run_5	run_6	run_7	run_8	run_9	run_10	run_11	run_12	run_13	run_14	run_15	run_16	run_17	run_18	run_19	run_20	run_21	run_22	run_23	run_24	run_25	run_26	run_27	run_28	run_29	run_30	run_31	run_32	run_33	run_34	run_35	run_36	run_37	run_38	run_39	run_40	run_41	run_42	run_43	run_44	run_45	run_46	run_47	run_48	run_49	run_50	run_51	mean	elapsed_time	evals
0	DE/best/1/bin	6	30	0.2	13.295191687808483	8.858663062783307	12.652266206583363	14.441947375490827	14.758960725099882	11.702096092198076	13.882206642718074	11.924122326161182	13.650907506100793	10.359818429485472	18.38995396688665	13.131333188529993	12.870135243940695	13.83261648133248	14.38085375573462	8.518464748864744	11.988205156046888	6.623423146158757	8.87129649865426	17.10194896257417	14.92251874878582	22.29819023893549	12.357023259351536	21.3090580386679	15.901098774498564	13.583662403883864	15.40283478328547	9.162999160452046	11.341748898643573	16.430677698173668	15.11459617401249	13.28549255739506	16.25755743675404	12.41328910501727	17.844509176021802	8.078426497827309	12.31852618917128	11.999671074756861	11.244093328032818	14.33677968113534	13.949228117864777	14.114692297940678	11.394068396742341	9.986717220239825	11.706490947105635	12.73274421741894	14.773445551673035	12.827875995004547	16.277639010038115	15.21387538090437	14.178676043995438	13.41161995307613	2:49:52	58080
