	algorithm	#Fc	D	percFES	run_1	run_2	run_3	run_4	run_5	run_6	run_7	run_8	run_9	run_10	run_11	run_12	run_13	run_14	run_15	run_16	run_17	run_18	run_19	run_20	run_21	run_22	run_23	run_24	run_25	run_26	run_27	run_28	run_29	run_30	run_31	run_32	run_33	run_34	run_35	run_36	run_37	run_38	run_39	run_40	run_41	run_42	run_43	run_44	run_45	run_46	run_47	run_48	run_49	run_50	run_51	mean	elapsed_time	evals
0	DE/best/1/bin	6	30	1.0	6.114573793137993	13.859812499059103	9.175218796776107	17.863212471259658	9.221856622052542	14.831660549043477	12.589360120475362	14.249677589653743	13.806951299764364	21.825128039706783	7.467849164479617	12.49678303791859	11.42486461213332	14.59742071276412	18.46680911233841	15.842042150060479	5.583938999853672	20.022791724173658	10.416762233441432	15.82635411128308	12.227625227107524	9.57752503191648	12.867435315195735	11.396168849424726	11.735402934147942	12.295334712354133	9.68859463493959	14.807862086632099	14.11931454688488	8.527661427022963	13.76978695524167	13.583004176754002	6.507813152594281	19.73608619236711	12.194219490988985	15.064671693869627	14.567982347767156	10.215370592771478	9.098445043880588	15.362989082341755	19.609753221340952	10.409997617905105	7.926121002320201	13.259795385321127	14.98368941134413	10.57467366788535	11.92116383353607	11.039383827507436	14.557443690334708	11.0466032897491	14.69805328232394	12.804961556140125	10:03:14	290340
