	algorithm	#Fc	D	percFES	run_1	run_2	run_3	run_4	run_5	run_6	run_7	run_8	run_9	run_10	run_11	run_12	run_13	run_14	run_15	run_16	run_17	run_18	run_19	run_20	run_21	run_22	run_23	run_24	run_25	run_26	run_27	run_28	run_29	run_30	run_31	run_32	run_33	run_34	run_35	run_36	run_37	run_38	run_39	run_40	run_41	run_42	run_43	run_44	run_45	run_46	run_47	run_48	run_49	run_50	run_51	mean	elapsed_time	evals
0	DE/best/1/bin	6	30	0.4	11.587595224591837	11.829464239588333	10.164059927810172	13.439924227939514	18.494270223995386	12.90397673254688	10.371668613590145	10.136008051790327	14.679093657474823	8.11688334764608	12.589545732861666	17.846174288823704	12.856922162265278	14.808343903445802	11.29249617737537	11.980989936302535	12.233750011270104	9.394399686474685	11.215422216220418	13.232973590379174	14.953448788775972	15.09788161762549	11.099848248133867	9.434305445068048	7.993284970923128	6.165782589059404	9.328481713428573	11.264721082732763	9.780527358796576	14.95545970086755	12.086151440750655	12.223738905837081	9.465302474607256	13.944351035463455	15.279076957381449	12.01209417964219	10.469717175083588	12.556044116344651	15.23440412073137	10.081631583699505	13.52482576224611	7.06091562155882	7.906344583453233	15.051097027680385	19.16675517049964	14.748433399935152	14.604346243614032	9.871493823610876	15.658851730928404	13.067467353952452	22.51385923587941	12.466168733543203	5:08:19	116160
