	algorithm	#Fc	D	percFES	run_1	run_2	run_3	run_4	run_5	run_6	run_7	run_8	run_9	run_10	run_11	run_12	run_13	run_14	run_15	run_16	run_17	run_18	run_19	run_20	run_21	run_22	run_23	run_24	run_25	run_26	run_27	run_28	run_29	run_30	run_31	run_32	run_33	run_34	run_35	run_36	run_37	run_38	run_39	run_40	run_41	run_42	run_43	run_44	run_45	run_46	run_47	run_48	run_49	run_50	run_51	mean	elapsed_time	evals
0	DE/best/1/bin	6	30	0.1	10.463667345791691	16.13374453743984	13.518787990785427	14.620157528688878	9.448688726704745	12.512788391062372	12.82471844737347	10.980893285288175	7.719593631345219	12.929749014087975	8.900447784819448	11.840339107893442	13.920374717809182	10.132116086915858	12.38341114444438	19.037034770590026	15.579935025781651	7.924169678514772	12.441828478872822	6.678055262272551	9.099812738306241	20.936566667736088	13.520834410455109	17.40687477018048	11.929301907606487	10.084239344996035	13.329721936261762	13.556255157059809	11.809279098595198	17.034594150009525	10.872031001526011	9.117686765897929	14.623043654909566	15.878577123054015	12.120780375799427	12.659834698226518	11.818385205542427	11.59003013877475	13.303306806393039	13.321571442146592	9.869433813386081	12.178703223027128	8.978117992623993	17.277599974659665	11.84862021886022	15.123091381731456	13.855459603102759	12.331404908629452	12.462118463199204	15.935851576914047	5.9263994434219285	12.54490252842186	1:25:03	29040
