	algorithm	#Fc	D	percFES	run_1	run_2	run_3	run_4	run_5	run_6	run_7	run_8	run_9	run_10	run_11	run_12	run_13	run_14	run_15	run_16	run_17	run_18	run_19	run_20	run_21	run_22	run_23	run_24	run_25	run_26	run_27	run_28	run_29	run_30	run_31	run_32	run_33	run_34	run_35	run_36	run_37	run_38	run_39	run_40	run_41	run_42	run_43	run_44	run_45	run_46	run_47	run_48	run_49	run_50	run_51	mean	elapsed_time	evals
0	DE/best/1/bin	6	30	0.3	9.190444185773572	9.746774247598069	13.463893138052754	12.689468048639696	8.171051203315415	18.235385641715084	7.897004062125575	13.92281149633095	14.0189966872681	18.025992152778485	11.219418509876164	10.620783091664066	11.286642709267085	6.584827212288246	15.098543280047238	15.836223630560312	19.19773385061876	14.536913398505249	14.90274113862938	8.394922197918731	15.595549088029202	15.892552771503347	5.104909028747443	18.825923503133822	10.328755038483564	16.225921393004	8.274060425202151	10.476387774491627	11.26082146262388	11.195776828118937	12.452212322012997	9.203683441739145	6.37970277541956	10.998020451071284	18.383171408596013	14.003152678653805	11.944375064643168	10.16964431955273	7.967549282948312	13.175659807194279	14.311758154327663	16.25489720929147	11.014601626783815	10.476579486577407	9.484563310482372	9.748603675388722	9.86986565357654	13.682825235283644	9.631714544185797	16.4107881278469	9.452002915532148	12.18110977818468	4:01:00	87120
