	algorithm	#Fc	D	percFES	run_1	run_2	run_3	run_4	run_5	run_6	run_7	run_8	run_9	run_10	run_11	run_12	run_13	run_14	run_15	run_16	run_17	run_18	run_19	run_20	run_21	run_22	run_23	run_24	run_25	run_26	run_27	run_28	run_29	run_30	run_31	run_32	run_33	run_34	run_35	run_36	run_37	run_38	run_39	run_40	run_41	run_42	run_43	run_44	run_45	run_46	run_47	run_48	run_49	run_50	run_51	mean	elapsed_time	evals
0	DE/best/1/bin	7	30	0.5	9.708287507237401e-09	0.09302742321983715	0.054083752758742776	0.04426816690840951	0.0073960403343562575	9.436234904569574e-09	0.007396040334242571	0.029562027865608798	9.996483640861697e-09	0.024590437451934122	0.009857284607960537	0.01967773455828592	0.036842848863557265	9.834366210270673e-09	9.606765161151998e-09	0.007396040334242571	0.04176768394654573	0.09546644197814658	0.007396040334242571	9.70544533629436e-09	9.623931873647962e-09	9.963855518435594e-09	0.04913939802861478	0.007396040334242571	0.014779776754949125	9.706582204671577e-09	9.749669516168069e-09	0.027105692824875405	0.0245732940866219	0.024573294086508213	9.838231562753208e-09	0.022126733433083245	9.007408152683638e-09	0.007396040334242571	9.77854597294936e-09	9.036625669978093e-09	0.019677734558172233	0.05893536219082307	0.014779776754949125	9.748760021466296e-09	0.049100058804015134	0.012316072519411136	0.012320988875217154	9.898258213070221e-09	0.009857284607960537	0.027017420107881662	0.007396040334242571	9.813902579480782e-09	0.014779776754949125	0.05403257344141821	0.009857284607960537	0.018546838654698132	4:44:25	145170
