	algorithm	#Fc	D	percFES	run_1	run_2	run_3	run_4	run_5	run_6	run_7	run_8	run_9	run_10	run_11	run_12	run_13	run_14	run_15	run_16	run_17	run_18	run_19	run_20	run_21	run_22	run_23	run_24	run_25	run_26	run_27	run_28	run_29	run_30	run_31	run_32	run_33	run_34	run_35	run_36	run_37	run_38	run_39	run_40	run_41	run_42	run_43	run_44	run_45	run_46	run_47	run_48	run_49	run_50	run_51	mean	elapsed_time	evals
0	DE/best/1/bin	7	30	0.9	0.03936284251665256	0.07059938300346857	9.880750440061092e-09	0.03444772103534888	0.014779776754949125	9.985569704440422e-09	0.01968999800499205	0.017241020915435	0.007396040334242571	0.03433522608042949	9.9460066849133e-09	0.02212673343296956	0.009857284607960537	9.785935617401265e-09	0.039260172644503655	0.049163723188144104	9.897348718368448e-09	0.009864672061098645	0.009864672061098645	9.904624675982632e-09	9.866994332696777e-09	0.019697356010510703	0.02705168125180535	0.009857284607960537	0.014772407722944081	0.009857284607960537	0.024573294086508213	0.009864672061098645	0.007396040334242571	0.009857284607960537	0.009857284607960537	0.0979953146418211	9.171799320029095e-09	0.014779776754949125	9.56538315222133e-09	0.08605542195516591	0.0295178045182638	0.019677734558172233	0.007396040334242571	9.959194358089007e-09	0.0295178045182638	0.009857284607960537	9.078462426259648e-09	0.007396040334242571	9.42543465498602e-09	0.049163723188144104	0.048946910900781404	9.753080121299718e-09	0.009857284607960537	0.007396040334242571	0.007396040334242571	0.018543670673515335	7:33:22	261300
