	algorithm	#Fc	D	percFES	run_1	run_2	run_3	run_4	run_5	run_6	run_7	run_8	run_9	run_10	run_11	run_12	run_13	run_14	run_15	run_16	run_17	run_18	run_19	run_20	run_21	run_22	run_23	run_24	run_25	run_26	run_27	run_28	run_29	run_30	run_31	run_32	run_33	run_34	run_35	run_36	run_37	run_38	run_39	run_40	run_41	run_42	run_43	run_44	run_45	run_46	run_47	run_48	run_49	run_50	run_51	mean	elapsed_time	evals
0	DE/best/1/bin	7	30	0.7	0.029554669824051416	9.877680895442609e-09	0.019697356010397016	0.007396040334242571	0.009864672061212332	0.03433522608042949	8.951019481173716e-09	9.95657956082141e-09	0.02212673343296956	0.007396040334242571	9.559471436659805e-09	0.007396040334242571	0.007396040334128884	9.473751561017707e-09	0.014779776754949125	0.024610029557720736	0.029459115073677822	9.883024176815525e-09	0.08354775625127786	0.007396040334242571	0.032020815481587306	0.039201655465262775	0.012320988875217154	0.01232098887533084	9.869722816802096e-09	0.024590437451934122	9.95237314782571e-09	0.017241020915435	0.012316072519411136	0.007396040334242571	9.79832748271292e-09	0.05620683682195704	0.017226293859835096	0.03676964921100989	0.03194236749550328	0.014779776754949125	0.027036998028847847	9.614950613467954e-09	0.007396040334242571	9.762629815668333e-09	0.02212673343296956	0.009864672061098645	0.017241020915435	9.902009878715035e-09	0.09528421172626622	0.014772407722944081	0.007396040334242571	8.00298494141316e-09	0.014772407722944081	8.727738531888463e-09	9.707946446724236e-09	0.016376061884287474	6:14:51	34470
