	algorithm	#Fc	D	percFES	run_1	run_2	run_3	run_4	run_5	run_6	run_7	run_8	run_9	run_10	run_11	run_12	run_13	run_14	run_15	run_16	run_17	run_18	run_19	run_20	run_21	run_22	run_23	run_24	run_25	run_26	run_27	run_28	run_29	run_30	run_31	run_32	run_33	run_34	run_35	run_36	run_37	run_38	run_39	run_40	run_41	run_42	run_43	run_44	run_45	run_46	run_47	run_48	run_49	run_50	run_51	mean	elapsed_time	evals
0	DE/best/1/bin	7	30	0.2	0.012316072519524823	0.0073960403343562575	0.01232098887533084	0.007396040334242571	0.022126733433196932	0.0073960403343562575	9.788777788344305e-09	0.009857284608074224	9.90519311017124e-09	0.014779776754949125	0.02459043745204781	0.01967773455828592	0.01231607251963851	0.03194236749561696	0.012316072519524823	0.007396040334242571	9.711584425531328e-09	0.02949824170161719	8.79651906871004e-09	0.027066364287975375	0.04176768394665942	0.05408866998368467	9.942141332430765e-09	0.017241020915435	0.02214143864489415	0.02215124201507024	0.03687212742659085	9.704422154754866e-09	0.02215124201495655	0.009857284608074224	0.03446735426757641	9.918153409671504e-09	0.0073960403343562575	0.012316072519524823	0.019677734558399607	0.027066364287975375	9.918039722833782e-09	9.738187145558186e-09	0.06372839462380853	0.01723611191789587	0.017241020915435	9.82436176855117e-09	0.029510468501030118	9.22989329410484e-09	0.012316072519524823	0.017241020915548688	9.531163414067123e-09	9.350515028927475e-09	0.024590437451934122	0.012320988875444527	0.06133596272309205	0.0164922977919381	2:27:05	58080
