	algorithm	#Fc	D	percFES	run_1	run_2	run_3	run_4	run_5	run_6	run_7	run_8	run_9	run_10	run_11	run_12	run_13	run_14	run_15	run_16	run_17	run_18	run_19	run_20	run_21	run_22	run_23	run_24	run_25	run_26	run_27	run_28	run_29	run_30	run_31	run_32	run_33	run_34	run_35	run_36	run_37	run_38	run_39	run_40	run_41	run_42	run_43	run_44	run_45	run_46	run_47	run_48	run_49	run_50	run_51	mean	elapsed_time	evals
0	DE/best/1/bin	7	30	0.4	9.44226030696882e-09	9.38950961426599e-09	8.84926976141287e-09	0.014772407722944081	0.012316072519411136	8.833467290969566e-09	0.024573294086508213	0.017226293859835096	0.014772407722944081	9.098698683374096e-09	9.984319149225485e-09	0.039299182451941306	0.04426816690840951	0.04420450498946593	0.05132555613306522	0.0073960403343562575	0.007396040334469944	9.226823749486357e-09	0.007396040334242571	0.01969735601062439	0.012320988875217154	0.07129572519284011	9.205109563481528e-09	0.012320988875217154	0.022141438644666778	9.528548616799526e-09	9.767177289177198e-09	0.009857284607960537	0.07623007373445034	0.009857284607960537	0.04658538693513492	0.007396040334242571	0.012316072519524823	0.009864672061212332	0.049163835061676764	9.879272511170711e-09	0.024590437451934122	0.036872127426477164	9.65894741966622e-09	9.758764463185798e-09	8.49615844344953e-09	0.03679892962838949	0.017226293859835096	9.962491276382934e-09	0.0073960403343562575	0.017241020915435	0.012320988875217154	0.009857284607960537	9.684754331829026e-09	9.978634807339404e-09	0.03445510910239591	0.016485324466755484	3:57:04	116160
