	algorithm	#Fc	D	percFES	run_1	run_2	run_3	run_4	run_5	run_6	run_7	run_8	run_9	run_10	run_11	run_12	run_13	run_14	run_15	run_16	run_17	run_18	run_19	run_20	run_21	run_22	run_23	run_24	run_25	run_26	run_27	run_28	run_29	run_30	run_31	run_32	run_33	run_34	run_35	run_36	run_37	run_38	run_39	run_40	run_41	run_42	run_43	run_44	run_45	run_46	run_47	run_48	run_49	run_50	run_51	mean	elapsed_time	evals
0	DE/best/1/bin	7	30	0.3	0.019697356010510703	0.05409108950539121	9.966242942027748e-09	0.014779776754949125	0.08080945876645274	0.009864672061212332	0.03923335263834815	0.009864672061098645	0.014772407723057768	8.535721462976653e-09	9.443965609534644e-09	0.02212673343296956	0.022126733433083245	9.313225746154785e-09	9.648033483244944e-09	0.017226293859835096	0.029498241701503503	9.818563739827368e-09	0.02709339608747996	9.510245035926346e-09	0.046731919072499295	0.027036998028961534	0.05395223223774792	0.012316072519411136	0.039382435243396685	0.01232098887533084	0.009857284607960537	0.012316072519411136	9.608243090042379e-09	0.05900378954493135	9.987388693843968e-09	0.009857284607960537	9.958966984413564e-09	9.759332897374406e-09	0.029498241701503503	9.545601642457768e-09	9.342556950286962e-09	0.027051681251919035	0.034401154367969866	0.0073960403343562575	0.02215124201507024	0.017226293859835096	0.1004172335220801	0.04426328716976968	0.007396040334242571	0.007396040334242571	9.672817213868257e-09	0.05642028540933097	0.0073960403343562575	0.0073960403343562575	0.007396040334242571	0.019995393268778108	3:20:17	87120
