	algorithm	#Fc	D	percFES	run_1	run_2	run_3	run_4	run_5	run_6	run_7	run_8	run_9	run_10	run_11	run_12	run_13	run_14	run_15	run_16	run_17	run_18	run_19	run_20	run_21	run_22	run_23	run_24	run_25	run_26	run_27	run_28	run_29	run_30	run_31	run_32	run_33	run_34	run_35	run_36	run_37	run_38	run_39	run_40	run_41	run_42	run_43	run_44	run_45	run_46	run_47	run_48	run_49	run_50	run_51	mean	elapsed_time	evals
0	DE/best/1/bin	7	30	0.8	9.80878667178331e-09	0.019689998004878362	0.007396040334242571	0.012320988875217154	0.03189838254741062	9.500581654720008e-09	9.82424808171345e-09	0.012320988875217154	9.688733371149283e-09	0.03441336289722585	9.75956027104985e-09	0.007396040334242571	9.691575542092323e-09	9.967948244593572e-09	0.03192281883650594	0.08327316082841207	0.007396040334242571	0.034401154367969866	0.009857284607960537	0.0246370610602753	0.02948112396495617	0.009857284607960537	0.029547282009048104	0.007396040334242571	0.007396040334242571	9.746031537360977e-09	0.007396040334242571	0.04176768394654573	9.800146472116467e-09	0.05132555613306522	0.012320988875217154	0.039299182451941306	9.885752660920843e-09	0.0221561436688944	9.996483640861697e-09	0.04409495151651299	0.012320988875217154	0.017236111917782182	0.007396040334242571	0.012316072519411136	9.28048393689096e-09	9.153040991805028e-09	0.02705168125180535	0.014779776754949125	9.067548489838373e-09	0.014772407722944081	0.046744094260020574	0.019677734558172233	0.017226293859835096	0.009857284607960537	0.03931868686197504	0.016816842132860912	6:55:40	232290
