	algorithm	#Fc	D	percFES	run_1	run_2	run_3	run_4	run_5	run_6	run_7	run_8	run_9	run_10	run_11	run_12	run_13	run_14	run_15	run_16	run_17	run_18	run_19	run_20	run_21	run_22	run_23	run_24	run_25	run_26	run_27	run_28	run_29	run_30	run_31	run_32	run_33	run_34	run_35	run_36	run_37	run_38	run_39	run_40	run_41	run_42	run_43	run_44	run_45	run_46	run_47	run_48	run_49	run_50	run_51	mean	elapsed_time	evals
0	DE/best/1/bin	7	30	0.1	0.007396072210553939	0.024644678332265357	0.007396299600713974	0.012316279293827392	0.009857527889380435	0.012321050119794563	0.017227717269861387	0.027017572296244907	0.009864684568924531	3.425611794227734e-08	0.014779793206685099	0.04409586154304179	0.03687272891829707	2.1344987999327714e-07	2.811857484630309e-07	3.1373781439469894e-06	0.007396045439577392	0.02703705283022373	1.579275021867943e-07	0.044282925010634244	8.419235427936655e-06	1.189807790069608e-07	0.012321024629386557	0.04412694580844345	4.7342348352685804e-07	0.014779779353034428	2.5080578325287206e-07	0.054098622969036114	0.009857471407372032	0.044293252493048385	2.0319362192822155e-08	6.211075742612593e-08	7.179357908171369e-08	0.02945920380170719	6.54861651128158e-07	0.07610322539301251	9.85812675935449e-09	1.4630018085881602e-07	8.493282166455174e-08	2.245259338451433e-07	0.009857426625444532	0.03687490264928783	0.009858517211796425	0.014772416026403334	3.7996187529643066e-07	0.012321283616074652	0.027017489211289103	1.65139226737665e-08	1.0853967751245364e-06	1.3386147657001857e-06	0.022153239937892977	0.014125848460703399	1:22:10	29040
