	algorithm	#Fc	D	percFES	run_1	run_2	run_3	run_4	run_5	run_6	run_7	run_8	run_9	run_10	run_11	run_12	run_13	run_14	run_15	run_16	run_17	run_18	run_19	run_20	run_21	run_22	run_23	run_24	run_25	run_26	run_27	run_28	run_29	run_30	run_31	run_32	run_33	run_34	run_35	run_36	run_37	run_38	run_39	run_40	run_41	run_42	run_43	run_44	run_45	run_46	run_47	run_48	run_49	run_50	run_51	mean	elapsed_time	evals
0	DE/best/1/bin	7	30	1.0	9.490236152487341e-09	0.029459115073677822	9.66315383266192e-09	0.03189838254741062	9.53377821133472e-09	0.034401154367969866	9.563905223330949e-09	0.007396040334242571	0.04674167486848546	8.304937182401773e-09	0.012320988875217154	0.03203556135599683	0.017226293859835096	9.824020708038006e-09	0.017236111917782182	0.007396040334242571	0.007396040334242571	0.11011969958656209	9.202494766213931e-09	0.007396040334242571	9.988411875383463e-09	0.007396040334242571	8.694314601598307e-09	9.010932444653008e-09	9.672817213868257e-09	0.0344673133803326	0.014779776754949125	9.821405910770409e-09	0.014772407722944081	0.007396040334242571	0.007396040334242571	0.03679892962838949	0.036901669577218854	0.017241020915435	0.02212673343296956	0.007396040334242571	9.757286534295417e-09	0.012320988875217154	0.03679892962838949	0.03693101741203009	0.009857284607960537	9.890982255456038e-09	9.000928002933506e-09	0.03196680285395814	0.014772407722944081	9.865175343293231e-09	9.844939086178783e-09	9.790824151423294e-09	9.853579285845626e-09	9.158725333691109e-09	0.012320988875217154	0.014169877773483944	7:17:35	290340
