	algorithm	#Fc	D	percFES	run_1	run_2	run_3	run_4	run_5	run_6	run_7	run_8	run_9	run_10	run_11	run_12	run_13	run_14	run_15	run_16	run_17	run_18	run_19	run_20	run_21	run_22	run_23	run_24	run_25	run_26	run_27	run_28	run_29	run_30	run_31	run_32	run_33	run_34	run_35	run_36	run_37	run_38	run_39	run_40	run_41	run_42	run_43	run_44	run_45	run_46	run_47	run_48	run_49	run_50	run_51	mean	elapsed_time	evals
0	DE/best/1/bin	7	30	0.6	0.009857284607960537	0.014772407722944081	0.009857284607960537	9.970221981348004e-09	0.029510468500802745	0.06135073145412662	9.362679520563688e-09	0.01968999800499205	9.825953384279273e-09	0.022185660857417133	0.0565597028872844	9.792984201340005e-09	0.14926831653303907	9.754899110703263e-09	0.012316072519411136	9.542986845190171e-09	0.04675882264507436	0.017241020915435	0.009864672061098645	0.06590646975666914	0.024573294086394526	0.05892564628732089	0.014772407722944081	0.024590437451934122	9.786731425265316e-09	0.007396040334242571	0.024573294086508213	0.012316072519411136	0.029459115073564135	0.017241020915435	9.557197699905373e-09	9.835389391810168e-09	0.017241020915435	0.039201655465262775	9.254335964214988e-09	0.009857284607960537	8.81971118360525e-09	0.024602682556974287	0.017241020915435	0.024590437451934122	0.00985728460784685	0.029498241701503503	0.007396040334242571	0.012320988875217154	0.009857284607960537	0.014772407722944081	0.03685748823772883	0.09052030073110018	0.02212673343296956	9.961013347492553e-09	0.019697356010510703	0.022051462454727448	5:52:13	174210
