	algorithm	#Fc	D	percFES	run_1	run_2	run_3	run_4	run_5	run_6	run_7	run_8	run_9	run_10	run_11	run_12	run_13	run_14	run_15	run_16	run_17	run_18	run_19	run_20	run_21	run_22	run_23	run_24	run_25	run_26	run_27	run_28	run_29	run_30	run_31	run_32	run_33	run_34	run_35	run_36	run_37	run_38	run_39	run_40	run_41	run_42	run_43	run_44	run_45	run_46	run_47	run_48	run_49	run_50	run_51	mean	elapsed_time	evals
0	DE/best/1/bin	9	10	0.4	22.906869470039055	36.901563473296164	9.949585533113918	4.9747952854664845	15.919329800035484	18.90418677460093	25.3982774033517	5.969754342559781	20.89409985096836	18.904186774600817	3.9798362283731876	14.924355584046793	17.909247914222078	14.924355584046793	14.924370742942187	7.959667418927324	27.040096361687347	3.9798362283731876	16.746249441778104	16.914268660414336	17.65675122322523	13.929396526953497	7.959667418927324	9.949585533113918	37.47077449082178	11.939503647300398	31.01657650981076	7.959667418927324	41.744548963837815	15.919329800035484	23.878911211388868	23.114050330666487	8.954626476020621	36.69369498902506	19.899140793875063	8.954626476020621	7.959667418927324	9.949585533113805	27.47272897388939	18.904186774600817	8.954626476020621	12.440341787577836	6.9647083618340275	25.315367533343647	9.949585533113805	9.978131751766796	12.934457666574644	37.06836016761008	42.08709014080057	4.9747952854664845	14.924355584046793	17.39105438571531	4:46:36	38730
