	algorithm	#Fc	D	percFES	run_1	run_2	run_3	run_4	run_5	run_6	run_7	run_8	run_9	run_10	run_11	run_12	run_13	run_14	run_15	run_16	run_17	run_18	run_19	run_20	run_21	run_22	run_23	run_24	run_25	run_26	run_27	run_28	run_29	run_30	run_31	run_32	run_33	run_34	run_35	run_36	run_37	run_38	run_39	run_40	run_41	run_42	run_43	run_44	run_45	run_46	run_47	run_48	run_49	run_50	run_51	mean	elapsed_time	evals
0	DE/best/1/bin	9	10	0.5	8.954626476020508	15.919329800035484	30.976179645192133	12.934457666574644	12.9344374698602	21.889058908061656	38.38608340866233	10.944544590207101	18.90420193349621	6.9647083618340275	6.964713399653078	16.91428885712878	27.202214132421886	11.939498609481348	6.9647083618340275	34.62668063865124	26.347729870445164	30.84366014954867	17.909227717507633	3.9798362283731876	17.90922771750752	18.708471728051677	21.889053870242606	17.909247914222078	12.934457666574644	25.901745684864068	16.91428885712878	20.574259102098495	6.964713399653078	8.954626476020621	15.919329800035484	15.919329800035484	15.919334837854535	19.899145831694113	10.94453955238805	31.329604293256466	11.939498609481348	6.964713399653078	25.61919994532127	7.959672456746375	9.000154633578973	9.949585533113918	19.899160990589507	16.914268660414336	27.81069817803791	7.959667418927324	40.80741424854307	5.969754342559781	10.94453955238805	14.924370742942187	6.964713399653078	16.955274017030728	5:42:52	48390
