	algorithm	#Fc	D	percFES	run_1	run_2	run_3	run_4	run_5	run_6	run_7	run_8	run_9	run_10	run_11	run_12	run_13	run_14	run_15	run_16	run_17	run_18	run_19	run_20	run_21	run_22	run_23	run_24	run_25	run_26	run_27	run_28	run_29	run_30	run_31	run_32	run_33	run_34	run_35	run_36	run_37	run_38	run_39	run_40	run_41	run_42	run_43	run_44	run_45	run_46	run_47	run_48	run_49	run_50	run_51	mean	elapsed_time	evals
0	DE/best/1/bin	9	10	0.2	48.38622718636418	37.596482010850764	42.67348393544205	37.73178103835994	38.34587247716263	50.05819122160892	40.634574494463436	44.72300968423701	50.69045048767475	36.48797557737066	41.43219181693894	31.0872345928467	52.322779799823365	48.82562283639413	42.701540559578916	42.359276642019495	44.28613147655881	45.95157312086462	19.407251375205078	43.3827379735219	44.61604598874305	44.049997122111336	49.08292858152606	38.687760595357645	48.993576055948665	46.38383908098001	24.439402379990497	48.27329239327469	51.1631130494909	32.56628953518259	47.24595999000201	38.296976734101236	38.134473086865796	38.99967752309067	47.85353000747318	34.86293925027678	48.153452810019076	49.38168106263254	54.61518972570752	48.30015807649124	42.854147335281596	40.58702698913635	49.71606203595388	48.97452344666203	45.638935370383706	37.81993397264728	33.575884095589345	41.96185527957982	45.798463818623986	44.50387181740291	42.53471920807499	42.8852959750174	1:32:48	20100
