	algorithm	#Fc	D	percFES	run_1	run_2	run_3	run_4	run_5	run_6	run_7	run_8	run_9	run_10	run_11	run_12	run_13	run_14	run_15	run_16	run_17	run_18	run_19	run_20	run_21	run_22	run_23	run_24	run_25	run_26	run_27	run_28	run_29	run_30	run_31	run_32	run_33	run_34	run_35	run_36	run_37	run_38	run_39	run_40	run_41	run_42	run_43	run_44	run_45	run_46	run_47	run_48	run_49	run_50	run_51	mean	elapsed_time	evals
0	DE/best/1/bin	9	10	0.6	9.949585533113918	9.949585533113805	14.924370742942187	15.919329800035484	7.959667418927324	19.899140793875063	18.90420193349621	42.78302713731114	13.929416723667941	7.959672456746375	17.909247914222078	39.40209897430475	7.959667418927324	7.962004403613491	9.83261172091386	13.052751677965603	13.929416723667941	27.062401558686133	4.9747952854664845	37.50105123603703	22.340829941910783	9.949585533113918	18.629761568291315	8.954626476020621	22.13544661454523	16.16735234176815	30.020745522002358	20.89409985096836	19.49504353731288	27.858803174983223	17.909242876402914	12.934457666574644	9.949585533113918	42.757891293684565	14.924370742942187	12.000137453763386	36.04599744588177	7.959672456746375	13.164077883399386	36.71862948890407	14.924375780761238	12.934457666574644	10.944544590207101	2.9848771712798907	14.924370742942187	3.9798362283731876	9.949585533113918	17.761390169041533	16.947642938146032	8.954626476020621	13.929416723667941	17.07469659626456	6:31:00	58080
