	algorithm	#Fc	D	percFES	run_1	run_2	run_3	run_4	run_5	run_6	run_7	run_8	run_9	run_10	run_11	run_12	run_13	run_14	run_15	run_16	run_17	run_18	run_19	run_20	run_21	run_22	run_23	run_24	run_25	run_26	run_27	run_28	run_29	run_30	run_31	run_32	run_33	run_34	run_35	run_36	run_37	run_38	run_39	run_40	run_41	run_42	run_43	run_44	run_45	run_46	run_47	run_48	run_49	run_50	run_51	mean	elapsed_time	evals
0	DE/best/1/bin	9	10	1.0	26.269081266464923	38.00357762663532	33.72770854939574	21.98028912892005	36.16469100132042	15.043217116807455	25.025770394247616	26.071301574349036	26.456967777109412	28.183203382113334	33.835410077063784	26.122168070872135	31.05166680579157	29.63823964153653	26.918316522928535	39.78244057950644	22.478372726331486	30.82610128415945	25.844842099601465	26.7417732919605	28.41447063127748	33.065016860864716	30.554217888736957	27.397674405514863	25.70229796889498	32.380511060161666	31.73347667213568	23.99604623222035	10.94935958551116	31.186420499071232	32.908783513318554	30.17070420487346	18.730056648753703	29.373764066509693	25.41733279653488	29.273992042078135	30.724295146409645	37.16467949434252	36.311008596790316	23.39933225779896	35.39404841198029	23.166747354265	32.945621148054784	33.52428487532575	26.29602811768143	28.70344101415924	21.94639061559417	18.143890739119115	30.082806946917458	19.384910091681718	32.503232196994986	28.25705845099389	5:15:21	99900
