	algorithm	#Fc	D	percFES	run_1	run_2	run_3	run_4	run_5	run_6	run_7	run_8	run_9	run_10	run_11	run_12	run_13	run_14	run_15	run_16	run_17	run_18	run_19	run_20	run_21	run_22	run_23	run_24	run_25	run_26	run_27	run_28	run_29	run_30	run_31	run_32	run_33	run_34	run_35	run_36	run_37	run_38	run_39	run_40	run_41	run_42	run_43	run_44	run_45	run_46	run_47	run_48	run_49	run_50	run_51	mean	elapsed_time	evals
0	DE/best/1/bin	9	10	0.3	43.37810268968792	41.70221445755999	32.776837846305966	36.08931988687084	41.5136121807617	40.22300390447185	38.89285262493854	48.14256881943106	37.099115462481905	27.616347355891094	44.49000060615083	44.0746365892428	42.635350588100664	34.95090892233986	41.86822112555922	39.68398414537319	38.15509400512758	30.90138211799058	38.71948914896632	48.636183368310185	43.87446874986085	39.273318389642554	40.97179121004274	34.95107348670672	45.47337152909631	49.972591277080255	48.40759625144756	46.36745151241337	50.90031119203263	32.633884625009614	38.5781037377385	40.87635359260287	35.42275538525655	37.83396364885584	45.62276833191925	34.231331605171135	52.255347984241894	36.41513534845831	36.03355067180712	38.77544360274305	36.72517154182924	37.239328619834964	32.80506865447637	53.87258745000554	50.116125806813216	48.37527417607021	36.880809049162735	33.52150510003116	39.30818751879224	32.46542671216764	19.689557557073158	40.02782117968521	2:20:58	30000
