	algorithm	#Fc	D	percFES	run_1	run_2	run_3	run_4	run_5	run_6	run_7	run_8	run_9	run_10	run_11	run_12	run_13	run_14	run_15	run_16	run_17	run_18	run_19	run_20	run_21	run_22	run_23	run_24	run_25	run_26	run_27	run_28	run_29	run_30	run_31	run_32	run_33	run_34	run_35	run_36	run_37	run_38	run_39	run_40	run_41	run_42	run_43	run_44	run_45	run_46	run_47	run_48	run_49	run_50	run_51	mean	elapsed_time	evals
0	DE/best/1/bin	9	10	0.8	12.934457666574644	6.9647083618340275	8.954626476020621	30.430896997424952	24.33346414458981	20.74952885218738	14.924370742942187	32.60473619698598	12.934457666574644	17.90922771750752	17.909232755326684	20.89409985096836	7.959667418927324	15.304252969366644	12.934457666574644	9.958592110832114	24.873931041522496	21.429278502222132	25.72679062660643	16.914268660414336	7.959672456746375	20.894120047682804	7.155637630108572	12.934457666574644	29.918393580236966	10.94453955238805	7.959672456746375	4.9747952854664845	7.959667418927324	8.954626476020621	4.9747952854664845	10.944544590207101	8.954626476020508	12.449482875078843	18.90418677460093	9.949585533113805	16.91428885712878	8.954626476020621	5.969749304740731	7.959672456746375	15.721539674967289	18.119649439488853	14.924375780761238	15.919329800035484	10.94453955238805	22.889971279319184	13.929416723667941	4.9747952854664845	22.884033124050347	34.01826489038831	25.649134505590723	15.33825956238332	7:38:05	77430
