	algorithm	#Fc	D	percFES	run_1	run_2	run_3	run_4	run_5	run_6	run_7	run_8	run_9	run_10	run_11	run_12	run_13	run_14	run_15	run_16	run_17	run_18	run_19	run_20	run_21	run_22	run_23	run_24	run_25	run_26	run_27	run_28	run_29	run_30	run_31	run_32	run_33	run_34	run_35	run_36	run_37	run_38	run_39	run_40	run_41	run_42	run_43	run_44	run_45	run_46	run_47	run_48	run_49	run_50	run_51	mean	elapsed_time	evals
0	DE/best/1/bin	9	10	0.8	30.987388187077386	30.812331642456	25.7798635191034	25.296363575453142	28.455413910018933	34.838233969823705	24.051914346235208	38.218914031550526	20.891618216017378	27.049247302557433	34.219789845451146	29.665858339386773	30.94394024193946	36.864434429649236	37.65565645589459	40.03822174886125	25.03254724361807	33.30320801704988	32.424338002732384	39.18523046961286	26.219342953703972	26.26871735875261	25.723774370064234	30.336778000175514	28.823723811525497	17.6582393277331	30.42439745764034	30.420749673396244	35.163552377189376	29.763754650156216	35.61693972388571	35.211196071629274	26.173085875173683	30.846898632452053	29.8553740949975	27.00277351444015	24.288658643491885	43.78227561153017	35.63392773949727	33.90647788441811	34.03862557268667	36.01287711397663	34.861244131426474	27.50097975119013	36.92912994982794	16.18865758258437	35.58113174364462	31.819498652234756	27.230827933544788	38.21684966247176	27.28574307147835	30.872563067282517	4:49:26	79800
