	algorithm	#Fc	D	percFES	run_1	run_2	run_3	run_4	run_5	run_6	run_7	run_8	run_9	run_10	run_11	run_12	run_13	run_14	run_15	run_16	run_17	run_18	run_19	run_20	run_21	run_22	run_23	run_24	run_25	run_26	run_27	run_28	run_29	run_30	run_31	run_32	run_33	run_34	run_35	run_36	run_37	run_38	run_39	run_40	run_41	run_42	run_43	run_44	run_45	run_46	run_47	run_48	run_49	run_50	run_51	mean	elapsed_time	evals
0	DE/best/1/bin	9	10	0.9	12.934457666574644	28.824857848176862	25.135607108043587	28.853742035362075	29.84870109245537	22.216571344751742	18.90418677460093	6.9647083618340275	19.247291915305368	19.660373829470814	14.924355584046793	32.10814186268544	8.954626476020508	22.88395719211462	13.929416723667941	37.26634455576914	9.949585533113805	23.12756997443637	25.615884659507174	22.884033124050347	11.939498609481348	22.414454340607676	9.949585533113805	16.91428885712878	20.89409985096836	6.9647083618340275	4.9747952854664845	10.94453955238805	9.949580495294754	12.934457666574644	12.934457666574644	8.954626476020621	12.934457666574644	15.919329800035484	12.934457666574644	7.959667418927211	16.914268660414336	11.939498609481348	9.949585533113805	17.99929670759127	5.969754342559781	28.135591778520507	17.909242876402914	10.94453955238805	19.122600077348693	8.954626476020508	22.884017965154953	5.969754342559781	17.67462210049132	11.939503647300398	29.745058949082363	16.85888981427417	7:57:16	87120
