	algorithm	#Fc	D	percFES	run_1	run_2	run_3	run_4	run_5	run_6	run_7	run_8	run_9	run_10	run_11	run_12	run_13	run_14	run_15	run_16	run_17	run_18	run_19	run_20	run_21	run_22	run_23	run_24	run_25	run_26	run_27	run_28	run_29	run_30	run_31	run_32	run_33	run_34	run_35	run_36	run_37	run_38	run_39	run_40	run_41	run_42	run_43	run_44	run_45	run_46	run_47	run_48	run_49	run_50	run_51	mean	elapsed_time	evals
0	DE/best/1/bin	9	10	1.0	27.58766279866836	20.81807986966919	21.889058908061656	6.964713399653078	24.87395123823694	8.954626476020508	4.9747952854664845	16.22973889874936	16.071910258140974	4.9747952854664845	19.899140793875063	12.934457666574644	31.669967091627655	21.889058908061656	16.91428885712878	28.4192086049693	11.939498609481348	8.954626476020508	16.914268660414336	23.5457572192862	9.949585533113805	26.596318641813014	10.944544590207101	12.934457666574644	24.873931041522496	34.175214941934314	16.15648831472629	8.954626476020621	16.95511173733746	24.09396356675461	12.9344374698602	16.914268660414336	14.924355584046793	18.71566485735468	10.944519355673606	20.89409985096836	6.964713399653078	28.85376223207652	31.255024299914908	10.944544590207101	4.9747952854664845	9.949585533113805	38.0303428470329	24.87387026848205	7.959667418927324	8.954626476020508	25.356150832734556	8.954626476020508	26.86382392117548	11.151204452783304	35.91531521130332	17.81143621252562	8:10:41	96780
