	algorithm	#Fc	D	percFES	run_1	run_2	run_3	run_4	run_5	run_6	run_7	run_8	run_9	run_10	run_11	run_12	run_13	run_14	run_15	run_16	run_17	run_18	run_19	run_20	run_21	run_22	run_23	run_24	run_25	run_26	run_27	run_28	run_29	run_30	run_31	run_32	run_33	run_34	run_35	run_36	run_37	run_38	run_39	run_40	run_41	run_42	run_43	run_44	run_45	run_46	run_47	run_48	run_49	run_50	run_51	mean	elapsed_time	evals
0	DE/best/1/bin	9	10	0.01	72.07564598830481	56.44894841209748	75.39704594472823	58.969152502301654	81.19985013135874	69.58926688165502	60.22650807344803	71.8821831468465	70.41165744577893	58.823223350693524	68.02787128008845	53.10884817936733	43.74368429666879	58.518829115336416	56.062335918384406	77.63967063539337	61.19270169088577	57.64393856753918	62.188771769807545	54.23414165362851	53.827769725779945	52.27504040384417	56.7504966861369	83.15317891187658	69.6251047161478	70.77482469416213	73.43251754544804	69.91277231611821	59.59041388673211	61.44932922269834	64.45517085760491	51.11943524031915	69.07592312317126	74.07084339960306	63.61708231575801	72.70000291927386	71.5596503427513	56.45119160162051	73.04772468596855	61.2726486385784	61.448873671130514	66.64318338423959	78.23017566592546	68.53552629250737	57.6232265009661	72.59200620147374	56.848712749888364	76.81814718981059	62.55779569529818	76.50142318942176	56.214157594069434	64.89330635985564	0:03:33	990
