	algorithm	#Fc	D	percFES	run_1	run_2	run_3	run_4	run_5	run_6	run_7	run_8	run_9	run_10	run_11	run_12	run_13	run_14	run_15	run_16	run_17	run_18	run_19	run_20	run_21	run_22	run_23	run_24	run_25	run_26	run_27	run_28	run_29	run_30	run_31	run_32	run_33	run_34	run_35	run_36	run_37	run_38	run_39	run_40	run_41	run_42	run_43	run_44	run_45	run_46	run_47	run_48	run_49	run_50	run_51	mean	elapsed_time	evals
0	DE/best/1/bin	9	10	0.1	61.25811406541186	54.56717804812672	58.108024905165166	56.0019008219399	34.805741709327776	58.360453803475025	51.866876820316065	48.0234567058925	56.55974134707856	48.41226531397092	39.8467531847831	37.47079469096343	59.74453026735773	52.433001010785574	52.64732671610818	58.14065945311506	57.67217817309597	37.74310096499994	41.396206300868585	49.89081828757571	54.3202218996081	54.8624356096783	55.58060055713963	70.2522296242737	51.86177473413136	43.43502171419868	55.03812132324981	43.32824458899802	58.08101439319125	58.763340538720286	47.81247376478768	43.403758086037556	53.06108141610639	44.61013565666212	39.51676193049798	52.32291831269356	46.00825178295247	53.57435541939378	36.05619954238307	61.01120175158587	55.6375686802877	45.205616194626145	58.89835429534912	39.7595999863762	44.007637402411774	42.07274512753111	46.27845162845961	61.309632383074586	50.250754415232905	49.739354756176	51.16221877221437	50.63080782114483	0:38:06	10200
