	algorithm	#Fc	D	percFES	run_1	run_2	run_3	run_4	run_5	run_6	run_7	run_8	run_9	run_10	run_11	run_12	run_13	run_14	run_15	run_16	run_17	run_18	run_19	run_20	run_21	run_22	run_23	run_24	run_25	run_26	run_27	run_28	run_29	run_30	run_31	run_32	run_33	run_34	run_35	run_36	run_37	run_38	run_39	run_40	run_41	run_42	run_43	run_44	run_45	run_46	run_47	run_48	run_49	run_50	run_51	mean	elapsed_time	evals
0	DE/best/1/bin	9	10	0.7	3.9798362283731876	16.914268660414336	19.899160990589507	16.91428885712878	17.909247914222078	19.24882694591986	32.83357322591621	9.949585533113805	27.83255640669006	16.313791880849635	17.456401573494418	11.939498609481348	30.54488811834449	35.963322718982226	15.919329800035484	17.1524147208562	25.868890098615793	20.89409985096836	16.91428885712878	14.319096715289447	20.89409985096836	9.949580495294754	10.94453955238805	9.949585533113805	10.944544590207101	56.732843128247964	7.959667418927324	6.9647083618340275	11.939498609481348	23.44246357930865	22.0351188082941	10.944544590207215	19.899140793875063	20.89409985096836	23.878992181143644	28.52673389534118	28.853681262321743	14.924350546227743	39.40914076882666	15.919329800035484	11.939498609481348	20.5169810738239	18.904206971315375	12.934457666574644	11.939498609481348	22.742493250547113	25.868890098615793	36.669228635378886	38.113497541529455	22.884017965154953	33.728135441772	20.392449748766694	7:09:31	67770
