	algorithm	#Fc	D	percFES	run_1	run_2	run_3	run_4	run_5	run_6	run_7	run_8	run_9	run_10	run_11	run_12	run_13	run_14	run_15	run_16	run_17	run_18	run_19	run_20	run_21	run_22	run_23	run_24	run_25	run_26	run_27	run_28	run_29	run_30	run_31	run_32	run_33	run_34	run_35	run_36	run_37	run_38	run_39	run_40	run_41	run_42	run_43	run_44	run_45	run_46	run_47	run_48	run_49	run_50	run_51	mean	elapsed_time	evals
0	DE/best/1/bin	9	10	0.9	32.96376657158203	34.29260989528518	32.29669732949969	23.970633602987164	31.669586143414676	35.716264259557875	30.363467116808124	18.869059146686368	29.17541970120567	27.4830943333277	27.173809191090072	34.61992492233219	33.36679160311496	36.412624790443715	25.42047808658424	33.04344241190927	31.457948633918704	31.974223928267975	30.49401065223833	34.08316708492089	26.039141837262832	30.693469251408146	31.28960244850873	28.819667493176667	37.81002238735243	29.884742237025193	32.93364340183791	20.604168928357126	32.246032847555625	24.99575673268737	27.841524680977955	24.171579134603235	23.338832574678463	18.615307151676348	33.16487842972765	29.94899894535149	24.623508637765553	34.70388329852665	29.089707592738478	27.63939996454576	26.18386786809731	37.60997088075442	29.022803210406096	27.329022397397353	21.288371121097498	25.600195788170822	28.754025819237086	24.654195332444488	27.96231263855657	31.723437189791525	30.83507827146036	29.299297409771608	5:03:00	90000
