	algorithm	#Fc	D	percFES	run_1	run_2	run_3	run_4	run_5	run_6	run_7	run_8	run_9	run_10	run_11	run_12	run_13	run_14	run_15	run_16	run_17	run_18	run_19	run_20	run_21	run_22	run_23	run_24	run_25	run_26	run_27	run_28	run_29	run_30	run_31	run_32	run_33	run_34	run_35	run_36	run_37	run_38	run_39	run_40	run_41	run_42	run_43	run_44	run_45	run_46	run_47	run_48	run_49	run_50	run_51	mean	elapsed_time	evals
0	DE/best/1/bin	9	10	0.7	26.778148113519933	37.627679105326706	32.01889285061918	31.843614700890953	32.50433185743759	33.136953694731005	32.182411098232706	39.431226044185564	27.42038998867838	36.04206142557871	30.171018299270713	35.59474580823803	26.95766955231511	34.041189083729705	28.61119337958803	27.48817294631749	38.459814452234696	32.58492391033269	30.563276273557676	24.453830148904103	36.88247430228978	23.388579434358917	36.452392590403406	36.20897846546029	33.64438944971812	35.359521577564465	35.21691750767377	22.937293710380004	41.61479929068969	36.40938984836032	27.945602515429186	38.57252756768298	27.918615297882525	29.325054658603904	35.69199455196542	41.518556090020525	32.19834207151564	23.24437827158772	36.93219960374256	32.40833110430253	24.68431633170576	37.53133746150661	33.16364490420051	22.367514844582615	27.974449645375444	33.63060406041893	24.86883384803923	29.310824966450355	27.56580385578286	28.028544167267114	38.54159780003454	31.949987304484015	4:31:34	69900
