	algorithm	#Fc	D	percFES	run_1	run_2	run_3	run_4	run_5	run_6	run_7	run_8	run_9	run_10	run_11	run_12	run_13	run_14	run_15	run_16	run_17	run_18	run_19	run_20	run_21	run_22	run_23	run_24	run_25	run_26	run_27	run_28	run_29	run_30	run_31	run_32	run_33	run_34	run_35	run_36	run_37	run_38	run_39	run_40	run_41	run_42	run_43	run_44	run_45	run_46	run_47	run_48	run_49	run_50	run_51	mean	elapsed_time	evals
0	DE/best/1/bin	9	30	0.5	54.72267252740676	46.57193847363101	64.67217205294673	38.8033528030096	57.70748892564632	76.61164542789459	57.70753453979137	56.71257044487891	112.1783534267397	66.66211036384789	32.83362369498332	50.74282617795734	72.63179404062612	129.25935041261664	68.65204381982676	72.63189520709523	116.30541373070969	55.6257081567702	58.702503717960894	86.51000388654234	47.75797424121106	67.65712515616246	72.6318598514855	45.76808136155796	74.62177292785304	63.67719279913911	44.77310210775022	56.71257044487902	68.65202866093136	59.697244546997695	124.36950357207616	100.28581419668694	60.69232570349732	50.742831215776505	71.63693615000204	60.692406673252094	94.52086810758306	64.67221262927274	69.6470079147391	62.68223877986486	127.32007423174491	55.717616425604774	133.32392194111662	97.50565423346995	94.52086306976389	74.62175776895765	45.76803593031002	101.43121455625237	59.697442578339746	48.752933298304356	51.73782562847964	71.14771448105772	11:55:44	145170
