	algorithm	#Fc	D	percFES	run_1	run_2	run_3	run_4	run_5	run_6	run_7	run_8	run_9	run_10	run_11	run_12	run_13	run_14	run_15	run_16	run_17	run_18	run_19	run_20	run_21	run_22	run_23	run_24	run_25	run_26	run_27	run_28	run_29	run_30	run_31	run_32	run_33	run_34	run_35	run_36	run_37	run_38	run_39	run_40	run_41	run_42	run_43	run_44	run_45	run_46	run_47	run_48	run_49	run_50	run_51	mean	elapsed_time	evals
0	DE/best/1/bin	9	30	0.9	56.712555285983626	72.6318091995214	50.742785601631454	71.6368753769616	88.1509376184199	105.465164197381	98.88694398067969	57.7075295019722	58.70242778602517	94.44307670410171	58.702508755779945	49.74788731757849	54.72266240633053	78.23199036927599	93.18416224902228	54.72263213397787	49.74786712086404	60.69242183214749	78.60164451183596	72.63183947187406	63.67725860999849	66.45749294353459	90.54109769006936	70.64177906156658	80.59145642173416	95.51582716467635	131.117950623865	76.61169104203964	124.36939718489066	109.44513264623686	60.184869240513535	80.59151719477461	129.55699746954815	57.83591166789506	69.05486836704745	138.88019398638494	44.77311726664561	86.76956194474349	89.54605766322118	69.64692190716517	60.69240163543304	117.01358670127752	114.81728352086975	67.65688169357236	108.77556768273587	99.49565331741132	167.63435272282004	56.71253005145002	55.71763158450017	61.687380889240785	75.61662559776096	80.93519052774482	16:41:59	261300
