	algorithm	#Fc	D	percFES	run_1	run_2	run_3	run_4	run_5	run_6	run_7	run_8	run_9	run_10	run_11	run_12	run_13	run_14	run_15	run_16	run_17	run_18	run_19	run_20	run_21	run_22	run_23	run_24	run_25	run_26	run_27	run_28	run_29	run_30	run_31	run_32	run_33	run_34	run_35	run_36	run_37	run_38	run_39	run_40	run_41	run_42	run_43	run_44	run_45	run_46	run_47	run_48	run_49	run_50	run_51	mean	elapsed_time	evals
0	DE/best/1/bin	9	30	0.7	85.56626704899304	95.51545470785095	68.65200324350087	76.61165064861063	77.60664506131377	34.823521612455465	70.64192154058446	54.72263717179703	107.45519937315487	97.50572004432934	96.51066412236332	90.54099130288398	131.64356035436958	100.49047007838385	119.39504504047636	55.71755565256444	98.50063852509686	97.50570488543394	90.28731984862134	79.59633468890866	35.818495828444156	80.99318399792412	59.697467812873356	87.55614458685363	80.59127858710667	74.62173235152704	45.76803593031002	90.87192709674468	155.48314185686286	95.50585038003396	115.5151799122118	38.80337299972393	112.43003019712819	86.561165333046	137.30360057701455	78.60142124596041	51.73780039394603	93.52583311855392	77.84927956554452	78.6016394740169	47.7579540444965	125.88929168633831	123.52808920573159	77.60651847741406	62.68229451508614	76.61166580750603	83.57631339629961	54.72266240633053	54.72265736851148	120.59126757004276	59.6974476161588	84.20611859394971	14:47:51	203250
