	algorithm	#Fc	D	percFES	run_1	run_2	run_3	run_4	run_5	run_6	run_7	run_8	run_9	run_10	run_11	run_12	run_13	run_14	run_15	run_16	run_17	run_18	run_19	run_20	run_21	run_22	run_23	run_24	run_25	run_26	run_27	run_28	run_29	run_30	run_31	run_32	run_33	run_34	run_35	run_36	run_37	run_38	run_39	run_40	run_41	run_42	run_43	run_44	run_45	run_46	run_47	run_48	run_49	run_50	run_51	mean	elapsed_time	evals
0	DE/best/1/bin	9	30	1.0	58.7024885590655	80.59133432232784	101.48549046184303	58.70243282384422	44.77304133470989	88.5510832643356	64.67220250819628	90.54099634070303	85.56625170720065	58.70244798273961	75.61675218166067	131.7696384034209	99.49544012717388	92.53086902364157	67.65706942094107	138.01574534776273	89.18680204160319	62.68232478743869	201.72775214135868	132.32899823963294	124.36947815464555	118.11817523906859	57.70753453979137	91.46094355988964	53.72773870484707	59.6974476161588	48.75291310158991	140.13088394879424	94.5208479108685	86.56118049194129	52.73273421650583	93.5257110191477	61.687355654707176	90.54101168249542	73.62683406747419	71.63682994571366	102.48040912550744	104.46521892452233	56.712514709657626	70.64190116097302	76.61160503446558	89.54606270104023	89.54599689018085	45.76808136155796	132.12664064060664	84.33120647618273	106.4599134733811	139.8144149966131	85.56612456997527	65.66717672418508	51.73782562847964	87.12886026059937	17:26:52	290340
