	algorithm	#Fc	D	percFES	run_1	run_2	run_3	run_4	run_5	run_6	run_7	run_8	run_9	run_10	run_11	run_12	run_13	run_14	run_15	run_16	run_17	run_18	run_19	run_20	run_21	run_22	run_23	run_24	run_25	run_26	run_27	run_28	run_29	run_30	run_31	run_32	run_33	run_34	run_35	run_36	run_37	run_38	run_39	run_40	run_41	run_42	run_43	run_44	run_45	run_46	run_47	run_48	run_49	run_50	run_51	mean	elapsed_time	evals
0	DE/best/1/bin	9	30	0.2	80.59145642173439	85.56606379693494	43.778143050657036	65.66713111004015	103.47544915235562	65.66711091332559	85.56626686609616	42.78319915245913	47.757994437925504	51.7377801972317	133.2830833766443	61.687360692526454	77.606604484988	46.76299498740332	83.57627281997372	73.62671755921258	105.46534706982789	61.687279722771564	68.76936107574807	89.54608289775479	86.56106846817329	84.57129787082351	89.10350194190528	33.82857771425756	62.302639046543504	81.58648128968707	82.58141511224676	46.76301518411776	52.7327493299631	55.71761642560489	99.49524550497608	76.61167084532508	119.00611918871527	99.4956179618016	61.954947395831255	90.54103187920987	62.682299552905306	66.66213074345933	86.96078752964354	92.97913167824822	48.7529434193807	62.68223877986486	81.58640031993218	67.65710999726707	51.73781046958425	70.64197709290875	88.55105299198294	86.56120572647501	66.662069970419	71.63684002135187	69.64696230059417	73.97756187331	5:22:55	58080
