	algorithm	#Fc	D	percFES	run_1	run_2	run_3	run_4	run_5	run_6	run_7	run_8	run_9	run_10	run_11	run_12	run_13	run_14	run_15	run_16	run_17	run_18	run_19	run_20	run_21	run_22	run_23	run_24	run_25	run_26	run_27	run_28	run_29	run_30	run_31	run_32	run_33	run_34	run_35	run_36	run_37	run_38	run_39	run_40	run_41	run_42	run_43	run_44	run_45	run_46	run_47	run_48	run_49	run_50	run_51	mean	elapsed_time	evals
0	DE/best/1/bin	9	30	0.3	37.80841394263075	59.697381805299415	99.49540967192434	100.4905516014644	60.64556028130323	65.66719692089941	113.42482154067011	61.687380889240785	76.61165046571364	96.08681566779478	73.8153215243459	65.66704510246609	40.79329111391064	58.70247340017022	67.65704418640757	36.81345488553745	37.808393745916305	62.68223374204581	68.65200324350087	144.80981149876516	73.62679349114819	77.60660448498788	71.61089749350458	78.01819310275926	67.65710999726707	114.41978059776352	50.74286153356718	74.6217527311386	40.344118278864926	76.61167084532508	133.32389652368602	129.3439062040029	70.64182019121813	56.712575482698185	105.46532165239728	113.42478096434434	77.60661964388328	56.71257044487902	68.65204885764592	72.63181423734045	35.89533996570185	40.793270917196196	53.72770334923712	98.50065890470819	58.7024885590655	66.6620952049525	73.62673271810786	79.59656317550048	50.70997924030212	71.63692099110665	64.6721922496613	73.20226151497978	7:47:19	87120
