	algorithm	#Fc	D	percFES	run_1	run_2	mean	elapsed_time	evals
0	ODE/best/1/bin	1	10	1	9.98892346615321e-09	9.707051162877178e-09	9.847987314515194e-09	0:01:04	22680
