	algorithm	#Fc	D	percFES	run_1	run_2	mean	elapsed_time	evals
0	ODE/best/1/bin	6	10	1	1.274465687048405	1.7314296104893856	1.5029476487688953	0:04:00	97500
