	algorithm	#Fc	D	percFES	run_1	run_2	mean	elapsed_time	evals
0	DE/best/1/bin	1	10	1	1.2548340082144875	2.304939732538898	1.7798868703766928	0:04:45	99900
