	algorithm	#Fc	D	percFES	run_1	run_2	run_3	run_4	run_5	run_6	run_7	run_8	run_9	run_10	run_11	run_12	run_13	run_14	run_15	run_16	run_17	run_18	run_19	run_20	run_21	run_22	run_23	run_24	run_25	run_26	run_27	run_28	run_29	run_30	run_31	run_32	run_33	run_34	run_35	run_36	run_37	run_38	run_39	run_40	run_41	run_42	run_43	run_44	run_45	run_46	run_47	run_48	run_49	run_50	run_51	mean	elapsed_time	evals
0	CDE/best/1/bin	14	30	0.01	0.34994219992404396	0.6006852769139641	1.0682852412442116	0.9948401919623393	15.698146072805002	0.4822245721111358	12.63038270144898	10.167583233925143	1.4399697155618014	2.8795873764183852	0.6963171774730199	20.523391506532562	10.817759035045356	0.6608577300655725	0.9336971129305311	0.3893403489641969	10.423130741412933	2.476179568663156	0.5613335368029766	1.102342677731258	1.0266603052450591	0.3706899319679451	1.100404796772409	0.7980987199916854	19.04190694387853	1.64798548022236	2.489328834733442	1.5306978888918366	9.050962425701982	0.8499364538877217	0.47280310925202684	17.873269768180535	6.630591238995521	5.39322008238878	8.978820313442611	0.8844572275177143	0.3651061194987051	1.0606801322533101	1.473701155944127	9.573523949496803	0.6772355993723522	6.783330128924035	1.277535446172351	1.1968328788200324	3.771269229512427	2.644872011595453	13.897974329352564	14.806780614746458	0.9077105878252496	1.1214914107331424	5.879862963515052	4.675955609740565	0:10:08	3000
