	algorithm	#Fc	D	percFES	run_1	run_2	run_3	run_4	run_5	run_6	run_7	run_8	run_9	run_10	run_11	run_12	run_13	run_14	run_15	run_16	run_17	run_18	run_19	run_20	run_21	run_22	run_23	run_24	run_25	run_26	run_27	run_28	run_29	run_30	run_31	run_32	run_33	run_34	run_35	run_36	run_37	run_38	run_39	run_40	run_41	run_42	run_43	run_44	run_45	run_46	run_47	run_48	run_49	run_50	run_51	mean	elapsed_time	evals
0	CDE/best/1/bin	1	10	0.6	4.471674230899225e-07	1.804786374748346e-05	1.7981119867727102e-05	0.024089401668462074	0.0036771801859885045	6.01430656388402e-07	5.114910237580261e-07	1.286705379602978	71.48653850573712	127.9682156152144	0.00010082680451262149	2998.7425313829926	476.73869147686923	3245.750342162247	9.178009463539638e-09	2390.745153546419	1.3074106533395025e-05	0.00018473414819197842	9.6808037142182e-09	112.08812143717904	396.4068749946459	9.943946110979596e-09	8.636272227136033e-06	0.04150432664619075	0.0016945217048203176	1.8246760665681734	201.2411447295807	9.837862080530613e-09	136.0886267955936	1.6915352524962088	43821.78626899001	983.0726765769077	1794088.9576049703	16.854490034046464	3.7203778191496895e-05	1703.089655421318	1984.9846949667299	9.892829666569014e-09	50508.43687430132	133606.7887278767	1.4257388158966933e-07	55.97498428074644	0.3128306425800389	9.212499207933433e-09	0.00028062499669090357	282.61340688901464	0.007279694672661208	9.961482305698155e-09	0.00013148637411575237	3.022984031986198e-07	49612.840673371946	40918.19315853882	13:18:03	60000
