	algorithm	#Fc	D	percFES	run_1	run_2	run_3	run_4	run_5	run_6	run_7	run_8	run_9	run_10	run_11	run_12	run_13	run_14	run_15	run_16	run_17	run_18	run_19	run_20	run_21	run_22	run_23	run_24	run_25	run_26	run_27	run_28	run_29	run_30	run_31	run_32	run_33	run_34	run_35	run_36	run_37	run_38	run_39	run_40	run_41	run_42	run_43	run_44	run_45	run_46	run_47	run_48	run_49	run_50	run_51	mean	elapsed_time	evals
0	CDE/best/1/bin	1	10	0.01	2982014.084275974	2800842.644757342	1208894.147326672	6006386.609086483	2950085.6551983375	3297037.3966425867	12869069.092334507	1414666.6277311197	8384545.845720896	3890420.3526575956	2131122.707346033	4037446.7098818272	1611082.9240724102	5688630.774739849	8910072.981322428	4116151.8241679915	5596447.22433147	1988966.5354522793	6291772.986862692	2296985.911170756	602321.6617700197	7989140.483513169	9126874.762979133	5133193.054282504	6048395.736747743	2158897.629602739	2926414.231066895	10192318.008295897	4968175.639030487	5539865.240861978	3948484.353443182	1768359.4788663494	6513479.341591074	5624758.843775521	5128593.500966043	4239743.654673681	2685965.7929437426	1601304.556016276	3710340.4115179186	4046149.0789813963	2840496.016771667	2071830.3835418862	3104081.432837888	775849.5467219634	11504260.78073804	2329583.1985437796	7873988.127655905	682464.2221881084	3011788.331968871	2148111.2187983096	1730584.0408735652	4323499.133267548	0:03:52	1020
