	algorithm	#Fc	D	percFES	run_1	run_2	run_3	run_4	run_5	run_6	run_7	run_8	run_9	run_10	run_11	run_12	run_13	run_14	run_15	run_16	run_17	run_18	run_19	run_20	run_21	run_22	run_23	run_24	run_25	run_26	run_27	run_28	run_29	run_30	run_31	run_32	run_33	run_34	run_35	run_36	run_37	run_38	run_39	run_40	run_41	run_42	run_43	run_44	run_45	run_46	run_47	run_48	run_49	run_50	run_51	mean	elapsed_time	evals
0	CDE/best/1/bin	1	10	0.01	13182644.099847192	3403409.2487462373	10015075.800572135	3188365.882515526	2328422.30059716	11861106.985273633	3822691.2796147605	15903815.976519765	16691067.752716087	1493238.4669197057	1617995.2701093615	5570658.102665362	15689889.396430418	2354513.5490777236	1890730.652475443	13786309.312016333	11967951.227352902	106531988.38841297	4578595.255969652	6747252.627104296	22272867.875600707	3839799.018391877	1970180.7884752767	7428287.311363513	47401716.749289565	9849635.570548467	4306171.605608426	6927620.611968921	7954030.643941005	3228181.36285384	5704859.815628819	30147772.515620947	13132755.922139058	11185692.250223322	12406780.762618639	12507856.172849448	3879960.863331946	2421720.303872927	4434356.538236602	8084843.433242826	2772699.1982805245	6048985.487684815	8702716.209192762	11623584.370651178	6107081.451863412	3776352.3811632567	17766170.49359885	1544938.2132923342	6235534.278369255	6211096.922405994	458866.81190901046	10646251.715865768	0:19:08	1000
