	algorithm	#Fc	D	percFES	run_1	run_2	run_3	run_4	run_5	run_6	run_7	run_8	run_9	run_10	run_11	run_12	run_13	run_14	run_15	run_16	run_17	run_18	run_19	run_20	run_21	run_22	run_23	run_24	run_25	run_26	run_27	run_28	run_29	run_30	run_31	run_32	run_33	run_34	run_35	run_36	run_37	run_38	run_39	run_40	run_41	run_42	run_43	run_44	run_45	run_46	run_47	run_48	run_49	run_50	run_51	mean	elapsed_time	evals
0	CDE/best/1/bin	1	10	0.2	2129.313230054995	1353.9081580493669	34868.43202436583	20.058608820502414	1468.1733361045183	0.11370366591773973	349.76259790747923	586442.2076526866	3456.3415347914706	5481.221965154711	5393.943384811798	2260636.8987986017	2222434.5741531695	44.052437601121596	234220.84324863687	10.96691220671643	2.1647286985171377e-06	8376.08715106453	2.999065354108339	0.00013032222800291038	0.7299414352515896	27.830738324077117	1430.984263750529	0.39199921097448964	1.8717078476274622	7304.039833302048	0.11643673720763559	0.07061072775691457	10152243.418578828	1053874.4157473815	174044.8374992896	905.9671086260006	1762439.618198654	0.004322158571625323	0.2944773942151784	2.303281639271191	1170.6999647032233	3.989680266158757e-07	1284.7491095689206	11507.838048711772	0.09901936178231097	9431.61699412668	0.0014153953445372736	230.01386582914085	5313377.012517582	862.1570523174119	3907.6813185824417	44900.43890416013	0.0016313702015935405	103.84339649105226	43.65872355667781	468740.91381966666	5:25:23	20000
