	algorithm	#Fc	D	percFES	run_1	run_2	run_3	run_4	run_5	run_6	run_7	run_8	run_9	run_10	run_11	run_12	run_13	run_14	run_15	run_16	run_17	run_18	run_19	run_20	run_21	run_22	run_23	run_24	run_25	run_26	run_27	run_28	run_29	run_30	run_31	run_32	run_33	run_34	run_35	run_36	run_37	run_38	run_39	run_40	run_41	run_42	run_43	run_44	run_45	run_46	run_47	run_48	run_49	run_50	run_51	mean	elapsed_time	evals
0	CDE/best/1/bin	1	10	0.7	7.78209141572006e-09	9.504503850621404e-09	9.461189165449468e-09	8.633023185211641e-09	9.551740731694736e-09	9.94103288576298e-09	9.69200186773378e-09	9.381921017848072e-09	9.893852848108509e-09	0.00045240643794386415	9.95794380287407e-09	8.785875138528354e-09	9.97485471998516e-09	9.94781146346213e-09	9.96742244296911e-09	8.18158696347382e-09	9.234028652826964e-09	8.764942549532861e-09	9.547591162117897e-09	4.352187943368335e-09	9.153808377959649e-09	8.702969012119866e-09	9.80638503733644e-09	9.530708666716237e-09	7.759510367577604e-09	9.610729989617539e-09	9.694147706795775e-09	8.726360078981088e-09	9.945196666194533e-09	9.507942877462483e-09	9.934552736012847e-09	8.18445755612629e-09	6.058357371330203e-09	9.367610687149863e-09	9.237652420779341e-09	9.802192835195456e-09	9.690168667475518e-09	9.982727533497382e-09	9.191111871587054e-09	9.397638223163085e-09	9.977725312637631e-09	8.648186167192762e-09	9.337043138657464e-09	9.825171787269937e-09	9.762956665326783e-09	9.804651313061186e-09	8.254431804743945e-09	9.991666161113244e-09	9.747935791892814e-09	5.5012918664942845e-09	9.919574495143024e-09	8.879667615859962e-06	1:49:06	31410
