	algorithm	#Fc	D	percFES	run_1	run_2	run_3	run_4	run_5	run_6	run_7	run_8	run_9	run_10	run_11	run_12	run_13	run_14	run_15	run_16	run_17	run_18	run_19	run_20	run_21	run_22	run_23	run_24	run_25	run_26	run_27	run_28	run_29	run_30	run_31	run_32	run_33	run_34	run_35	run_36	run_37	run_38	run_39	run_40	run_41	run_42	run_43	run_44	run_45	run_46	run_47	run_48	run_49	run_50	run_51	mean	elapsed_time	evals
0	CDE/best/1/bin	1	10	0.3	2012.142128370294	0.18373567034318228	10644888.405060563	0.018300647243179924	72.85782177538891	11090.121848723242	9.371120768264518e-09	1.1267333778480122	5863.1357316400745	2.9264673931824206	15431.94589678594	0.00027478638568823044	1796.537256154596	0.00047749905461103026	4.264519492601124	809.5427964799837	19.121639944134998	83.02804421688563	1062.1899845521052	0.0030422944034711463	323.2799802013052	724.482722624589	127251.0185836719	115.03645514299387	0.8617212796042537	1.380063139322374e-07	0.0008506842016515748	135.21466834330087	7201908.9239100255	20.34293341288914	0.006533257778102097	5449.9802377508995	0.022533042328703345	1.9301072015309728e-05	34.79671358923659	74139.09151057061	0.0009081963559083306	1382.400128475512	194.24356663854968	215.32633498299663	26.84092216030278	0.00019792077416980192	0.011187228879549593	852.4500691457765	2.790410272268673e-05	9.398348765898845e-09	11.013643135694153	213486.84328272345	30980.228631740567	0.010551534374556581	17061012.51230818	694145.1469194782	8:00:35	30010
