	algorithm	#Fc	D	percFES	run_1	run_2	run_3	run_4	run_5	run_6	run_7	run_8	run_9	run_10	run_11	run_12	run_13	run_14	run_15	run_16	run_17	run_18	run_19	run_20	run_21	run_22	run_23	run_24	run_25	run_26	run_27	run_28	run_29	run_30	run_31	run_32	run_33	run_34	run_35	run_36	run_37	run_38	run_39	run_40	run_41	run_42	run_43	run_44	run_45	run_46	run_47	run_48	run_49	run_50	run_51	mean	elapsed_time	evals
0	CDE/best/1/bin	1	10	0.5	9.378240406476834e-09	4.369354655864299e-09	5.204682906878588e-09	9.023949587572133e-09	9.5024432766877e-09	9.631165198698e-09	8.53054871186032e-09	6.8714882672793465e-09	9.598991823622782e-09	0.08360950758643071	9.561318847772782e-09	6.865676027700829e-09	9.991794058805681e-09	9.54814538545179e-09	6.733401392011729e-09	9.786703003555886e-09	9.585249927113182e-09	8.681752206030069e-09	8.907107940103742e-09	9.942525025508075e-09	8.106439963739831e-09	3.162571715620288e-08	9.095757036448049e-09	9.3797041245125e-09	9.832206160353962e-09	6.785356276850507e-09	9.861594207905e-09	9.850126048149832e-09	9.14583608846442e-09	8.937703910305572e-09	9.542915790916595e-09	9.197322015097598e-09	9.671666134636325e-09	8.189601885533193e-09	9.594927519174234e-09	6.1018710084681516e-09	8.973117360255856e-09	9.879997264761187e-09	9.651870414018049e-09	8.971241527433449e-09	9.82815606676013e-09	9.938048606272787e-09	8.819597496767528e-09	9.519590695132734	0.0005400250298492892	9.530808142699243e-09	9.697458835944417e-09	9.049472282640636e-09	7.377408905995253e-09	9.201414741255576e-09	2.113056041253003e-08	0.1883086409104206	1:54:02	50000
