	algorithm	#Fc	D	percFES	run_1	run_2	run_3	run_4	run_5	run_6	run_7	run_8	run_9	run_10	run_11	run_12	run_13	run_14	run_15	run_16	run_17	run_18	run_19	run_20	run_21	run_22	run_23	run_24	run_25	run_26	run_27	run_28	run_29	run_30	run_31	run_32	run_33	run_34	run_35	run_36	run_37	run_38	run_39	run_40	run_41	run_42	run_43	run_44	run_45	run_46	run_47	run_48	run_49	run_50	run_51	mean	elapsed_time	evals
0	CDE/best/1/bin	1	10	0.1	1389.155459155024	1321.8705765916682	1265.5591773718188	90845.01524918783	89745.14293269413	2068.3636161351396	147182.67749457568	1517.2207430727494	106.6608323961853	203074.56025407437	4626.229653703371	1040.5487109059388	2521.5204875012587	144521.97233917704	8364.940300821278	1274.2785196232312	1407.4358348563453	100.04623418602174	2208.108630833815	6178.697431268493	911.3626245827612	6.443427492905471	3060.699662621076	2597.0260415363114	20403.590699907098	363.28315312193854	34.85387002708126	1487.8286535301484	1323.7417204945798	52567.935889147	77.83634878866997	1383.6949822207202	14434.964091178452	89.61045806479689	86.6647765036488	35.58447336685049	2711.1077723298285	29.528424203457718	6003.572551184255	1042171.0977259856	4064.43891038135	57.43506105982976	232015.7241600838	447.67741870293867	32809.141255917064	568.9472942243341	267594.4313015475	434.48424101405976	1420.0139434319144	0.8316381099459846	29450.30888656382	47635.36992030304	2:57:05	10020
