	algorithm	#Fc	D	percFES	run_1	run_2	run_3	run_4	run_5	run_6	run_7	run_8	run_9	run_10	run_11	run_12	run_13	run_14	run_15	run_16	run_17	run_18	run_19	run_20	run_21	run_22	run_23	run_24	run_25	run_26	run_27	run_28	run_29	run_30	run_31	run_32	run_33	run_34	run_35	run_36	run_37	run_38	run_39	run_40	run_41	run_42	run_43	run_44	run_45	run_46	run_47	run_48	run_49	run_50	run_51	mean	elapsed_time	evals
0	CDE/best/1/bin	1	10	0.7	0.03504147641828581	4.1014473595168965e-08	2.248406955881606	1237.02096786026	0.29326530020115626	9.238533493771683e-09	1.0635574128059488e-05	6.121368301137409e-09	0.18885765044888103	1054.4125743602315	1547.3452411425772	2.047200418076045e-05	0.001970059396739998	1.2771712860626394e-05	9.794149491426651e-09	9.163457548311271e-09	19840.07232963028	15.393002612006114	0.0008360078758329337	1.4566063555321307e-07	9.607447282178327e-09	5.403993696972975e-07	367.28023308100984	6.948582154109317e-09	1468.3797841137314	199.15422355574913	0.006212128218635371	8.866976486388012e-09	1106.2376165756473	0.007287430028256381	3.190862685187312e-08	9.715009241517691e-09	0.11751034667199178	39.51414655733032	9.59532542310626e-09	64.81254126108536	5.926614932150187e-07	887.9407233545651	391.87629777257195	5.4779434321972076e-09	9.471534667682135e-09	8.128061165280087e-05	12199510.881756663	0.00039755899967985897	8.479005941808282e-09	9.793637900656904e-09	9.854673521658697e-09	555862.3501278394	1.1345218482006203e-05	45.123534253886476	3730.5137986690115	250732.7688004352	14:11:29	70000
