	algorithm	#Fc	D	percFES	run_1	run_2	run_3	run_4	run_5	run_6	run_7	run_8	run_9	run_10	run_11	run_12	run_13	run_14	run_15	run_16	run_17	run_18	run_19	run_20	run_21	run_22	run_23	run_24	run_25	run_26	run_27	run_28	run_29	run_30	run_31	run_32	run_33	run_34	run_35	run_36	run_37	run_38	run_39	run_40	run_41	run_42	run_43	run_44	run_45	run_46	run_47	run_48	run_49	run_50	run_51	mean	elapsed_time	evals
0	CDE/best/1/bin	1	10	0.2	0.11718630838568345	0.04964613939904439	0.0028997853265764206	0.02093587454182	0.42964660632161156	0.026874081875163824	0.13803271953067053	9.87715909985809e-05	0.00035843272384283864	2.0474270385761884e-05	0.017570661295465584	0.025543803529160414	205.94947554409634	0.0034253225212950156	0.14808253358998513	4.8012085898108126e-06	0.01809887937568533	0.010010499955626528	106.28631171242722	0.4192777672677295	0.35954068711977527	6.183596014975237	0.006299542917261647	1355.76997477207	0.09496743187628454	3.4838651304644515	21.794397733717688	4.43874445862663	35.01550253403161	0.00024126628264298233	2220.5984624076104	75.20242764214407	24.617154063625847	1.408821681536665e-05	79.10959397222683	0.09074944591873191	0.018684583314225733	0.005760834077079835	0.3705405303813336	142.53879453092674	5.443567749975671	1288.2704269606106	5.6105556811531585	0.09707885935041816	1.7389051838545413	0.022538369845946704	38.82392170342439	0.0026427153653827418	3.126970395328499e-05	1.9269925155667664	0.0017990120062023607	110.3000249492277	1:20:26	20000
