	algorithm	#Fc	D	percFES	run_1	run_2	run_3	run_4	run_5	run_6	run_7	run_8	run_9	run_10	run_11	run_12	run_13	run_14	run_15	run_16	run_17	run_18	run_19	run_20	run_21	run_22	run_23	run_24	run_25	run_26	run_27	run_28	run_29	run_30	run_31	run_32	run_33	run_34	run_35	run_36	run_37	run_38	run_39	run_40	run_41	run_42	run_43	run_44	run_45	run_46	run_47	run_48	run_49	run_50	run_51	mean	elapsed_time	evals
0	CDE/best/1/bin	1	10	0.1	118.92868186749675	529.3161717757328	1428.5499325164583	2071.553965963291	459.2721471563916	30.44382870436013	2206.3388531985843	1378.9862497120632	2242.022311246125	47.27695490367117	246.31582367797847	2201.654100801265	735.9245321178634	1397.4010729909312	118.26318385050982	893.0595017793294	1224.927409678274	2414.8824287393236	126.23583769693832	29.49707008920919	1.8428615206158128	896.6115928600208	347.654544183129	356.41161364745204	1739.3272868496597	178.13349639617354	183.1967337372522	650.4420859227948	4.23760949243605	11.414656177697168	696.9351316220553	581.1753219170315	124.45726713015776	163.36125235408218	534.203801872895	381.33662663271514	0.253432980210647	9.228420914941168	484.14712482676305	391.29768803447286	1241.405033170227	0.5771962607539933	656.2081563362678	307.510796783406	28.62488691697368	366.08721774442546	1467.454000691778	167.0172232817646	2482.2481228221886	94.28327397173194	22.372405599424866	675.8883710023	0:36:52	10020
