	algorithm	#Fc	D	percFES	run_1	run_2	run_3	run_4	run_5	run_6	run_7	run_8	run_9	run_10	run_11	run_12	run_13	run_14	run_15	run_16	run_17	run_18	run_19	run_20	run_21	run_22	run_23	run_24	run_25	run_26	run_27	run_28	run_29	run_30	run_31	run_32	run_33	run_34	run_35	run_36	run_37	run_38	run_39	run_40	run_41	run_42	run_43	run_44	run_45	run_46	run_47	run_48	run_49	run_50	run_51	mean	elapsed_time	evals
0	CDE/best/1/bin	1	10	0.4	0.0010116677629099513	8.324875011567201e-09	1.2776521884916292e-07	9.871385486803774e-09	9.826010227698134e-09	0.0001787105163657543	9.460521255277854e-09	9.230845421370759e-09	9.023281677400519e-09	2.1854290821465838e-08	9.688250202088966e-09	9.615774843041436e-09	8.108926863314991e-09	9.572090675646905e-09	8.796433803581749e-09	9.777110676623124e-09	9.694645086710807e-09	9.833641456680198e-09	9.993613048209227e-09	8.418808761234686e-09	9.511865073363879e-09	9.41800237796997e-09	8.824784458738577e-09	8.855067790136673e-09	0.0003585784774173817	0.007430239983321485	9.852371363194834e-09	9.78739933543693e-09	9.227093755725946e-09	5.39159827894764e-09	8.67019878114661e-09	7.353719411185011e-09	9.160785907624813e-09	2.225114315024257e-08	9.567803260779328e-08	9.727102678880328e-09	9.981206972042855e-09	8.462194500680198e-09	2.833063206253428e-07	8.009095608940697e-09	8.543082685719128e-09	9.723848393150547e-09	9.268532608075475e-09	9.907154208121938e-09	9.159961678051332e-09	8.236895610025385e-09	2.800650914025482e-05	9.252957511307613e-09	8.267790008176235e-09	8.580713029004983e-09	4.436668575635849e-06	0.00017671672906613805	1:55:40	40020
