	algorithm	#Fc	D	percFES	run_1	run_2	run_3	run_4	run_5	run_6	run_7	run_8	run_9	run_10	run_11	run_12	run_13	run_14	run_15	run_16	run_17	run_18	run_19	run_20	run_21	run_22	run_23	run_24	run_25	run_26	run_27	run_28	run_29	run_30	run_31	run_32	run_33	run_34	run_35	run_36	run_37	run_38	run_39	run_40	run_41	run_42	run_43	run_44	run_45	run_46	run_47	run_48	run_49	run_50	run_51	mean	elapsed_time	evals
0	CDE/best/1/bin	1	10	1.0	7.634284315827244e-09	9.85531301012088e-09	9.71175495578791e-09	9.144443424702331e-09	9.43455802371318e-09	8.029402920328721e-09	9.646811349739437e-09	9.203589002027002e-09	9.247031584891374e-09	9.524640631752845e-09	9.90134196854342e-09	9.570996439833834e-09	9.36427113629179e-09	8.692296660228749e-09	8.82889139575127e-09	8.014140462364594e-09	8.436046528004226e-09	9.880594120659225e-09	9.835844139161054e-09	9.922985100274673e-09	9.217046681442298e-09	8.863494826982787e-09	9.321809102402767e-09	9.600043426871707e-09	7.747374297650822e-09	9.993001981456473e-09	8.783175076132466e-09	9.068656936506159e-09	9.944429280039913e-09	9.33189880925056e-09	9.428859470972384e-09	6.959041343179706e-09	9.666109690442681e-09	9.65897584137565e-09	9.833442504714185e-09	8.983249699667795e-09	8.651468874631973e-09	9.690879210211278e-09	7.89141552104411e-09	8.616396485194855e-09	9.459157013225195e-09	8.926946293286164e-09	7.59419549467566e-09	9.57986401317612e-09	8.9786738044495e-09	6.384823336702539e-09	9.077012919078697e-09	9.92734783267224e-09	9.97236782041e-09	9.643613907428517e-09	9.97343363451364e-09	9.110734162741032e-09	1:51:14	33990
