	algorithm	#Fc	D	percFES	run_1	run_2	run_3	run_4	run_5	run_6	run_7	run_8	run_9	run_10	run_11	run_12	run_13	run_14	run_15	run_16	run_17	run_18	run_19	run_20	run_21	run_22	run_23	run_24	run_25	run_26	run_27	run_28	run_29	run_30	run_31	run_32	run_33	run_34	run_35	run_36	run_37	run_38	run_39	run_40	run_41	run_42	run_43	run_44	run_45	run_46	run_47	run_48	run_49	run_50	run_51	mean	elapsed_time	evals
0	CDE/best/1/bin	1	10	0.4	1.721478781746555e-08	9.164580205833772e-09	77868.9488999152	1371.5535884883468	121.43670961316946	2.1862406782702237e-06	0.00046907280575680943	3439.414146145612	4.382600593544339e-08	1.8172918032632879e-06	1358651.8956257668	0.0004290999041671739	3.1624931862796046	329.6374394350347	6690.968672555528	0.008913040969758868	23721217.99762204	878141.3794955844	13.657767770649613	0.00128213117022824	151.48082662099029	9.793609478947474e-09	1.9927338129832606e-05	8.153070751859559e-07	86.44044759492613	1140.1051212045807	1444.266525933041	722.7163101925145	56856.25214669429	1.4878894205594406e-07	9.306916126661235e-09	0.002857740532135722	0.00019211490122472696	3069458.632546504	14.094996951830694	702.0014822520066	119158.7523588097	19812.439476322535	0.0005181220335401804	5933.700687732114	924.4263092577175	45146.33537774886	0.00020059034058306224	353.2000208861548	9.728523764351849e-09	0.09101619681327122	8.883617397259513e-09	9.189420779875945e-09	31.200458219137857	0.23725949693880466	8131.59526370493	576037.6085486223	10:00:52	40000
