	algorithm	#Fc	D	percFES	run_1	run_2	run_3	run_4	run_5	run_6	run_7	run_8	run_9	run_10	run_11	run_12	run_13	run_14	run_15	run_16	run_17	run_18	run_19	run_20	run_21	run_22	run_23	run_24	run_25	run_26	run_27	run_28	run_29	run_30	run_31	run_32	run_33	run_34	run_35	run_36	run_37	run_38	run_39	run_40	run_41	run_42	run_43	run_44	run_45	run_46	run_47	run_48	run_49	run_50	run_51	mean	elapsed_time	evals
0	CDE/best/1/bin	1	10	0.3	8.257245553977555e-09	6.570366610958445e-05	1.1853155939434146e-05	9.797830102797889e-09	8.56923165315493e-07	0.002032386274223086	5.646782597068523e-09	0.005097414169654257	8.110376370495942e-09	8.118220762298733e-09	0.24849272739562878	0.01838397902204747	3.7862040755953785e-05	9.50350909079134e-09	4.640965443059031e-07	9.899636665977596e-09	9.422151947546809e-09	2.7712857786355016e-08	4.706409129084932e-08	9.508511311651091e-09	6.399895369213482e-08	2.818718769503903e-08	7.840787930035731e-08	8.86721807091817e-09	7.619350768095501e-06	0.3025441429343374	4.8344531933253165e-08	9.319805371887924e-09	1.180100808539919e-05	7.986078259136775e-06	9.692314506537514e-09	3.101532826121911e-07	9.757187058312411e-09	0.0009658346339733725	1.5644076256648987e-07	0.0008124541327845236	1.6309076045217807e-06	0.00364964830231429	8.206825441448018e-09	4.217901278025238e-06	2.8416863528946124e-08	7.540819524365361e-09	9.85632198080566e-09	9.47086533642505e-08	4.3100314428556885e-08	0.6401821724834491	0.0002402043885325611	8.848772381497838e-09	0.13644315701409937	3.6038254123127444e-05	1.6938418241352338e-06	0.026647704409106042	1:49:32	30000
