	algorithm	#Fc	D	percFES	run_1	run_2	run_3	run_4	run_5	run_6	run_7	run_8	run_9	run_10	run_11	run_12	run_13	run_14	run_15	run_16	run_17	run_18	run_19	run_20	run_21	run_22	run_23	run_24	run_25	run_26	run_27	run_28	run_29	run_30	run_31	run_32	run_33	run_34	run_35	run_36	run_37	run_38	run_39	run_40	run_41	run_42	run_43	run_44	run_45	run_46	run_47	run_48	run_49	run_50	run_51	mean	elapsed_time	evals
0	CDE/best/1/bin	1	10	0.8	9.528548616799526e-09	9.830444014369277e-09	9.950696266969317e-09	8.716952493159624e-09	9.687255442258902e-09	9.882143103823182e-09	9.825740221458545e-09	9.41281541599892e-09	8.794202699391462e-09	9.832049840952095e-09	9.727813221616088e-09	9.632003639126197e-09	8.482317070956924e-09	9.889262742035498e-09	8.05538036274811e-09	9.951904189620109e-09	9.689671287560486e-09	9.69481561696739e-09	9.989648219743685e-09	9.697558311927423e-09	9.24218568343349e-09	9.775334319783724e-09	9.855540383796324e-09	9.430891623196658e-09	9.6508898650427e-09	9.784997700990061e-09	9.990870353249193e-09	6.9642140942960395e-09	9.255430200028059e-09	9.96504923023167e-09	9.753534868650604e-09	8.515627314409357e-09	9.509079745839699e-09	9.015835189529753e-09	9.57142276547529e-09	9.923184052240686e-09	8.50063486268482e-09	9.932833222592308e-09	8.35647995245381e-09	9.595083838576102e-09	7.722192663095484e-09	8.259547712441417e-09	9.755453334037156e-09	9.765443564901943e-09	8.93338381047215e-09	4.1308112486149184e-09	6.1677098983636824e-09	9.982400683838932e-09	8.142052365656127e-09	7.943569357848901e-09	6.0121010392322205e-09	9.091666818087961e-09	1:46:15	24450
