	algorithm	#Fc	D	percFES	run_1	run_2	run_3	run_4	run_5	run_6	run_7	run_8	run_9	run_10	run_11	run_12	run_13	run_14	run_15	run_16	run_17	run_18	run_19	run_20	run_21	run_22	run_23	run_24	run_25	run_26	run_27	run_28	run_29	run_30	run_31	run_32	run_33	run_34	run_35	run_36	run_37	run_38	run_39	run_40	run_41	run_42	run_43	run_44	run_45	run_46	run_47	run_48	run_49	run_50	run_51	mean	elapsed_time	evals
0	CDE/best/1/bin	1	10	0.6	9.415288104719366e-09	9.285571422879002e-09	6.910028105266974e-09	9.78458558620332e-09	8.790365768618358e-09	8.859970535013417e-09	9.958455393643817e-09	9.847710202848248e-09	9.888836416394042e-09	9.574677051205072e-09	9.556515578879043e-09	9.619540719540964e-09	8.652165206513018e-09	8.713328725207248e-09	8.977821153166587e-09	8.853518806972716e-09	8.063679501901788e-09	9.953680546459509e-09	9.82323911102867e-09	6.764054205632419e-09	9.8813188742497e-09	9.744795193000755e-09	9.548472235110239e-09	8.285141461783496e-09	8.166082920979534e-09	9.812708867684705e-09	9.717638249640004e-09	9.910777976074314e-09	8.617348612460773e-09	9.982073834180483e-09	9.906983677865355e-09	9.98960558717954e-09	7.389985512418207e-09	9.759020258570672e-09	9.335352046946355e-09	9.891309105114487e-09	9.965162917069392e-09	9.056947192220832e-09	9.843091675065807e-09	9.968729841602908e-09	8.48203285386262e-09	9.926978350449644e-09	9.351779794997128e-09	8.351278779628046e-09	8.411973340116674e-09	9.977753734347061e-09	9.653390975472576e-09	9.472600481785776e-09	8.10534572792676e-09	9.258613431484264e-09	7.762409381939506e-09	9.19254382418277e-09	1:50:05	34450
