	algorithm	#Fc	D	percFES	run_1	run_2	run_3	run_4	run_5	run_6	run_7	run_8	run_9	run_10	run_11	run_12	run_13	run_14	run_15	run_16	run_17	run_18	run_19	run_20	run_21	run_22	run_23	run_24	run_25	run_26	run_27	run_28	run_29	run_30	run_31	run_32	run_33	run_34	run_35	run_36	run_37	run_38	run_39	run_40	run_41	run_42	run_43	run_44	run_45	run_46	run_47	run_48	run_49	run_50	run_51	mean	elapsed_time	evals
0	CDE/best/1/bin	1	30	0.3	208277.44590084438	130015.6900294762	123956.63534625986	231744.82927211674	181289.95468095763	90647.79118033467	73768.53614434606	69748.71870483774	75698.2204489955	177182.86117094266	22648.85934410341	58332.166892799054	57760.44363914918	85040.9261798719	230525.4252241344	216545.73449077958	242345.39956481845	137347.2501114874	96772.65082250696	184144.27167049827	64878.21487308573	210463.68314725847	37234.505142254755	44824.87022871764	330388.64094808133	322939.23431981483	79840.20314819725	55287.67201211752	20686.17872350591	122096.202663823	56906.824714160866	221506.76103421304	136888.18502920427	262668.4500651252	66841.2273368785	217436.09376560187	111929.75732807771	62174.94841776574	151486.77288289357	90973.47840786415	171939.81765630931	215945.58291326932	186640.95700361047	62323.526638311414	64344.106964665196	137766.89439393938	60881.71111398475	57389.85349546941	101882.04198663658	71202.98648228444	149054.3097490363	130208.1863412827	6:57:47	90010
