	algorithm	#Fc	D	percFES	run_1	run_2	run_3	run_4	run_5	run_6	run_7	run_8	run_9	run_10	run_11	run_12	run_13	run_14	run_15	run_16	run_17	run_18	run_19	run_20	run_21	run_22	run_23	run_24	run_25	run_26	run_27	run_28	run_29	run_30	run_31	run_32	run_33	run_34	run_35	run_36	run_37	run_38	run_39	run_40	run_41	run_42	run_43	run_44	run_45	run_46	run_47	run_48	run_49	run_50	run_51	mean	elapsed_time	evals
0	CDE/best/1/bin	1	30	0.7	30345.570482770487	22155.05283046979	18275.60316498587	12277.787439904594	10624.02935445179	5999.518494098186	36554.89384525335	23896.418624217695	10475.189859627604	20437.72377155815	20945.953100765902	11097.465409537115	6903.802837870015	16345.844180074382	27199.13983756217	21705.261728302077	22820.6514814224	6801.22781899377	5558.635716176222	30935.251858241714	56601.696685428826	23140.78061193691	9991.181829768273	12888.35197751446	2925.3461728364678	50494.14256228224	23223.917187710053	3740.9295346830304	14638.714881926957	10324.889882324298	35852.34196669192	33282.04808223203	6871.261197661033	16467.501202836644	24284.298025497385	8626.408273580255	2348.8562023023514	29221.92302854221	645.1630398104069	117906.92639526367	13398.428456597312	33579.21854028245	12243.862807718908	14831.994805189177	40363.84332568893	46827.64050794214	10435.427834241891	43438.109563048805	52350.77394217534	28862.998563263285	8292.30426819857	22538.35888610705	12:58:03	210010
