	algorithm	#Fc	D	percFES	run_1	run_2	run_3	run_4	run_5	run_6	run_7	run_8	run_9	run_10	run_11	run_12	run_13	run_14	run_15	run_16	run_17	run_18	run_19	run_20	run_21	run_22	run_23	run_24	run_25	run_26	run_27	run_28	run_29	run_30	run_31	run_32	run_33	run_34	run_35	run_36	run_37	run_38	run_39	run_40	run_41	run_42	run_43	run_44	run_45	run_46	run_47	run_48	run_49	run_50	run_51	mean	elapsed_time	evals
0	CDE/best/1/bin	1	30	0.2	233637.31408016916	92779.55475923374	182565.96796598754	386352.6270643986	304767.36702144373	285977.69191636716	76164.97960121791	102731.51411209504	303503.4848642583	115272.9396500801	672145.14823564	122562.72715764881	685846.7277512318	707044.8185198079	273173.35376005276	312907.3032397379	238600.4806987738	126097.08979747826	157173.81318601337	184470.41119209034	207417.61935335887	816217.9082159346	134578.4976005321	254521.11077975045	319607.7407031401	369746.72064257646	516558.22353027476	325250.19901292614	324489.3312670023	308484.53999920824	242506.1986673207	353558.02136998053	40127.8059581791	342204.43777426233	391491.9750691582	298519.8507642078	169465.115158182	399158.86067321326	223782.70450775354	577648.9787737894	245824.83864839605	597573.403298443	189962.3899654207	190010.86203278732	350873.580283248	254299.16900290197	382543.62166302244	714125.8780394071	124166.05552783237	68230.04219004775	178091.89847075054	303427.7037944457	4:46:59	60000
