	algorithm	#Fc	D	percFES	run_1	run_2	run_3	run_4	run_5	run_6	run_7	run_8	run_9	run_10	run_11	run_12	run_13	run_14	run_15	run_16	run_17	run_18	run_19	run_20	run_21	run_22	run_23	run_24	run_25	run_26	run_27	run_28	run_29	run_30	run_31	run_32	run_33	run_34	run_35	run_36	run_37	run_38	run_39	run_40	run_41	run_42	run_43	run_44	run_45	run_46	run_47	run_48	run_49	run_50	run_51	mean	elapsed_time	evals
0	CDE/best/1/bin	1	30	0.5	50691.77411001729	77523.45773991256	12772.546980951962	12263.035605658157	9250.853062751474	17673.95842483538	7644.132531498752	36824.68611467996	42729.62019433872	106533.68542903161	101604.28460867968	61204.11043189043	8549.061157398322	8163.999943361714	30957.12358577539	13192.071167291333	31505.148067718063	43988.521952996394	109021.29590624204	51534.70668830687	47776.42121767648	28222.03076930429	27452.887258045004	62048.22818090936	46984.42981310947	89471.85556162566	40833.9623736915	81759.74996466302	20699.4956518808	71259.5349007762	27535.135371734388	25862.847194253256	221489.21227384143	43260.91193925509	17465.83876800349	15406.48746362557	63957.20652072435	44813.31971631317	94826.51812550357	17953.220903000532	52568.536897395985	15402.24026759162	20322.872346546734	16618.197062605723	27838.411697489497	69011.4574064551	116923.65267992904	37847.825246065506	8023.593095246009	28271.01420062571	18351.50902597371	45762.48387445485	10:23:30	150000
