	algorithm	#Fc	D	percFES	run_1	run_2	run_3	run_4	run_5	run_6	run_7	run_8	run_9	run_10	run_11	run_12	run_13	run_14	run_15	run_16	run_17	run_18	run_19	run_20	run_21	run_22	run_23	run_24	run_25	run_26	run_27	run_28	run_29	run_30	run_31	run_32	run_33	run_34	run_35	run_36	run_37	run_38	run_39	run_40	run_41	run_42	run_43	run_44	run_45	run_46	run_47	run_48	run_49	run_50	run_51	mean	elapsed_time	evals
0	CDE/best/1/bin	1	30	0.1	654229.3930416736	862253.8142849817	1993299.094024863	1753952.3666148146	112762.27306266621	1003697.3040546711	1188561.5550023492	2148464.7479673573	2142414.1706995214	873789.2463930475	375389.7995174411	1886008.2502056258	1109237.3204876226	1444534.7722849257	1231233.2363638373	1246508.7004733132	1145473.372717198	1976969.6915950235	634775.4738451779	3148855.063298625	4669767.292408899	1229885.2244479014	1111873.2827114793	487525.09895284736	1270325.8141382874	608735.3732566672	887314.8083226589	1036625.8213275992	1435025.3916529925	1219212.3099573196	1795584.7318450983	1069812.6710640788	561093.8192656237	452204.21758657665	1574036.9604224898	560003.2518288925	979175.76600001	408840.68405811366	1004560.316779191	449798.80363423313	1543222.7003119742	491507.67736139626	2601851.673502798	1582851.0141616317	1900378.9285608854	539544.6794132538	997592.9280970485	648252.5593392741	2795196.4430499603	951332.7247800732	2221077.4829306942	1294443.5313157781	2:21:06	30020
