	algorithm	#Fc	D	percFES	run_1	run_2	run_3	run_4	run_5	run_6	run_7	run_8	run_9	run_10	run_11	run_12	run_13	run_14	run_15	run_16	run_17	run_18	run_19	run_20	run_21	run_22	run_23	run_24	run_25	run_26	run_27	run_28	run_29	run_30	run_31	run_32	run_33	run_34	run_35	run_36	run_37	run_38	run_39	run_40	run_41	run_42	run_43	run_44	run_45	run_46	run_47	run_48	run_49	run_50	run_51	mean	elapsed_time	evals
0	CDE/best/1/bin	1	30	0.4	132071.36627839546	24006.016322090694	143999.9675655604	173019.3126873002	91399.9726412403	133641.63179691217	60546.013278338134	134305.90996613866	42279.0360763177	68718.55372217126	23915.09887339351	78491.77961919802	72528.67296621676	91668.01458085791	14514.778468878958	61259.77821353031	133950.77154160032	29664.3332017296	54550.680653376345	169901.18720772554	41846.727636163145	43514.22918601847	139897.34839474698	29042.372291446343	22011.667878200158	80023.70534836061	106247.5631773032	116970.20929000324	44832.08401911319	35490.1987954302	76397.90320721005	51951.282936021875	118760.2022910115	181818.9802520886	33695.24548627553	125605.06085998034	133563.9303434895	36664.52467177548	42393.67515821822	62950.76209442465	76724.26698977847	40609.57085456941	22049.432935788478	186987.8018125939	37988.283831443514	65206.51091030964	33009.06527532196	75332.21170210045	55024.46151667537	253179.97023366299	129740.97699640508	83018.88435366478	8:55:44	120010
