	algorithm	#Fc	D	percFES	run_1	run_2	run_3	run_4	run_5	run_6	run_7	run_8	run_9	run_10	run_11	run_12	run_13	run_14	run_15	run_16	run_17	run_18	run_19	run_20	run_21	run_22	run_23	run_24	run_25	run_26	run_27	run_28	run_29	run_30	run_31	run_32	run_33	run_34	run_35	run_36	run_37	run_38	run_39	run_40	run_41	run_42	run_43	run_44	run_45	run_46	run_47	run_48	run_49	run_50	run_51	mean	elapsed_time	evals
0	CDE/best/1/bin	1	30	0.9	31772.523445082006	11353.372541442795	17315.732859092557	12713.08834209604	30481.819340686852	9211.924415988848	47230.70006410796	17189.29652579468	2198.73386930399	3869.6010544569826	3629.224157829518	2516.0587535796544	4857.086841401129	41472.95070108993	1565.5359290254557	29726.24849816642	7715.419083676041	14378.852951801839	16653.530019629943	52986.16055820944	21855.693549593387	9766.156817082674	16578.36948163211	18951.960636975735	23536.726232817808	18037.991461127636	8052.664682525537	52437.30995186985	1901.1201570563392	17479.417970795494	40124.8840135841	5370.507709816582	15299.371737357122	15186.30388189942	5883.591451355568	11315.521214256827	6564.799340326984	100499.34924867665	927.016497227643	2699.9116840912116	10363.744944549988	5987.077041098621	5577.91018214556	3034.6612383034962	1389.6805515502945	10570.930877733706	12636.16023419002	20308.01257343942	1105.6239224447008	16241.063031611684	16204.776863267492	16759.336649664034	14:57:12	270020
