	algorithm	#Fc	D	percFES	run_1	run_2	run_3	run_4	run_5	run_6	run_7	run_8	run_9	run_10	run_11	run_12	run_13	run_14	run_15	run_16	run_17	run_18	run_19	run_20	run_21	run_22	run_23	run_24	run_25	run_26	run_27	run_28	run_29	run_30	run_31	run_32	run_33	run_34	run_35	run_36	run_37	run_38	run_39	run_40	run_41	run_42	run_43	run_44	run_45	run_46	run_47	run_48	run_49	run_50	run_51	mean	elapsed_time	evals
0	CDE/best/1/bin	1	30	0.8	61702.60354402133	10613.288807852114	4659.632357674716	19869.8840906849	27308.541471539163	9577.130865960065	13686.963202681069	2820.7678663235447	43934.591092413735	22423.354616429126	15904.263271290121	8738.58230218908	12659.967611510567	10267.718985735353	4273.183099725064	16286.534738279865	6668.382889059713	24327.856149004696	11462.435376311727	18613.483574884933	15363.211802232277	105333.75383055795	21115.388853198783	30624.902328383017	13143.236329691812	11769.489022874033	67620.68414985818	34788.08884957204	41696.25513353575	29956.671879339534	5547.68443995435	13336.106539353359	9127.682969311334	18170.259300051785	17909.16030676906	13723.236195587664	17027.017062732284	36157.55652830431	14424.99798795301	8119.961340660802	39928.02787382829	7904.029021068017	10867.775015739888	18012.991390574938	94149.71160773154	15647.062553226358	4924.378058396228	45682.95744948316	43148.77275886997	17703.860631754997	13916.510813093078	23189.031136024678	13:58:16	240010
