	algorithm	#Fc	D	percFES	run_1	run_2	run_3	run_4	run_5	run_6	run_7	run_8	run_9	run_10	run_11	run_12	run_13	run_14	run_15	run_16	run_17	run_18	run_19	run_20	run_21	run_22	run_23	run_24	run_25	run_26	run_27	run_28	run_29	run_30	run_31	run_32	run_33	run_34	run_35	run_36	run_37	run_38	run_39	run_40	run_41	run_42	run_43	run_44	run_45	run_46	run_47	run_48	run_49	run_50	run_51	mean	elapsed_time	evals
0	CDE/best/1/bin	2	10	0.4	9.707036952022463e-09	43801051.32191985	1476.6494126749483	6.715993094985606e-09	0.0036511517243411618	1.5824674192269867	4.5104903279025166e-07	4.343524945465731	0.015181580608384593	393.5793669573752	6.852161504866672e-09	6.249548221148871e-07	9.233900755134528e-09	8.329578804477933e-09	5.544191594708536e-08	7502.543411121674	0.6381798012927788	1.4521683169732569e-05	9.696208280729479e-09	2.399023617272178e-05	1.3036699897384096e-07	0.39327423312255405	37169196.13250618	155580.58181016194	9.796224276215071e-09	7.3385422183491755e-09	2.3291806883207755e-07	0.000998482511676002	7.452229056070792e-09	20.659747434326988	9.895131825032877e-09	843.7696345291758	0.0001883021828348319	7.513961008953629e-09	0.08995235227300213	366900.98784848605	5.983752089377958e-06	6.208438207977451e-09	0.48149428604531863	2219.5172513298658	9737545.784242403	7.085532160999719e-09	1.1942854598601116e-06	264.34279246854135	9.214801366397296e-09	7.688413461437449e-09	7.968338877617498e-09	3.296699446764251e-08	8.032145615288755e-09	864.2356127002342	1303.2203514310092	1789120.9975464244	9:09:52	40020
