	algorithm	#Fc	D	percFES	run_1	run_2	run_3	run_4	run_5	run_6	run_7	run_8	run_9	run_10	run_11	run_12	run_13	run_14	run_15	run_16	run_17	run_18	run_19	run_20	run_21	run_22	run_23	run_24	run_25	run_26	run_27	run_28	run_29	run_30	run_31	run_32	run_33	run_34	run_35	run_36	run_37	run_38	run_39	run_40	run_41	run_42	run_43	run_44	run_45	run_46	run_47	run_48	run_49	run_50	run_51	mean	elapsed_time	evals
0	CDE/best/1/bin	2	10	0.01	238861823.9562291	97502573.53913139	98381684.1294405	158482964.8334093	134159965.33402097	625128736.5711304	111980880.50227505	1481180477.872209	218241076.4486212	239285474.41543198	189111799.45903	713944161.0748705	174391360.60902402	253559695.72453153	410790572.6327207	153463865.13788033	163275633.02399653	520302487.1481518	134533608.1450319	257160050.13864166	127613747.61156225	120027179.7653601	189087690.61756536	91140185.3247912	649909417.915418	288887083.82351434	64347598.07020912	507419903.5661525	1015306202.398657	322153654.11548513	935008946.1348108	2961628799.2481804	373814382.18820465	316130965.2522481	405564358.8974908	35170105.82948908	59523202.97415234	1171138391.31872	176758604.64642745	1602766872.345508	184981541.10086945	190058952.03332907	366009047.3005619	463817588.90954244	480224082.5003187	211051599.0749583	300519605.58974737	163942910.5275517	947440299.5863609	185175806.1488007	246304543.59250432	422091414.8843974	0:17:03	1000
