	algorithm	#Fc	D	percFES	run_1	run_2	run_3	run_4	run_5	run_6	run_7	run_8	run_9	run_10	run_11	run_12	run_13	run_14	run_15	run_16	run_17	run_18	run_19	run_20	run_21	run_22	run_23	run_24	run_25	run_26	run_27	run_28	run_29	run_30	run_31	run_32	run_33	run_34	run_35	run_36	run_37	run_38	run_39	run_40	run_41	run_42	run_43	run_44	run_45	run_46	run_47	run_48	run_49	run_50	run_51	mean	elapsed_time	evals
0	CDE/best/1/bin	2	10	1.0	9.365357954278977	1.9532115550830724	0.002922597980017372	6.873989377709222e-09	2.4439174239887507e-08	2745.160202212439	9.321070137957577e-09	9.511522165439601e-06	5.345015097191208e-09	108.40163576590066	9.730229066917673e-09	2.2144006747975027	42816.400056875056	6.568882326973835e-09	7.340076990658417e-09	9.55623136178474e-09	0.18931377201820965	9666.252097450126	2.895123944313127e-05	6.837353794253431e-09	0.05043916363135281	8.578552979088272e-09	5.964835736449459e-09	8.119286576402374e-09	7.101164101186441e-09	6.9586576501023956e-09	9.685152235761052e-09	9.843773796092137e-09	9.223981578543317e-09	5.5424550282623386e-08	836.3803170139508	9.658521094024763e-09	9.76726255430549e-09	8.911484883356025e-09	8.644718718642252e-09	0.001898296206974237	9.367965958517743e-09	5.375255796025158e-09	25.756778121272816	8.84156747815723e-09	0.002967447466687645	0.030774867314335097	5.874028374819318e-09	7.640096555405762e-09	8.116302296912181e-09	9.284462976211216e-09	9.748418960953131e-09	8.827925057630637e-09	7.480480235244613e-09	7.934630730233039e-09	903.1385755635281	1119.9078625122786	13:08:23	100010
