	algorithm	#Fc	D	percFES	run_1	run_2	run_3	run_4	run_5	run_6	run_7	run_8	run_9	run_10	run_11	run_12	run_13	run_14	run_15	run_16	run_17	run_18	run_19	run_20	run_21	run_22	run_23	run_24	run_25	run_26	run_27	run_28	run_29	run_30	run_31	run_32	run_33	run_34	run_35	run_36	run_37	run_38	run_39	run_40	run_41	run_42	run_43	run_44	run_45	run_46	run_47	run_48	run_49	run_50	run_51	mean	elapsed_time	evals
0	CDE/best/1/bin	2	10	0.4	5.5857185543572996e-09	9.750777962835855e-09	9.816631063586101e-09	4.479801418710849e-09	9.827886060520541e-09	9.126580380325322e-09	9.955783752957359e-09	8.264180451078573e-09	9.695384051155997e-09	9.481198048888473e-09	9.574904424880515e-09	7.541785862485995e-09	6.431776000681566e-09	7.290537951121223e-09	7.2523675953561906e-09	9.834053571466939e-09	9.314192084275419e-09	9.721020433062222e-09	8.192301947929082e-09	9.208349638356594e-09	7.092836540323333e-09	9.230348041455727e-09	7.432277016050648e-09	9.280682888856973e-09	8.49888692755485e-09	5.472230668601696e-09	9.80739400802122e-09	9.236288178726682e-09	9.474575790591189e-09	5.849898343512905e-09	8.29774648991588e-09	9.80244863058033e-09	9.581697213434381e-09	7.679233249291428e-09	8.376986215807847e-09	8.873399792719283e-09	9.925315680447966e-09	9.191552408083226e-09	8.049028110690415e-09	9.733327033245587e-09	9.796735866984818e-09	7.110770638973918e-09	6.579426781172515e-09	6.315474365692353e-09	9.967749292627559e-09	8.832870435071527e-09	7.099288268364035e-09	9.725340532895643e-09	9.727472161102924e-09	9.627200370232458e-09	8.229136483350885e-09	8.51456567996887e-09	0:44:21	13230
