	algorithm	#Fc	D	percFES	run_1	run_2	run_3	run_4	run_5	run_6	run_7	run_8	run_9	run_10	run_11	run_12	run_13	run_14	run_15	run_16	run_17	run_18	run_19	run_20	run_21	run_22	run_23	run_24	run_25	run_26	run_27	run_28	run_29	run_30	run_31	run_32	run_33	run_34	run_35	run_36	run_37	run_38	run_39	run_40	run_41	run_42	run_43	run_44	run_45	run_46	run_47	run_48	run_49	run_50	run_51	mean	elapsed_time	evals
0	CDE/best/1/bin	2	10	0.1	0.0010248843827014298	0.00015159646520146453	0.008084198637249074	0.0003844806338975104	0.0005679397091000737	0.0016874977038412453	0.0001563960234420847	2.551419527208054e-06	0.00041362546161849423	0.001517347435907368	4.8566055255605534e-05	1.663152590936079e-05	4.324257220183711	0.00018279422420164337	1.1180243479656724	3.523986799791601e-05	1.5544576366375793	0.0003676844040967353	4.9588804330369385e-05	0.0003705382624445974	0.06096164668670667	0.004034003155538812	0.00012872890937387638	0.0010586566672259323	0.0002141371970765249	0.0025470066919695	0.03207957319361299	1.5171459665452858e-05	0.004107632278788742	0.000964217749810814	5.174073893954301e-05	1.7655413927286645e-05	0.0009456067144526514	0.0371022135546184	0.0018487236502835458	1.3531879943684544e-05	7.18595622970497e-05	0.0003805085820545173	0.000216453597971622	0.5283816210636587	3.124429272816087e-05	0.0001236817938377044	3.039728680713324	0.0014333994874391465	0.0010986606794745057	0.0013199851086369563	0.016048473632878313	0.003750726322493847	0.0001619928081879607	0.0011083711290496012	0.000176377102349079	0.21082202054160784	0:38:14	10010
