	algorithm	#Fc	D	percFES	run_1	run_2	run_3	run_4	run_5	run_6	run_7	run_8	run_9	run_10	run_11	run_12	run_13	run_14	run_15	run_16	run_17	run_18	run_19	run_20	run_21	run_22	run_23	run_24	run_25	run_26	run_27	run_28	run_29	run_30	run_31	run_32	run_33	run_34	run_35	run_36	run_37	run_38	run_39	run_40	run_41	run_42	run_43	run_44	run_45	run_46	run_47	run_48	run_49	run_50	run_51	mean	elapsed_time	evals
0	CDE/best/1/bin	2	10	0.8	8.302038168039871e-09	9.05885144675267e-09	9.777011200640118e-09	4.854030066780979e-09	8.46588932290615e-09	5.085212251287885e-09	8.65796323523682e-09	9.723407856654376e-09	8.605780976722599e-09	7.857408945710631e-09	5.843418193762773e-09	8.820649100016453e-09	7.09968617229606e-09	6.797222340537701e-09	9.294183200836414e-09	8.301753950945567e-09	7.891173936513951e-09	9.42264932746184e-09	9.12919517759292e-09	9.344205409433926e-09	5.988795237499289e-09	4.942336317981244e-09	6.531337248816271e-09	8.791914751782315e-09	9.53659196056833e-09	9.79827063929406e-09	8.946926755015738e-09	9.043759519045125e-09	9.374531373396167e-09	7.119979272829369e-09	9.365720643472741e-09	6.976421218496398e-09	8.671690920891706e-09	8.86544171407877e-09	9.896950814436423e-09	6.189964096847689e-09	9.525251698505599e-09	9.636039521865314e-09	7.824127123967628e-09	9.655281019149697e-09	7.4333001975901425e-09	7.53931317376555e-09	7.162611836974975e-09	7.917975608506822e-09	8.708212817509775e-09	8.342198043465032e-09	9.586983651388437e-09	4.645784201784409e-09	9.649397725297604e-09	6.833261068095453e-09	7.3218018314946676e-09	8.120664750665538e-09	0:43:46	12660
