	algorithm	#Fc	D	percFES	run_1	run_2	run_3	run_4	run_5	run_6	run_7	run_8	run_9	run_10	run_11	run_12	run_13	run_14	run_15	run_16	run_17	run_18	run_19	run_20	run_21	run_22	run_23	run_24	run_25	run_26	run_27	run_28	run_29	run_30	run_31	run_32	run_33	run_34	run_35	run_36	run_37	run_38	run_39	run_40	run_41	run_42	run_43	run_44	run_45	run_46	run_47	run_48	run_49	run_50	run_51	mean	elapsed_time	evals
0	CDE/best/1/bin	2	10	0.7	6.133632268756628e-09	9.840420034379349e-09	14270.041825727136	0.0029068778266037043	1.0297409858139872e-07	45630578.046002835	9.771781606104923e-09	60715.461290686675	4300.6043003015975	1.810071299246374e-05	8.727084832571563e-09	1.7965513450235449e-06	3534.3269497081533	1453.6333622225038	0.20805912745024102	8.994788913696539e-09	0.04150786859293021	9.110408427659422e-09	0.012171481326674893	8.890509661796386e-09	5.609370751358256e-05	5.1292725231633085e-06	0.7138665277458927	3.5029063343308167	0.6341276672479523	9.50774392549647e-09	5.651164059372604e-06	478.03940386846193	67.07719843728256	138.83027061189438	2.120060571542126e-08	8.743455737203476e-09	9.342613793705823e-09	1.3147774867233863	7.111822242222843e-09	0.025153190549332294	9.443795079278061e-09	8.212481361624668e-09	8.346830782102188e-09	3.2476337992193294e-06	9.782290941863494	7.985789807207766e-09	1.0234276146547927e-06	1948.622584572754	8.973472631623736e-09	9.891579111354076e-09	0.04997718373249427	401.86172249806043	8.585885780121316e-09	58.28877518609909	8.233826065406902e-09	896430.6102259348	12:33:51	15580
