	algorithm	#Fc	D	percFES	run_1	run_2	run_3	run_4	run_5	run_6	run_7	run_8	run_9	run_10	run_11	run_12	run_13	run_14	run_15	run_16	run_17	run_18	run_19	run_20	run_21	run_22	run_23	run_24	run_25	run_26	run_27	run_28	run_29	run_30	run_31	run_32	run_33	run_34	run_35	run_36	run_37	run_38	run_39	run_40	run_41	run_42	run_43	run_44	run_45	run_46	run_47	run_48	run_49	run_50	run_51	mean	elapsed_time	evals
0	CDE/best/1/bin	2	10	0.01	180593432.18583748	40968947.055991724	217794455.7670367	356417435.02554476	248397900.2095381	295357396.2191493	293844433.9962092	353314046.9988954	436893828.54115933	62708401.583745986	232501350.68865082	136872058.50275415	148488297.4093524	165255433.68581575	107701775.19688046	459464340.7212717	250895403.726758	236584549.64851478	225777025.92715773	445552066.1272025	223123446.363975	204521502.88335145	173081159.60898694	530878729.2432755	174194168.63537064	145377911.8743462	370173931.77770126	217785008.0594183	164791513.097391	259371670.97115964	142875417.58778316	154133891.0866198	85233698.59165485	139660670.70141757	264884646.31160593	268881876.8275453	258922390.74359357	112778731.1321845	152721778.59002927	154855090.90568504	434589230.32496786	192886508.91863143	136947487.48737702	276848730.1890549	133698171.76946816	74244706.30324815	138429153.5761014	159533814.1522743	180348112.2284253	210512957.13985258	236314660.716009	220940849.94148964	0:04:19	1000
