	algorithm	#Fc	D	percFES	run_1	run_2	run_3	run_4	run_5	run_6	run_7	run_8	run_9	run_10	run_11	run_12	run_13	run_14	run_15	run_16	run_17	run_18	run_19	run_20	run_21	run_22	run_23	run_24	run_25	run_26	run_27	run_28	run_29	run_30	run_31	run_32	run_33	run_34	run_35	run_36	run_37	run_38	run_39	run_40	run_41	run_42	run_43	run_44	run_45	run_46	run_47	run_48	run_49	run_50	run_51	mean	elapsed_time	evals
0	CDE/best/1/bin	2	10	0.9	6.96039137437765e-09	8.887695912562776e-09	7.96006816017325e-09	9.753478025231743e-09	7.703363280597841e-09	9.715364512885571e-09	8.86475959305244e-09	8.547914376322296e-09	8.544930096832104e-09	7.770665888529038e-09	9.358274155601976e-09	6.760188853149884e-09	8.888918046068284e-09	6.4460152771061985e-09	9.742478823682177e-09	9.716330851006205e-09	8.811753104964737e-09	8.198952627935796e-09	9.800487532629631e-09	9.858950988927973e-09	7.964047199493507e-09	9.168161341222003e-09	9.067150585906347e-09	8.699288400748628e-09	8.952440566645237e-09	9.603240869182628e-09	6.598497748200316e-09	8.63889226820902e-09	6.13096062807017e-09	9.734748118717107e-09	9.621629715184099e-09	9.504987019681721e-09	9.819245860853698e-09	7.363780696323374e-09	8.47083470034704e-09	8.363400638700114e-09	7.40146788302809e-09	8.838526355248177e-09	9.05183128452336e-09	8.950024721343652e-09	8.125113026835606e-09	6.6486904870544095e-09	9.586926807969576e-09	6.901132110215258e-09	9.021846381074283e-09	9.999894245993346e-09	9.039496262630564e-09	4.290569677323219e-09	6.444139444283792e-09	9.953311064236914e-09	7.805795121385017e-09	8.471589268867997e-09	0:44:52	13470
