	algorithm	#Fc	D	percFES	run_1	run_2	run_3	run_4	run_5	run_6	run_7	run_8	run_9	run_10	run_11	run_12	run_13	run_14	run_15	run_16	run_17	run_18	run_19	run_20	run_21	run_22	run_23	run_24	run_25	run_26	run_27	run_28	run_29	run_30	run_31	run_32	run_33	run_34	run_35	run_36	run_37	run_38	run_39	run_40	run_41	run_42	run_43	run_44	run_45	run_46	run_47	run_48	run_49	run_50	run_51	mean	elapsed_time	evals
0	CDE/best/1/bin	2	10	0.9	142954.3252142345	0.020114618973366305	9.86640884548251e-08	9.279489177060896e-09	7.842487548259669e-09	143.94641747239018	6.449965894717025e-09	9.41835764933785e-09	9.010079793370096e-09	0.01999106329324718	8.6284046574292e-09	8.205887525036815e-09	0.21199277384442894	8.684082786203362e-09	6.15549200233545e-06	0.28108266916461844	1.2613588751264615e-07	7.495515319533297e-09	6.279464059844031e-09	17426.360987806587	9.329602391972003e-06	626500.8156120948	8.145690344463219e-09	8.64170601744263e-09	7.647884103789693e-09	965.9772882553007	9.937480172084179e-09	1.2580342058754468e-05	8.213021374103846e-09	8.930072681323509e-09	0.00021593437892875045	8.148475671987399e-09	107.69551329977725	8.556696684536291e-09	3.9171702525209184e-05	9710.801558607707	9.774282716534799e-09	5196054.413632411	9.788152510736836e-09	4.894513125464073e-06	5.065743380328058e-09	1.0327149056984979	9.05959041119786e-09	9.423644087291905e-09	8.690619779372355e-09	4.5346808974500163e-08	8.619423397249193e-09	98168.03085282142	8.821672281555948e-09	6.866770263513899e-09	7.1713941451889696e-09	119451.6457502275	12:55:33	22800
