	algorithm	#Fc	D	percFES	run_1	run_2	run_3	run_4	run_5	run_6	run_7	run_8	run_9	run_10	run_11	run_12	run_13	run_14	run_15	run_16	run_17	run_18	run_19	run_20	run_21	run_22	run_23	run_24	run_25	run_26	run_27	run_28	run_29	run_30	run_31	run_32	run_33	run_34	run_35	run_36	run_37	run_38	run_39	run_40	run_41	run_42	run_43	run_44	run_45	run_46	run_47	run_48	run_49	run_50	run_51	mean	elapsed_time	evals
0	CDE/best/1/bin	2	10	0.1	4806275.879793323	0.013652161331464185	0.009851626870045038	0.005694582544066407	41907.55503472829	42827.907513440776	3353.3064453061043	3682.426476596894	0.02711840618380279	180.09557428806312	118.03896132580707	55503.51154722583	8615.804841236431	2183.347766839675	54885601.76249965	1759.0762136120711	3618.4963180424716	24389.735102705254	602.8405961977606	639.1263473223369	116.15487662130295	2762.1984823721814	0.10854973392557099	1.0020008189951	0.22551374305928107	81.88172330342547	2195643.319974687	184446.6038680136	12.013291219488735	6894.762935474145	233.2575993505502	99047.59891510171	3499.7512082584317	18924477.695879877	29.575745600645035	0.06741350785915756	15964575.24313036	43171.24075499764	1.7300542009074604	2320.062770933182	6289.287911007561	6.407126225275789	3903.914354994151	9099.760965297315	83.55319397343476	85.74262512658532	352.9088600936882	10689.048843596132	1312.8011176422676	517.6140283557464	667.829899497749	1908658.4770776983	2:55:40	10020
