	algorithm	#Fc	D	percFES	run_1	run_2	run_3	run_4	run_5	run_6	run_7	run_8	run_9	run_10	run_11	run_12	run_13	run_14	run_15	run_16	run_17	run_18	run_19	run_20	run_21	run_22	run_23	run_24	run_25	run_26	run_27	run_28	run_29	run_30	run_31	run_32	run_33	run_34	run_35	run_36	run_37	run_38	run_39	run_40	run_41	run_42	run_43	run_44	run_45	run_46	run_47	run_48	run_49	run_50	run_51	mean	elapsed_time	evals
0	CDE/best/1/bin	2	10	0.3	391350.24355783424	8.364310133401887e-09	0.09113207616897512	6388.681156056893	6.066727564757457e-09	9.489781405136455e-09	1.7594163637113525e-07	387.3299049028276	6.7946643866889644e-09	0.3741172365530474	5.11543194693229	20036655.727927566	8.868224199432007e-08	5.120935745471286	0.005727668201302549	816.4438720325442	2.0791617316717748e-08	6.405108194940112e-07	122.25722289355593	9.222048902302049e-09	7.854055183997843e-09	9.06732111616293e-09	607.5182142246848	1.9946926840930246e-05	9.801397027331404e-09	0.0064977894218998244	2.0258708190112884e-05	456.7577171114651	54007230.55416152	1365.480943992951	8.978531695902348e-09	8.294051667689928e-09	4.420456889420166e-09	726639.4105582364	8.92589469003724e-09	4793.235753244799	8.196934686566237e-09	9.532698186376365e-09	6.140481900729355e-09	91756.68664166603	949.5303540457132	0.001733933949878974	5.0988262501050485e-09	2.3182306563285238e-07	6.642181915594847e-09	2.6433874534791926	0.001849512615990534	3.27420117531841	371.5541326415795	9576.6009296839	7.73917463448015e-09	1476068.326433406	7:37:03	19440
