	algorithm	#Fc	D	percFES	run_1	run_2	run_3	run_4	run_5	run_6	run_7	run_8	run_9	run_10	run_11	run_12	run_13	run_14	run_15	run_16	run_17	run_18	run_19	run_20	run_21	run_22	run_23	run_24	run_25	run_26	run_27	run_28	run_29	run_30	run_31	run_32	run_33	run_34	run_35	run_36	run_37	run_38	run_39	run_40	run_41	run_42	run_43	run_44	run_45	run_46	run_47	run_48	run_49	run_50	run_51	mean	elapsed_time	evals
0	CDE/best/1/bin	2	10	0.5	192561.85811819605	2064.959049131544	1.6987570461424184e-08	2418.8845088189128	8.679450047566206e-09	19.996816360814194	8.859274203132372e-09	5.9585016970231663e-05	220.2816325572354	9.923127208821825e-09	0.00026078708168597586	9.653092547523556e-09	9.621146546123782e-09	5.630604100581849	8.999734291137429e-09	279.7651529229293	4.810113955500128e-05	554.5521821722406	9.575813919582288e-09	0.19077003422211192	9.8538350812305e-09	9.115808552451199e-09	7.988433026184794e-09	17.93854255404497	6.929042228875915e-09	357.264689573517	0.24311945514600097	3603.307452857756	8.580798294133274e-09	32.459635928012204	5750.92480805431	0.016887083140488812	5.89460569244693e-09	1797.8683008960966	30.54010323899712	245.87437621489642	7.311626859518583e-09	92651.00574172843	8.039165777518065e-09	2074172.26907724	9.96988092083484e-09	3.882121291098883e-09	84.15918246487138	0.013052028323187415	5.362682038488032	5.239733430913844	33440.098581738785	4.031784448954966	9.268092071579304e-09	7898.9784342029	151684.0488339314	50390.348318079334	10:41:14	50020
