	algorithm	#Fc	D	percFES	run_1	run_2	run_3	run_4	run_5	run_6	run_7	run_8	run_9	run_10	run_11	run_12	run_13	run_14	run_15	run_16	run_17	run_18	run_19	run_20	run_21	run_22	run_23	run_24	run_25	run_26	run_27	run_28	run_29	run_30	run_31	run_32	run_33	run_34	run_35	run_36	run_37	run_38	run_39	run_40	run_41	run_42	run_43	run_44	run_45	run_46	run_47	run_48	run_49	run_50	run_51	mean	elapsed_time	evals
0	CDE/best/1/bin	2	10	0.7	4.486793159230729e-09	6.651902140220045e-09	9.832973546508583e-09	9.409575341123855e-09	9.397183475812199e-09	6.955247044970747e-09	8.330147238666541e-09	6.74441480441601e-09	8.271058504760731e-09	7.689720860071247e-09	9.889589591693948e-09	7.669598289794521e-09	5.870788299944252e-09	9.565326308802469e-09	9.163272807199974e-09	9.02437591321359e-09	7.780897703923983e-09	7.813184765836922e-09	9.68640279097599e-09	8.19781575955858e-09	9.60687884798972e-09	9.460705996389152e-09	7.320352324313717e-09	5.008615744372946e-09	9.305438197770854e-09	9.5520817922079e-09	6.4374319208582165e-09	9.817540558287874e-09	8.858336286721169e-09	6.197922175488202e-09	9.484750762567273e-09	5.180908146940055e-09	8.535693041267223e-09	7.620826636411948e-09	8.187527100744774e-09	7.892936082498636e-09	6.8754957283090334e-09	9.22210574572091e-09	7.797126500008744e-09	8.593815437052399e-09	9.767603614818654e-09	3.796401415456785e-09	9.852811899691005e-09	7.938837143228739e-09	8.341402235600981e-09	8.662766504130559e-09	7.328083029278787e-09	9.18626597012917e-09	9.311747817264404e-09	9.884189466902171e-09	9.25871290746727e-09	8.170893713266945e-09	0:44:01	13890
