	algorithm	#Fc	D	percFES	run_1	run_2	run_3	run_4	run_5	run_6	run_7	run_8	run_9	run_10	run_11	run_12	run_13	run_14	run_15	run_16	run_17	run_18	run_19	run_20	run_21	run_22	run_23	run_24	run_25	run_26	run_27	run_28	run_29	run_30	run_31	run_32	run_33	run_34	run_35	run_36	run_37	run_38	run_39	run_40	run_41	run_42	run_43	run_44	run_45	run_46	run_47	run_48	run_49	run_50	run_51	mean	elapsed_time	evals
0	CDE/best/1/bin	2	10	0.6	8.805756124274922e-09	8.694428288436029e-09	8.562807352063828e-09	8.103199888864765e-09	3.802938408625778e-09	9.595737537893001e-09	8.132161610774347e-09	7.884210617703502e-09	9.833087233346305e-09	7.17423631613201e-09	7.681251190660987e-09	7.474284302588785e-09	6.605461067010765e-09	9.374502951686736e-09	9.346990736958105e-09	9.5126324595185e-09	8.708269660928636e-09	7.174122629294288e-09	8.594980727139045e-09	9.314732096754597e-09	8.998767953016795e-09	6.2106266796035925e-09	8.167376108758617e-09	9.715478199723293e-09	7.615057029397576e-09	7.746962182864081e-09	8.801265494184918e-09	8.525319117325125e-09	8.303487675220822e-09	7.724167971900897e-09	9.375781928611104e-09	9.877453521767166e-09	9.277584922529059e-09	9.725226846057922e-09	9.59562385105528e-09	6.3842549025139306e-09	9.225942676494014e-09	9.928328381647589e-09	6.351598358378396e-09	6.8842211931041675e-09	8.77534489518439e-09	9.922985100274673e-09	5.410697667684872e-09	9.700812597657205e-09	5.9312696976121515e-09	7.94028665040969e-09	9.436405434826156e-09	6.0849174587929156e-09	9.757769703355734e-09	9.919830290527898e-09	9.06246100385033e-09	8.328492092058535e-09	0:45:03	13380
