	algorithm	#Fc	D	percFES	run_1	run_2	run_3	run_4	run_5	run_6	run_7	run_8	run_9	run_10	run_11	run_12	run_13	run_14	run_15	run_16	run_17	run_18	run_19	run_20	run_21	run_22	run_23	run_24	run_25	run_26	run_27	run_28	run_29	run_30	run_31	run_32	run_33	run_34	run_35	run_36	run_37	run_38	run_39	run_40	run_41	run_42	run_43	run_44	run_45	run_46	run_47	run_48	run_49	run_50	run_51	mean	elapsed_time	evals
0	CDE/best/1/bin	2	10	0.2	0.001833543572246299	1865.3290624881338	34.26748344133313	0.13569392835285043	0.0024710780197096938	0.0006214007849791869	182.9841323592932	0.7573421349728449	446.2802087255402	3.775018569740496e-06	9.935547495842911e-09	2.7304402617248513	9.64215018939285e-09	2857.2392322183255	9.30441501623136e-09	11623.723155738115	5.428713961919129e-06	170.89853211841967	0.08379026944612633	0.9034511648738714	1597849.7573913555	8.955964858614607e-09	9.535312983643962e-09	573446.2129148334	3.538460232439405	1.3664504194821347e-08	1.4940924643269682e-05	9.298418035541545e-09	725.1483463557734	0.3030117279279807	731.266043752775	19981.713036502795	332.53379106281045	3.3600190363358706e-07	7.851326699892525e-09	38694.90735395429	8.99700580703211e-09	1093.2379384472397	30919.35880270918	0.1745850228414838	234349.3836035953	962306.8114205109	0.0021464580897827545	2.6173889352776314e-05	0.000930551897283749	1.047398910714037e-06	3552.0841806286135	2724561.949519777	34.812209760536064	1.909328932470089e-05	0.00040969339508478697	121681.73595330758	5:44:26	20000
