	algorithm	#Fc	D	percFES	run_1	run_2	run_3	run_4	run_5	run_6	run_7	run_8	run_9	run_10	run_11	run_12	run_13	run_14	run_15	run_16	run_17	run_18	run_19	run_20	run_21	run_22	run_23	run_24	run_25	run_26	run_27	run_28	run_29	run_30	run_31	run_32	run_33	run_34	run_35	run_36	run_37	run_38	run_39	run_40	run_41	run_42	run_43	run_44	run_45	run_46	run_47	run_48	run_49	run_50	run_51	mean	elapsed_time	evals
0	CDE/best/1/bin	2	10	0.6	9.530651823297376e-09	9.08349306882883e-09	3.5097239106107736e-06	1.1134537174939396e-05	2356.3141178422547	0.00026903934451638634	7.829100923117949e-09	860.3681642190502	9.912042742143967e-09	478.7523722444646	3.899360791592699e-06	0.0015670245941521443	0.12438562642907414	1.857094389379199e-08	9.335877848570817e-09	9.69066604739055e-09	9.207639095620834e-09	9.03776253835531e-09	9.137323786490015e-09	9.869751238511526e-09	1.5013412166808848e-06	0.026370117026516482	8.234138704210636e-09	9.816432111620088e-09	4.626718350664305e-07	6.9133534452703316e-09	7.490456255254685e-09	0.026672217517955232	8.800583373158588e-09	9.692271191852342e-06	1.9454660105111543e-08	6.3179754761222284e-09	9.945891153527185	7.81022890805616e-09	9.968601943910471e-09	9.707321169116767e-09	7.1151339398056734e-06	0.139390212869273	1.2869492138634087e-08	5099.649216329146	1.671842016239026	126078796.41857861	2.543280572808726e-07	93288.6262042103	8.05988520369283e-09	369483941.69397074	9.51754941524996e-09	11.518392114732421	0.047429052413406225	8.77122374731698e-09	0.16322182864402635	9718918.538982203	11:17:07	60010
