	algorithm	#Fc	D	percFES	run_1	run_2	run_3	run_4	run_5	run_6	run_7	run_8	run_9	run_10	run_11	run_12	run_13	run_14	run_15	run_16	run_17	run_18	run_19	run_20	run_21	run_22	run_23	run_24	run_25	run_26	run_27	run_28	run_29	run_30	run_31	run_32	run_33	run_34	run_35	run_36	run_37	run_38	run_39	run_40	run_41	run_42	run_43	run_44	run_45	run_46	run_47	run_48	run_49	run_50	run_51	mean	elapsed_time	evals
0	CDE/best/1/bin	2	30	0.7	9.256325483875116e-09	9.800231737244758e-09	9.789545174498926e-09	9.622567631595302e-09	9.993698313337518e-09	9.942766610038234e-09	9.827658686845098e-09	9.859689953373163e-09	8.40609004626458e-09	8.86407747202611e-09	9.776954357221257e-09	8.306699328386458e-09	9.643656539992662e-09	9.710788617667276e-09	9.451639471080853e-09	9.51126821746584e-09	9.953481594493496e-09	9.717581406221143e-09	9.850026572166826e-09	9.991424576583086e-09	9.022443236972322e-09	9.998416317102965e-09	9.965532399291988e-09	9.839681069934159e-09	9.902493047775351e-09	9.945722467818996e-09	9.70396740740398e-09	9.981306448025862e-09	9.441180282010464e-09	9.585448879079195e-09	9.935092748492025e-09	9.51121137404698e-09	9.407472134626005e-09	9.643116527513484e-09	9.653831511968747e-09	9.29597376853053e-09	9.214716101269005e-09	9.698936764834798e-09	9.656304200689192e-09	8.515002036801889e-09	9.976332648875541e-09	9.844455917118466e-09	8.748742175157531e-09	9.434074854652863e-09	8.530406603313168e-09	9.672220357970218e-09	9.935376965586329e-09	9.564928404870443e-09	9.596305972081609e-09	9.16165276976244e-09	9.965845038095722e-09	9.561262004353921e-09	4:15:01	87780
