	algorithm	#Fc	D	percFES	run_1	run_2	run_3	run_4	run_5	run_6	run_7	run_8	run_9	run_10	run_11	run_12	run_13	run_14	run_15	run_16	run_17	run_18	run_19	run_20	run_21	run_22	run_23	run_24	run_25	run_26	run_27	run_28	run_29	run_30	run_31	run_32	run_33	run_34	run_35	run_36	run_37	run_38	run_39	run_40	run_41	run_42	run_43	run_44	run_45	run_46	run_47	run_48	run_49	run_50	run_51	mean	elapsed_time	evals
0	CDE/best/1/bin	2	30	0.4	9.903260433929972e-09	9.888196927931858e-09	9.448882565266103e-09	9.19609988159209e-09	8.725692168809474e-09	9.635186870582402e-09	9.035289849634864e-09	9.987985549742007e-09	9.96925564322737e-09	9.686715429779724e-09	9.556544000588474e-09	9.620094942874857e-09	9.987672910938272e-09	9.868415418168297e-09	9.321126981376437e-09	9.677876278146869e-09	9.477986395722837e-09	8.638579629405285e-09	9.897263453240157e-09	9.621459184927517e-09	9.632373121348792e-09	9.564161018715822e-09	9.680661605671048e-09	9.85733095149044e-09	9.8580414942262e-09	9.816460533329519e-09	9.678387868916616e-09	9.382830512549845e-09	9.626518249206129e-09	9.926679922500625e-09	9.977298986996175e-09	9.91218485069112e-09	8.298485454361071e-09	9.314618409916875e-09	9.481254892307334e-09	9.49157197283057e-09	9.698965186544228e-09	9.827374469750794e-09	9.815266821533442e-09	9.45775013860839e-09	9.7124939202331e-09	9.932392686096136e-09	9.878164064502926e-09	8.497750059177633e-09	9.24185883377504e-09	9.595481742508127e-09	9.859121519184555e-09	9.707719073048793e-09	9.962121794160339e-09	9.710703352538985e-09	9.667218137110467e-09	9.59229070901404e-09	4:37:56	75160
