	algorithm	#Fc	D	percFES	run_1	run_2	run_3	run_4	run_5	run_6	run_7	run_8	run_9	run_10	run_11	run_12	run_13	run_14	run_15	run_16	run_17	run_18	run_19	run_20	run_21	run_22	run_23	run_24	run_25	run_26	run_27	run_28	run_29	run_30	run_31	run_32	run_33	run_34	run_35	run_36	run_37	run_38	run_39	run_40	run_41	run_42	run_43	run_44	run_45	run_46	run_47	run_48	run_49	run_50	run_51	mean	elapsed_time	evals
0	CDE/best/1/bin	2	30	0.2	2.3077942898908077e-06	0.00025194118433091717	0.0003318245172749812	0.0013321790131328726	0.002773347514903435	0.00023218905977273607	18.1087151391134	0.0009488494084166632	2.7925442878995455e-05	7.485460002953914e-07	1116.9949313327872	0.0015056116439211564	2.6173176763677475e-06	9196.134247058915	2.4990085912398854	0.4758045428084188	1.4668267453998851e-06	2.026724270660054	1.995749556822517	2.881563412415744e-05	1.4951140769881022e-05	0.9627708994719626	0.02916091374180496	4.084926646896747e-05	0.010945346397761568	5.813049597236386e-08	6.781653979714974e-06	0.07745316401562263	2.2461335902335122e-06	1.747155188345289	3.4158326798205962e-06	0.0001534047446511977	1.0672166098402158e-05	4.488359894594396e-05	6.4459156732255e-05	0.01547133180318383	0.00011176183653560656	6.558780626164662e-06	0.00017074805410288718	2.078493238855117e-05	0.0018539133943136221	0.0006583195625751159	0.00016575829064890968	0.0003992739133309442	7.459297819423227e-07	7.110504043339461e-07	4.116226932637801e-07	153.35125345328538	0.00876317513385061	0.004621220864379438	2.395725613268951e-05	205.7736072485443	4:12:34	60020
