	algorithm	#Fc	D	percFES	run_1	run_2	run_3	run_4	run_5	run_6	run_7	run_8	run_9	run_10	run_11	run_12	run_13	run_14	run_15	run_16	run_17	run_18	run_19	run_20	run_21	run_22	run_23	run_24	run_25	run_26	run_27	run_28	run_29	run_30	run_31	run_32	run_33	run_34	run_35	run_36	run_37	run_38	run_39	run_40	run_41	run_42	run_43	run_44	run_45	run_46	run_47	run_48	run_49	run_50	run_51	mean	elapsed_time	evals
0	CDE/best/1/bin	2	30	0.1	10574.842910842972	7729.463521636512	651.9788248008632	2250.984986230806	385.23225569578153	23.727786401228343	28263.642622505842	212.56054720447457	1589.3761225866826	3963.903552232685	675.8623979611037	811.8032656571933	21.388911657549073	237.42305393520883	635.0930196579247	13700.710668488835	2856.770725218359	170.9841753479543	603.0280073306429	13059.049131041333	151.85965916668357	2.3154649306028716	0.20256946589870495	3805.5154524044656	50.40621708945437	854.7123726964442	568.8465786767855	4933.959949860644	240.62978000245118	15489.655607897916	1.5485811047581706	632.6375930413184	75.28518270656957	27674.506375251378	130.60471896489992	12581.369205334811	29.838169129639255	424.05861749664405	1505.8465719242856	1478.0811785385736	5793.373015368519	646.632842726606	10993.698408851791	6224.930021269963	4485.249556138173	129.64563821766723	913.1144352460824	11.899680132989147	1334.340615588234	9560.787041912872	2358.9252560287346	3951.0255459529376	2:01:20	30000
