	algorithm	#Fc	D	percFES	run_1	run_2	run_3	run_4	run_5	run_6	run_7	run_8	run_9	run_10	run_11	run_12	run_13	run_14	run_15	run_16	run_17	run_18	run_19	run_20	run_21	run_22	run_23	run_24	run_25	run_26	run_27	run_28	run_29	run_30	run_31	run_32	run_33	run_34	run_35	run_36	run_37	run_38	run_39	run_40	run_41	run_42	run_43	run_44	run_45	run_46	run_47	run_48	run_49	run_50	run_51	mean	elapsed_time	evals
0	CDE/best/1/bin	2	30	0.01	2052351686.0921066	1610006654.8960834	3191063884.934007	2067974442.6679301	857117438.5661733	2659163745.09036	2835786863.7066655	2045384236.765679	4510821797.215313	3148361564.211827	1663439011.8316793	2565831678.3833714	1287947166.7104635	3790289554.8525057	1549984143.2140303	8432166287.268065	1297874677.4447694	1333666150.6854246	4293890594.9534364	3998737132.325789	3676151855.5385394	1086221128.869746	1262969935.7711608	4326451681.27429	1771952003.7554936	789921180.6165134	1620750052.294897	2656967936.5868692	1750169431.9985433	2135156013.3460262	1861725410.2254405	1649603685.968473	1882699362.0205855	3664558133.992412	1628225899.507333	2432673763.9909296	4302134592.984058	2328740035.571472	3374964877.6845536	1294375628.9062133	2067975442.2302406	2156822804.3005457	1335471239.0781133	2358150978.277938	1366025478.9068065	2565549980.2234282	3648830591.997286	1812429604.5879853	2168298698.400035	2269075934.888318	2741348912.499747	2454475509.570778	0:10:20	3000
