	algorithm	#Fc	D	percFES	run_1	run_2	run_3	run_4	run_5	run_6	run_7	run_8	run_9	run_10	run_11	run_12	run_13	run_14	run_15	run_16	run_17	run_18	run_19	run_20	run_21	run_22	run_23	run_24	run_25	run_26	run_27	run_28	run_29	run_30	run_31	run_32	run_33	run_34	run_35	run_36	run_37	run_38	run_39	run_40	run_41	run_42	run_43	run_44	run_45	run_46	run_47	run_48	run_49	run_50	run_51	mean	elapsed_time	evals
0	CDE/best/1/bin	2	30	0.9	9.762715080796625e-09	9.102706144403783e-09	9.855142479864298e-09	9.916789167618845e-09	9.53377821133472e-09	9.358274155601976e-09	9.923724064719863e-09	9.883166285362677e-09	8.82110384736734e-09	8.802231832305552e-09	9.678245760369464e-09	9.493192010268103e-09	9.801567557587987e-09	9.995176242227899e-09	9.998188943427522e-09	9.764789865585044e-09	9.859604688244872e-09	9.569248504703864e-09	9.652865173848113e-09	9.663693845141097e-09	9.957432212104322e-09	9.627854069549358e-09	9.91153115137422e-09	9.764875130713335e-09	9.953453172784066e-09	8.755364433454815e-09	8.554678743166733e-09	9.948763590728049e-09	9.94882043414691e-09	9.96854510049161e-09	9.996426797442837e-09	9.557538760418538e-09	9.930687383530312e-09	9.298219083575532e-09	9.91792603599606e-09	8.893948688637465e-09	9.460990213483456e-09	9.655337862568558e-09	9.847667570284102e-09	9.489781405136455e-09	9.291824198953691e-09	9.931454769684933e-09	9.864237426882028e-09	9.724033134261845e-09	8.818915375741199e-09	9.870831263469881e-09	9.868443839877727e-09	9.570698011884815e-09	9.945466672434122e-09	9.850879223449738e-09	9.976588444260415e-09	9.639008197279741e-09	4:16:52	73590
