	algorithm	#Fc	D	percFES	run_1	run_2	run_3	run_4	run_5	run_6	run_7	run_8	run_9	run_10	run_11	run_12	run_13	run_14	run_15	run_16	run_17	run_18	run_19	run_20	run_21	run_22	run_23	run_24	run_25	run_26	run_27	run_28	run_29	run_30	run_31	run_32	run_33	run_34	run_35	run_36	run_37	run_38	run_39	run_40	run_41	run_42	run_43	run_44	run_45	run_46	run_47	run_48	run_49	run_50	run_51	mean	elapsed_time	evals
0	CDE/best/1/bin	2	30	0.3	9.548415391691378e-09	9.275368029193487e-09	9.810548817767994e-09	8.430902198597323e-09	2.8889610348414863e-06	7.452068274460544e-06	9.062316053132236e-08	9.862162642093608e-09	9.00192276276357e-09	9.816659485295531e-09	9.429953706785454e-09	2.0049566273883102e-07	9.211078122461913e-09	8.96528717930778e-09	9.733952310853056e-09	9.856506721916958e-09	9.229637498719967e-09	9.809156154005905e-09	2.2335348717206216e-06	1.5638249806215754e-08	9.988696092477767e-09	7.010775703975014e-06	8.459666958060552e-06	9.734890227264259e-09	6.972887814526985e-05	1.215356576267368e-06	7.977690444249674e-06	3.0654295812837518e-06	9.948763590728049e-09	9.943391887645703e-09	9.33181354412227e-09	9.822372248891043e-09	9.587154181645019e-09	9.810293022383121e-09	9.984410098695662e-08	9.997592087529483e-09	8.424564157394343e-09	1.9076249373028986e-05	9.855540383796324e-09	2.7451147843748913e-07	0.0010062384199045482	9.912866971717449e-09	9.711612847240758e-09	5.9677369108612766e-06	9.480544349571574e-09	1.0833829833245545e-05	4.5173834450906725e-08	9.068202189155272e-09	9.610289453121368e-09	9.583374094290775e-09	9.725710015118239e-09	2.2611380457277063e-05	4:47:31	80230
