	algorithm	#Fc	D	percFES	run_1	run_2	run_3	run_4	run_5	run_6	run_7	run_8	run_9	run_10	run_11	run_12	run_13	run_14	run_15	run_16	run_17	run_18	run_19	run_20	run_21	run_22	run_23	run_24	run_25	run_26	run_27	run_28	run_29	run_30	run_31	run_32	run_33	run_34	run_35	run_36	run_37	run_38	run_39	run_40	run_41	run_42	run_43	run_44	run_45	run_46	run_47	run_48	run_49	run_50	run_51	mean	elapsed_time	evals
0	CDE/best/1/bin	6	10	0.2	1.2903313403759284	0.47513008847511173	1.8275676952115418	0.8606075396838833	1.1695524114506952	0.9841783809164326	0.01767053629566817	4.872680029832509	0.8945463738754142	0.03709431986715117	1.5452190529600784	1.9164623270438597	0.14862808886505263	3.489705550709914	0.0002502564477708802	0.0010381753112369552	0.000282641702597175	3.0000211724092196	2.4784797593740677	4.319442517852849	0.030978997117927065	0.004114577430527788	4.314415491535328e-09	1.5015260656718965	0.33974376131698136	4.968187169599219	0.053269672596115925	0.03397432018687141	0.2548855258860385	3.917122178997488	0.0659771339649069	7.963762982399203e-09	2.6521902586473516	0.05902244496166986	3.0052875274921007	1.5010418034684108	2.691973516644339	1.6005332099666703e-05	0.9002726357067559	1.543399285157193	0.649031536733105	2.824466309903073e-05	0.00411457778602653	3.346299875477598	2.3398429081603354	0.004666888632186783	1.0996429219202355	0.025842957581403425	0.18942372091635207	0.5767681351107967	1.031862782031908	1.2180273666692176	5:40:52	20010
