	algorithm	#Fc	D	percFES	run_1	run_2	run_3	run_4	run_5	run_6	run_7	run_8	run_9	run_10	run_11	run_12	run_13	run_14	run_15	run_16	run_17	run_18	run_19	run_20	run_21	run_22	run_23	run_24	run_25	run_26	run_27	run_28	run_29	run_30	run_31	run_32	run_33	run_34	run_35	run_36	run_37	run_38	run_39	run_40	run_41	run_42	run_43	run_44	run_45	run_46	run_47	run_48	run_49	run_50	run_51	mean	elapsed_time	evals
0	CDE/best/1/bin	6	10	0.9	0.9842127154906848	0.004069806546226573	1.353825056787855	0.2625299970454762	0.6386179076212102	0.00025715860999753204	0.13186029711596348	1.5689085874857938	1.5763678272412562	1.000421616971721	0.20204158504066072	0.0020572891648953373	8.880419954948593e-09	1.5	0.11563743550902927	0.9921847117308289	0.0005143212414395748	1.4515797655201368	0.13182818159987164	1.5304290765429869	0.07429341116016985	3.0045187447523176	0.1315710229898741	9.109271559282206e-09	0.1205518539265995	1.500112968621579	7.8745524660917e-06	3.2115516205522e-05	0.9839555568809146	7.632479537278414e-09	0.00046599543486536277	0.06685129832089842	0.7528992430605967	1.050822828805849	1.983273940113122	1.5144599273128279	8.19284196040826e-09	0.1315710229898741	0.16448647699121466	1.7932327125536176	1.5687334334362504	1.0004137424191413	3.593529198575766	1.5002606627754176	0.5261789292027288	0.0668591711011004	6.427718278700922e-05	0.5771104124439717	0.8955879200062782	1.7813023544773614	0.2371496025352826	0.7542674523376495	4:20:03	90010
