	algorithm	#Fc	D	percFES	run_1	run_2	run_3	run_4	run_5	run_6	run_7	run_8	run_9	run_10	run_11	run_12	run_13	run_14	run_15	run_16	run_17	run_18	run_19	run_20	run_21	run_22	run_23	run_24	run_25	run_26	run_27	run_28	run_29	run_30	run_31	run_32	run_33	run_34	run_35	run_36	run_37	run_38	run_39	run_40	run_41	run_42	run_43	run_44	run_45	run_46	run_47	run_48	run_49	run_50	run_51	mean	elapsed_time	evals
0	CDE/best/1/bin	6	10	0.5	5.648428373206116e-05	0.2624735127618578	6.427718278700922e-05	0.8103258676450196	0.00025715860999753204	1.5763678272415973	0.008237018237082339	9.925543054123409e-09	1.879531985517815	0.16911537565761137	9.979203241528012e-09	0.045393381666144705	1.702824221213973	0.11563743550902927	0.2625299970455899	0.8945432708432008	0.5334351641751027	0.39405159573345827	0.0036149956663393823	0.8945432708432008	1.500007874552466	0.06582265406575516	0.8945432708432008	1.878110948270887	0.0009703649650418811	9.34517174755456e-09	0.07059462337224431	4.056798076074074	0.5251044400105229	1.4432373428256824	0.00026125915258035093	0.23110670947517065	0.5199615521154328	9.820723789744079e-09	2.220081761872734	0.1315710229898741	0.36261642419572127	1.5763800644128878	0.2660885084280835	0.008229143684616247	0.28199484563629085	0.29026135074468584	3.028919447022872	9.740006134961732e-09	0.9787290150464969	1.846320740076976	1.7353182506369649	2.8242080134077696e-05	0.008229143684616247	1.0497782109466698	0.8945592757512486	0.694482891207414	2:58:50	50010
