	algorithm	#Fc	D	percFES	run_1	run_2	run_3	run_4	run_5	run_6	run_7	run_8	run_9	run_10	run_11	run_12	run_13	run_14	run_15	run_16	run_17	run_18	run_19	run_20	run_21	run_22	run_23	run_24	run_25	run_26	run_27	run_28	run_29	run_30	run_31	run_32	run_33	run_34	run_35	run_36	run_37	run_38	run_39	run_40	run_41	run_42	run_43	run_44	run_45	run_46	run_47	run_48	run_49	run_50	run_51	mean	elapsed_time	evals
0	CDE/best/1/bin	6	10	0.2	0.01766702174211332	1.5020643493357966	1.6973936770556293	0.0004678794538222064	0.02010696849526994	0.003085933421516529	0.8798892789341153	1.5939058854338555	6.3544266140525e-05	0.24726494280412226	1.5084229615461027	0.722783942962451	0.28255968880273485	9.81094672170002e-09	2.3373927342186107	9.407017387275118e-09	0.03291545402407792	0.28199484563697297	5.676724867953453e-09	0.5200371026566017	2.485806895033079	1.5000160049081614	1.507305245251132	0.043403253796896024	7.096105036907829e-09	1.2158370425107705	1.5	1.5090735032858902	0.008743464926510569	0.08228083960409549	8.919073479773942e-09	1.600490816144884e-05	0.459288845935248	1.5000000000338787	1.763377261849314	0.40386713979296474	0.033819203087659844	0.45933827022827245	9.670770850789268e-09	8.238203008659184e-09	0.9108671805523727	8.701363185537048e-09	0.2624770211110672	0.9839555686002086	3.2115516205522e-05	8.78378614288522e-09	1.568404770787538	0.23201425475610904	1.5000078747253838	0.057835225622056896	0.4458360401789605	0.6290513590999188	1:23:49	20020
