	algorithm	#Fc	D	percFES	run_1	run_2	run_3	run_4	run_5	run_6	run_7	run_8	run_9	run_10	run_11	run_12	run_13	run_14	run_15	run_16	run_17	run_18	run_19	run_20	run_21	run_22	run_23	run_24	run_25	run_26	run_27	run_28	run_29	run_30	run_31	run_32	run_33	run_34	run_35	run_36	run_37	run_38	run_39	run_40	run_41	run_42	run_43	run_44	run_45	run_46	run_47	run_48	run_49	run_50	run_51	mean	elapsed_time	evals
0	CDE/best/1/bin	6	10	0.6	1.994136263233031	1.1255547940683073	0.057838740082615914	8.13736278360011e-09	1.0486914184241414	0.014524158345238902	0.0036149956663393823	0.009323708598344638	0.4675250505210897	0.4743053255531322	2.1466318560012496	0.06431704309466113	0.00014546174577390047	0.28886944585087804	3.0010286442551433	0.03075931244018193	0.4613390751096631	1.76263420305429	3.3402312324396917	0.016490195354776915	1.5001285747763404	1.0461411958131066	0.991185543181814	9.943505574483424e-09	0.2811926380514933	0.007229986300899327	1.5041145774249571	0.33705040270820064	1.047158240852582	1.5145164115961052	1.9716390780495203	0.00025715860977015836	0.01234372110957338	9.466475603403524e-09	0.8945432708432008	4.4736409529148204	0.9300051743772428	2.315756765653873	0.26260208753819825	0.9298765897320891	0.11756982885026446	2.4842744418091343	4.530421201990407	1.2500440653089981	0.4891049820537319	8.810729923425242e-09	1.753056479911038	1.500408135395901	0.2627487356932079	0.00025715860999753204	3.51445942214923e-06	0.955200624976716	3:27:23	60010
