	algorithm	#Fc	D	percFES	run_1	run_2	run_3	run_4	run_5	run_6	run_7	run_8	run_9	run_10	run_11	run_12	run_13	run_14	run_15	run_16	run_17	run_18	run_19	run_20	run_21	run_22	run_23	run_24	run_25	run_26	run_27	run_28	run_29	run_30	run_31	run_32	run_33	run_34	run_35	run_36	run_37	run_38	run_39	run_40	run_41	run_42	run_43	run_44	run_45	run_46	run_47	run_48	run_49	run_50	run_51	mean	elapsed_time	evals
0	CDE/best/1/bin	6	10	0.4	0.9848593059670065	0.8963648898474048	3.5325344096130493	9.619270713301376e-09	2.4930881372659996	1.0630193462346824	0.0002408717783737302	0.1315940878805577	0.01647458337140506	0.02124509270765884	1.8633251541989466	3.6572798388755245	1.609612819068957	1.5763518223330948	0.017615019617210237	2.3550341812956503	0.000552096476440056	0.03689040527740417	9.694986147223972e-09	0.785349040830738	0.4604394154195006	1.5862103020324412	0.002209175167763533	0.004178936261041599	1.018202992190254	7.874552579778538e-06	0.5189329078604032	2.5452123368675075	1.500064277182787	0.9839555568809146	0.5189329078604032	9.694645086710807e-09	9.453401617065538e-09	0.1340496258890198	0.27430577289021585	0.02895674876265275	1.4135204256918996	1.1156616519365343	0.0037417824729573113	0.016465333105543323	1.5072942634835726	0.016597427130818687	7.059982522150676e-06	0.533631681264751	0.8968265170074119	0.0036149956663393823	0.28200272018864325	8.16612555354368e-09	1.0497782109466698	2.491185543181814	0.00048399006004729017	0.7832921878667753	2:34:33	40020
