	algorithm	#Fc	D	percFES	run_1	run_2	run_3	run_4	run_5	run_6	run_7	run_8	run_9	run_10	run_11	run_12	run_13	run_14	run_15	run_16	run_17	run_18	run_19	run_20	run_21	run_22	run_23	run_24	run_25	run_26	run_27	run_28	run_29	run_30	run_31	run_32	run_33	run_34	run_35	run_36	run_37	run_38	run_39	run_40	run_41	run_42	run_43	run_44	run_45	run_46	run_47	run_48	run_49	run_50	run_51	mean	elapsed_time	evals
0	CDE/best/1/bin	6	10	0.8	0.04027702615826456	0.9860018211057877	1.5	0.011650280699655013	0.263893189946657	1.7340715456659836	6.423103218367032e-05	1.5	0.001028644255029576	1.5	1.5329154540013405	0.03676935799990133	0.9839555568809146	1.7157301385850587e-05	8.341430657310411e-09	0.9038089333351991	0.5189329078604032	3.51445942214923e-06	1.0906189421799581	1.0996008771360266	0.002060685673200169	0.9935903552294576	0.1315710229898741	0.00916237964213451	0.4597336604889506	9.80389813776128e-09	0.0005143212414395748	2.493242831691987	0.0077295730912965155	3.349612722115353	0.8945432708430872	1.5001285747762267	1.5018074981121572	1.600490816144884e-05	2.6164035019949097	1.7624735127617441	0.5265608294351978	1.5726331944367757	0.13160549655196974	2.5503399379385883	1.9640482169886582	0.26274955892176877	1.6004908388822514e-05	9.113932719628792e-09	0.28820078567548535	2.8302762969578907	0.0001285747763404288	0.02907626387923301	0.0009037490860919206	3.792639464387321	0.5189650233767225	0.860673387846231	4:08:43	80010
