	algorithm	#Fc	D	percFES	run_1	run_2	run_3	run_4	run_5	run_6	run_7	run_8	run_9	run_10	run_11	run_12	run_13	run_14	run_15	run_16	run_17	run_18	run_19	run_20	run_21	run_22	run_23	run_24	run_25	run_26	run_27	run_28	run_29	run_30	run_31	run_32	run_33	run_34	run_35	run_36	run_37	run_38	run_39	run_40	run_41	run_42	run_43	run_44	run_45	run_46	run_47	run_48	run_49	run_50	run_51	mean	elapsed_time	evals
0	CDE/best/1/bin	6	30	0.01	33.674399674743995	38.60956326062944	27.20620525666925	31.835769179272347	31.34803541791962	31.26843621088858	35.94882969165985	29.291596089728273	23.68947542501087	35.446916101809165	30.31583215245405	35.87181964065576	27.176600492411694	32.447052125011965	31.83841973823769	28.091989618336697	22.49700248973022	33.9864358777113	31.348566066089347	24.264541697483764	40.66990529137206	24.787044422862436	31.414447008095294	29.270852199663295	34.57604449638757	37.092019159391384	26.259802762026652	26.909467605138502	27.225392808101788	23.014886545879904	27.609709893984245	29.553123228685877	31.63218045409303	23.80670724287768	32.27264765062944	23.699152410749434	31.26221644124746	30.090696122391932	27.69552415757323	32.77212819358567	32.98131594819313	33.28111285182024	35.88014949622698	30.89158521781974	33.8975544171293	27.844579734649074	30.488453591651478	25.902965146295287	24.561728641155014	24.644152286033318	26.428680719497947	30.089680634346323	0:11:33	3000
