	algorithm	#Fc	D	percFES	run_1	run_2	run_3	run_4	run_5	run_6	run_7	run_8	run_9	run_10	run_11	run_12	run_13	run_14	run_15	run_16	run_17	run_18	run_19	run_20	run_21	run_22	run_23	run_24	run_25	run_26	run_27	run_28	run_29	run_30	run_31	run_32	run_33	run_34	run_35	run_36	run_37	run_38	run_39	run_40	run_41	run_42	run_43	run_44	run_45	run_46	run_47	run_48	run_49	run_50	run_51	mean	elapsed_time	evals
0	CDE/best/1/bin	6	30	0.1	14.796186199989847	11.983819734504891	7.544562703647443	16.601458297464887	9.331507336180266	8.857850923226351	10.152563173315002	11.638723201058042	16.229880732589436	11.97332131240546	7.177759143027288	14.45984591782144	14.724827955468413	13.120226717748324	14.86671176968116	8.704811894312456	14.481290780352197	18.429346945260022	14.856258489155834	18.23898702509564	9.589425011148705	15.491152728591828	13.726626439125653	12.474196012271932	7.083687918067653	14.374760215883839	16.17217919723396	9.625988096153606	9.823516349531246	14.313365280463927	8.331565652493055	13.643371615531578	8.722849282465745	14.434577366890949	13.57228117738805	17.4954968513764	12.211160596233071	11.359618723604854	9.891822787658498	16.302791575900528	9.609884374813873	9.286647312249556	11.722127601290481	13.122675707608892	12.842363917993794	20.099605180611547	17.808994759010375	16.680238098893938	12.778549615689712	7.302314799108217	14.146453842067672	12.788435849797207	2:27:08	30020
