	algorithm	#Fc	D	percFES	run_1	run_2	run_3	run_4	run_5	run_6	run_7	run_8	run_9	run_10	run_11	run_12	run_13	run_14	run_15	run_16	run_17	run_18	run_19	run_20	run_21	run_22	run_23	run_24	run_25	run_26	run_27	run_28	run_29	run_30	run_31	run_32	run_33	run_34	run_35	run_36	run_37	run_38	run_39	run_40	run_41	run_42	run_43	run_44	run_45	run_46	run_47	run_48	run_49	run_50	run_51	mean	elapsed_time	evals
0	CDE/best/1/bin	6	30	0.4	13.044564677407607	11.054457474446167	18.368487766914882	5.7814963556843395	10.89374240988036	13.8568780216616	16.47481486993388	14.572733352805471	9.995798713967929	11.390572458982092	14.654255637978736	15.116901766911383	9.347244333795516	10.114783714642385	11.115121884456698	12.088591296952131	18.552076986546012	11.729932825250216	10.659613084900684	12.511454671524234	13.933202065131013	12.820776393755068	17.27017552314487	8.050675810072903	17.81873578569298	11.924086244389628	14.321504641991623	10.762768382948025	19.107135239646368	9.659792901818605	19.07641187930483	12.82577641345813	12.052703749781244	12.494029557499857	13.347677211676682	19.913207383604004	11.55700969715042	9.66592698016575	12.60902413446388	19.499713712912808	11.577088276698646	13.334491381092334	10.894884952057282	9.127092750060342	14.621575184359813	9.085527946774505	11.886511146868429	13.80677144518097	9.254297348632008	9.855050674007998	14.37854160628251	12.899131151475801	8:46:52	120010
