	algorithm	#Fc	D	percFES	run_1	run_2	run_3	run_4	run_5	run_6	run_7	run_8	run_9	run_10	run_11	run_12	run_13	run_14	run_15	run_16	run_17	run_18	run_19	run_20	run_21	run_22	run_23	run_24	run_25	run_26	run_27	run_28	run_29	run_30	run_31	run_32	run_33	run_34	run_35	run_36	run_37	run_38	run_39	run_40	run_41	run_42	run_43	run_44	run_45	run_46	run_47	run_48	run_49	run_50	run_51	mean	elapsed_time	evals
0	CDE/best/1/bin	6	30	1.0	9.459467519300574	15.861932575668334	16.726147968286114	16.963193333948766	19.32505710326791	14.879864482022185	9.571485111256834	19.547504173370726	15.047666298785316	9.100555026322809	15.387961820860596	11.776844434142845	8.81945333237752	14.95285208477253	11.840125420211962	10.839500674793499	7.46443230708428	11.83638036778234	8.108218430904003	12.104556340779254	10.669300650037712	18.55463179705987	10.12994649240818	14.053541160312989	16.395247145338885	14.408701022579635	9.785278648151007	12.826972927236625	9.143567141932749	14.283123913852933	10.278282443063745	11.469070076429261	16.059468570572335	11.889971861374761	10.770065949581635	12.595064757014256	16.50289302408214	17.54918897762923	10.607917303431009	10.682151252460244	13.645625850701322	13.276135755140444	18.2047448826238	11.19915485810452	8.8182747080848	12.804056514538615	11.435455509633925	12.271643956396133	13.24140260370973	11.627071809921176	11.131369068267986	12.861225871325686	16:08:27	300000
