	algorithm	#Fc	D	percFES	run_1	run_2	run_3	run_4	run_5	run_6	run_7	run_8	run_9	run_10	run_11	run_12	run_13	run_14	run_15	run_16	run_17	run_18	run_19	run_20	run_21	run_22	run_23	run_24	run_25	run_26	run_27	run_28	run_29	run_30	run_31	run_32	run_33	run_34	run_35	run_36	run_37	run_38	run_39	run_40	run_41	run_42	run_43	run_44	run_45	run_46	run_47	run_48	run_49	run_50	run_51	mean	elapsed_time	evals
0	CDE/best/1/bin	6	30	0.6	12.365391981877906	18.779060487575293	11.324082929379074	18.54728992495052	16.376896358000522	7.989975506576457	9.349082037520247	15.318564368230682	7.897724735832412	13.758047967197854	9.833385837348146	10.16290140106139	15.116875966617386	9.513108763821037	20.375345394435612	12.0631784381967	14.282337765228021	16.80956639468991	11.240150073895961	12.962561813856155	9.822923888223045	16.15285489106293	10.185181321826803	11.23213802890632	12.989975642266586	11.81864430810549	7.057328728295829	13.577595808233696	16.579953860820297	12.186665288143331	13.973692630523601	14.006869919672113	13.594898084802367	15.07193616150596	15.550194340039639	17.19755311782501	12.032922577114164	14.85172918190949	15.684314400039284	11.720831504008515	18.583864379606894	14.504889364288147	10.628577927303581	13.518135247910436	14.332743540056072	9.671133292659533	9.485263721477622	11.055880095529574	10.703418930294902	9.151821962974964	14.648574471485404	13.051726171827507	11:57:57	180000
