	algorithm	#Fc	D	percFES	run_1	run_2	run_3	run_4	run_5	run_6	run_7	run_8	run_9	run_10	run_11	run_12	run_13	run_14	run_15	run_16	run_17	run_18	run_19	run_20	run_21	run_22	run_23	run_24	run_25	run_26	run_27	run_28	run_29	run_30	run_31	run_32	run_33	run_34	run_35	run_36	run_37	run_38	run_39	run_40	run_41	run_42	run_43	run_44	run_45	run_46	run_47	run_48	run_49	run_50	run_51	mean	elapsed_time	evals
0	CDE/best/1/bin	6	30	0.3	15.84113537177484	16.608476706859392	11.210655547573424	12.246826545683234	11.987185566385278	17.609983860829402	14.52495830505336	11.13677109799221	19.961698875583238	12.619754782586028	14.946274213359175	10.489090365168863	17.967582568964417	12.84231254593567	14.42796610881885	12.946878870444493	11.985888033354854	15.263605211365302	14.082316259295453	9.763358493074634	14.733854289767805	11.201740095700188	11.115711950171885	10.933271642630757	7.4225933197528775	15.800741380838645	10.836192655657896	12.393217719850782	10.371934735221885	14.014418991366142	11.635908145269923	12.230784666915497	10.749821621909177	13.265896907164574	15.149943004630586	11.501932978838113	12.630072424945183	12.935435714290861	14.307598683440801	11.02211478536185	14.450813444481923	13.072859959376615	14.97968154241346	13.943569004012943	9.857831133821264	13.275101713566642	6.740212993741579	12.805690821885605	9.620248592434223	13.457576571917457	15.835698851834877	12.955984111241454	6:59:05	90010
