	algorithm	#Fc	D	percFES	run_1	run_2	run_3	run_4	run_5	run_6	run_7	run_8	run_9	run_10	run_11	run_12	run_13	run_14	run_15	run_16	run_17	run_18	run_19	run_20	run_21	run_22	run_23	run_24	run_25	run_26	run_27	run_28	run_29	run_30	run_31	run_32	run_33	run_34	run_35	run_36	run_37	run_38	run_39	run_40	run_41	run_42	run_43	run_44	run_45	run_46	run_47	run_48	run_49	run_50	run_51	mean	elapsed_time	evals
0	CDE/best/1/bin	6	30	0.7	11.307179843477115	16.4812898144329	11.898050289657704	21.96335869739005	17.757441258801464	20.39894612214539	13.946910524964096	13.808241958313943	10.773318973329651	13.60657598692967	13.894573987873287	14.458316578202243	16.86438262248498	13.269607532634609	12.532756519109284	6.794832300859639	12.75732109707701	10.786641076168962	15.78416850713154	9.721817290363447	13.099038273452834	11.383341675907445	15.142895181680046	12.275759875499944	8.091035864947003	15.411681135397657	15.450283509483938	12.435432475022594	12.226672490761302	8.750067357741045	16.254710121917014	20.19511262132164	13.252680512527377	8.704411432814254	15.901302997015478	16.89377170487103	16.320774428530854	11.763627444884946	10.491605233586824	8.127577884379207	13.74061560585585	17.371567045640063	8.967070747082289	11.051486445228193	11.175754400016103	15.376185579248045	12.071763327186204	15.286637752324054	11.67630000028862	11.505469346208884	10.003607156178191	13.317724913889135	13:09:40	210010
