	algorithm	#Fc	D	percFES	run_1	run_2	run_3	run_4	run_5	run_6	run_7	run_8	run_9	run_10	run_11	run_12	run_13	run_14	run_15	run_16	run_17	run_18	run_19	run_20	run_21	run_22	run_23	run_24	run_25	run_26	run_27	run_28	run_29	run_30	run_31	run_32	run_33	run_34	run_35	run_36	run_37	run_38	run_39	run_40	run_41	run_42	run_43	run_44	run_45	run_46	run_47	run_48	run_49	run_50	run_51	mean	elapsed_time	evals
0	CDE/best/1/bin	6	30	0.2	9.355995802623056	10.897295508599086	10.563793049580454	11.857181197772434	9.23585448951485	13.889184226720886	12.618562198812924	11.462863728016032	8.94956399005855	12.68634640095297	7.45225292001669	13.76719759262619	11.579721432449332	16.608765324474803	14.514501049582805	9.035376005540684	13.427305521812855	11.90300210210171	14.82701870672895	13.251974427466735	10.982156704065346	12.478087903894675	14.849336886874426	14.600116173951278	13.438654489012492	12.99504941000464	8.680509331898975	15.812281822579394	13.81225277558724	22.40669024321801	17.365834840592015	5.068317014908075	13.939280926781407	13.976109240170558	11.937389543393806	17.53174318069466	8.787212243695194	13.589618651933165	13.500082761774024	17.285880963449813	16.113407676307588	11.395029264294408	9.195131830643959	17.765001003625343	18.31722399809189	14.449285111874815	15.265451264665217	18.024144156238663	15.380358461673836	13.402671437917206	14.838446849324328	13.23659827134487	4:50:50	60010
