	algorithm	#Fc	D	percFES	run_1	run_2	run_3	run_4	run_5	run_6	run_7	run_8	run_9	run_10	run_11	run_12	run_13	run_14	run_15	run_16	run_17	run_18	run_19	run_20	run_21	run_22	run_23	run_24	run_25	run_26	run_27	run_28	run_29	run_30	run_31	run_32	run_33	run_34	run_35	run_36	run_37	run_38	run_39	run_40	run_41	run_42	run_43	run_44	run_45	run_46	run_47	run_48	run_49	run_50	run_51	mean	elapsed_time	evals
0	CDE/best/1/bin	6	30	0.8	13.551259653756688	12.558502804874706	11.668611200052851	14.173715858924652	11.75326012156927	15.158030630806593	10.784814938565432	12.865055679233137	6.110554922766141	12.613868582854707	9.971644198018794	16.81641253901762	11.721942722860604	7.713495886028454	14.199945684153136	9.229843447316625	14.20722319310164	13.017036802244093	4.996595231568563	8.778475335667963	10.842838449695364	14.472437463069241	15.142828778948115	19.11864317002471	10.833849248358206	12.74126270065085	11.436270066336192	9.12466003879888	21.481600648639755	11.187579890734014	15.438949326031434	9.710095099192813	5.212496341730798	15.835950300591549	13.634858369421863	8.66405302583064	9.912352309772245	14.583540999494517	17.05576652391335	13.192239070259575	11.809954144925086	21.51931710655549	15.553752501507802	16.168596224950306	13.166524039283331	20.224812369789106	18.493717170546347	8.712255863418022	9.625876332634903	17.278537199223138	16.546864930961306	12.95319155173864	14:16:29	240010
