	algorithm	#Fc	D	percFES	run_1	run_2	run_3	run_4	run_5	run_6	run_7	run_8	run_9	run_10	run_11	run_12	run_13	run_14	run_15	run_16	run_17	run_18	run_19	run_20	run_21	run_22	run_23	run_24	run_25	run_26	run_27	run_28	run_29	run_30	run_31	run_32	run_33	run_34	run_35	run_36	run_37	run_38	run_39	run_40	run_41	run_42	run_43	run_44	run_45	run_46	run_47	run_48	run_49	run_50	run_51	mean	elapsed_time	evals
0	CDE/best/1/bin	6	30	0.5	21.890164358430752	19.204688083017118	7.1615892639615595	13.990550251853278	12.253714533981793	15.72689367975056	11.161548763261521	13.922248541714566	10.105353319674691	7.007824445730648	16.379459916092856	10.889349224862258	19.018685185993718	9.386284098215015	18.374341281027682	12.102167377829232	8.42188450950357	15.033415965335962	15.965037140990717	18.12365078810069	6.592056709107737	17.867038221346093	14.748672938775144	14.394960532098935	13.910155358610382	8.455541391785573	17.421599935137692	16.966244125971002	13.95881657572204	10.968005042138316	13.828141699951175	17.608859269790855	8.210177647334604	9.035481665059365	8.615722510846922	19.558647123250125	13.372751262979705	8.953916888926528	15.34404767919716	10.782514888958076	7.7451598250100915	12.501319714538567	14.327601289531458	13.637722399450013	9.27591899004517	19.463565407380656	14.93543640498092	13.672134911636817	12.520109977494826	12.59904484357071	14.501892179586434	13.370433492932182	10:34:15	150000
