	algorithm	#Fc	D	percFES	run_1	run_2	run_3	run_4	run_5	run_6	run_7	run_8	run_9	run_10	run_11	run_12	run_13	run_14	run_15	run_16	run_17	run_18	run_19	run_20	run_21	run_22	run_23	run_24	run_25	run_26	run_27	run_28	run_29	run_30	run_31	run_32	run_33	run_34	run_35	run_36	run_37	run_38	run_39	run_40	run_41	run_42	run_43	run_44	run_45	run_46	run_47	run_48	run_49	run_50	run_51	mean	elapsed_time	evals
0	CDE/best/1/bin	7	30	0.2	8.96045548870461e-09	9.93190951703582e-09	9.422819857718423e-09	0.009864672061212332	9.523546395939775e-09	0.027051681251919035	9.479094842390623e-09	0.044268166908636886	0.0073960403343562575	9.93475168797886e-09	0.03441336289733954	9.597897587809712e-09	9.100858733290806e-09	0.05132555613306522	0.014779776755062812	0.0073960403343562575	0.007396040334242571	0.054108234415025436	0.014772407723057768	9.774453246791381e-09	9.234327080775984e-09	9.71806457528146e-09	0.007396040334242571	9.809696166485082e-09	0.036798929628503174	0.04670013141264917	9.964082892111037e-09	9.947939361154567e-09	9.423160918231588e-09	9.73705027718097e-09	0.01232098887533084	9.626774044591002e-09	9.41281541599892e-09	0.048983376525484346	0.009857284608415284	9.767632036528084e-09	0.014772407723057768	0.03929918245182762	0.046653501184209745	0.06132123103930098	0.02703699802907522	0.02457329408696296	0.073812901778183	9.998530003940687e-09	0.029459115073677822	0.03676964921112358	0.01231607251963851	0.029576773613939622	0.017241020915435	9.981022230931558e-09	0.017226293859948782	0.01695857596796397	3:21:58	60010
