	algorithm	#Fc	D	percFES	run_1	run_2	run_3	run_4	run_5	run_6	run_7	run_8	run_9	run_10	run_11	run_12	run_13	run_14	run_15	run_16	run_17	run_18	run_19	run_20	run_21	run_22	run_23	run_24	run_25	run_26	run_27	run_28	run_29	run_30	run_31	run_32	run_33	run_34	run_35	run_36	run_37	run_38	run_39	run_40	run_41	run_42	run_43	run_44	run_45	run_46	run_47	run_48	run_49	run_50	run_51	mean	elapsed_time	evals
0	CDE/best/1/bin	7	30	0.1	0.029459140732456035	3.8781308830948547e-08	0.03189856740482355	0.01722658351661721	4.015328158857301e-08	0.012321389323801668	0.03923360871317527	2.546561972849304e-06	3.2677223771315766e-07	0.007490598757954103	0.00739668170024288	2.0012115555800847e-06	9.209998097503558e-09	0.009872296249682222	0.014792050638789078	0.01722630936421865	0.007396557852302976	0.012316109021753618	9.959649105439894e-09	0.019677795178154156	3.82814278054866e-08	0.03195921069493579	4.110116151423426e-06	0.014772463841836725	0.00011573108190532366	0.019677747479590835	0.02955484197525493	0.01724109318229239	0.024573302203407366	0.0073963433455901395	8.803317541605793e-08	3.6179736753183533e-06	0.01969007496438735	0.03687215123431997	5.313698125064548e-06	2.877226279451861e-07	8.508675364282681e-08	1.7412884290024522e-06	0.046700233183855744	0.00986530475336167	0.024590763391984183	0.012317027878339104	0.051529639734098964	0.06377269135441566	1.65165374710341e-08	0.014774051977269664	1.7842239685705863e-07	2.0182505977572873e-07	1.0149373110834858e-06	0.00739720453816517	0.009865213397688422	0.013117538141536184	2:05:14	30000
