	algorithm	#Fc	D	percFES	run_1	run_2	run_3	run_4	run_5	run_6	run_7	run_8	run_9	run_10	run_11	run_12	run_13	run_14	run_15	run_16	run_17	run_18	run_19	run_20	run_21	run_22	run_23	run_24	run_25	run_26	run_27	run_28	run_29	run_30	run_31	run_32	run_33	run_34	run_35	run_36	run_37	run_38	run_39	run_40	run_41	run_42	run_43	run_44	run_45	run_46	run_47	run_48	run_49	run_50	run_51	mean	elapsed_time	evals
0	CDE/best/1/bin	7	30	1.0	0.03189838254752431	9.754444363352377e-09	0.009857284607960537	0.009857284607960537	0.03691635287191275	0.00985728460784685	0.029564466176793758	0.06098152800029766	0.03923335263834815	0.017226293859835096	0.019677734558172233	0.007396040334242571	0.11012775090716787	0.009864672061212332	8.482288649247494e-09	0.007396040334242571	0.012316072519411136	9.984091775550041e-09	0.014772407722944081	0.07572688575692155	0.022185660857417133	0.009864672061098645	9.860627869784366e-09	0.04409495151651299	0.009857284607960537	0.04648320804335526	0.014779776754949125	0.012320988875217154	9.887457963486668e-09	0.017236111917782182	0.03693101741203009	0.007396040334242571	9.432824299437925e-09	0.05378925865363726	9.864606909104623e-09	0.014772407722944081	0.007396040334242571	9.81583525572205e-09	9.83982317848131e-09	0.031957028772581	9.765813047124539e-09	0.007396040334242571	0.014772407722944081	9.604491424397565e-09	0.029584161212255822	0.029498241701503503	0.012316072519411136	0.027036998028961534	0.019677734558172233	0.039260172644503655	0.02212673343296956	0.02026280294949085	11:24:47	300020
