	algorithm	#Fc	D	percFES	run_1	run_2	run_3	run_4	run_5	run_6	run_7	run_8	run_9	run_10	run_11	run_12	run_13	run_14	run_15	run_16	run_17	run_18	run_19	run_20	run_21	run_22	run_23	run_24	run_25	run_26	run_27	run_28	run_29	run_30	run_31	run_32	run_33	run_34	run_35	run_36	run_37	run_38	run_39	run_40	run_41	run_42	run_43	run_44	run_45	run_46	run_47	run_48	run_49	run_50	run_51	mean	elapsed_time	evals
0	CDE/best/1/bin	7	30	0.9	9.979544302041177e-09	9.51763468037825e-09	0.04658538693513492	0.019677734558172233	0.009857284607960537	0.009857284607960537	9.993982530431822e-09	9.995687832997646e-09	0.02948112396495617	0.027125384395617402	0.044153381326623276	0.009857284607960537	0.014772407722944081	8.001165952009615e-09	9.609834705770481e-09	0.009857284607960537	0.06128670660655189	0.027061469963314266	0.012316072519411136	0.027036998028847847	0.019689998004878362	0.03444772103534888	9.632117325963918e-09	8.739107215660624e-09	0.012316072519411136	0.012320988875217154	0.049100058804015134	0.014772407722944081	0.03433522608042949	0.07089209563650911	0.012320988875217154	9.987047633330803e-09	9.44305611483287e-09	0.027105692824875405	0.06866821392202382	9.974542081181426e-09	0.0610348189444494	0.027017420107881662	0.024590437451934122	9.859036254056264e-09	0.02215124201495655	8.936581252783071e-09	9.855170901573729e-09	9.94032234302722e-09	9.623590813134797e-09	0.007396040334242571	9.630639397073537e-09	0.014772407722944081	0.014779776754949125	9.258769750886131e-09	0.03192281883650594	0.017814909860783913	9:50:31	270020
