	algorithm	#Fc	D	percFES	run_1	run_2	run_3	run_4	run_5	run_6	run_7	run_8	run_9	run_10	run_11	run_12	run_13	run_14	run_15	run_16	run_17	run_18	run_19	run_20	run_21	run_22	run_23	run_24	run_25	run_26	run_27	run_28	run_29	run_30	run_31	run_32	run_33	run_34	run_35	run_36	run_37	run_38	run_39	run_40	run_41	run_42	run_43	run_44	run_45	run_46	run_47	run_48	run_49	run_50	run_51	mean	elapsed_time	evals
0	CDE/best/1/bin	7	30	0.5	0.03189838254741062	0.024573294086508213	0.022126733433083245	0.009857284607960537	0.022185660857417133	9.382347343489528e-09	0.009857284607960537	0.009857284607960537	0.009857284607960537	0.007396040334242571	9.6251824288629e-09	0.009864672061098645	0.007396040334242571	9.569362191541586e-09	9.810719348024577e-09	0.024590437451934122	0.009857284607960537	0.009864672061098645	0.04409495151651299	0.014772407722944081	9.460677574679721e-09	0.03676964921100989	0.012316072519411136	0.029510468500802745	0.012320988875217154	0.019719489248359423	0.01232098887533084	0.027093396087366273	9.645191312301904e-09	0.007396040334469944	9.728523764351849e-09	9.615860108169727e-09	0.03676964921100989	9.766495168150868e-09	0.03446240416121782	0.014772407722944081	8.883489499567077e-09	9.140990187006537e-09	0.009857284607960537	0.01968999800499205	9.715563464851584e-09	8.670099305163603e-09	0.014779776754949125	0.014772407722944081	0.02212673343296956	0.009864672061098645	9.643599696573801e-09	9.92986315395683e-09	0.04176768394654573	0.051607847284685704	9.612676876713522e-09	0.013646427964906305	7:08:18	30570
