	algorithm	#Fc	D	percFES	run_1	run_2	run_3	run_4	run_5	run_6	run_7	run_8	run_9	run_10	run_11	run_12	run_13	run_14	run_15	run_16	run_17	run_18	run_19	run_20	run_21	run_22	run_23	run_24	run_25	run_26	run_27	run_28	run_29	run_30	run_31	run_32	run_33	run_34	run_35	run_36	run_37	run_38	run_39	run_40	run_41	run_42	run_43	run_44	run_45	run_46	run_47	run_48	run_49	run_50	run_51	mean	elapsed_time	evals
0	CDE/best/1/bin	7	30	0.8	0.08101127458382962	9.447376214666292e-09	9.517293619865086e-09	0.014779776755062812	0.02948112396495617	0.009857284607960537	9.701693670649547e-09	0.009857284607960537	0.046729410331636245	0.019677734558172233	0.014779776754949125	0.017241020915321315	0.009864672061098645	9.651103027863428e-09	9.967379810404964e-09	9.782297638594173e-09	0.019677734558172233	8.949427865445614e-09	0.012316072519411136	9.473865247855429e-09	9.942255019268487e-09	9.706013770482969e-09	0.009857284607960537	0.022185660857417133	0.014779776754949125	0.009857284607960537	0.012316072519411136	0.017241020915435	9.732957551022992e-09	0.009864672061098645	0.03194236749550328	9.83629888651194e-09	0.007396040334242571	0.014779776754949125	0.019677734558172233	0.029554669824051416	9.89257387118414e-09	9.870859685179312e-09	0.05857111699390316	9.44999101193389e-09	0.012316072519411136	0.04176768394654573	0.02212673343296956	0.03192281883650594	0.014779776754949125	0.012320988875217154	0.024573294086508213	0.06135073145412662	0.009857284607960537	9.357790986541659e-09	9.057885108632036e-09	0.015182592006957676	9:23:05	33810
