	algorithm	#Fc	D	percFES	run_1	run_2	run_3	run_4	run_5	run_6	run_7	run_8	run_9	run_10	run_11	run_12	run_13	run_14	run_15	run_16	run_17	run_18	run_19	run_20	run_21	run_22	run_23	run_24	run_25	run_26	run_27	run_28	run_29	run_30	run_31	run_32	run_33	run_34	run_35	run_36	run_37	run_38	run_39	run_40	run_41	run_42	run_43	run_44	run_45	run_46	run_47	run_48	run_49	run_50	run_51	mean	elapsed_time	evals
0	CDE/best/1/bin	7	30	0.4	0.007396040334242571	0.012320988875217154	0.039201655465262775	0.027093396087366273	0.061034818944563085	0.009857284607960537	0.009864672061212332	0.012316072519411136	9.654854693508241e-09	0.007396040334242571	0.017226293859835096	0.032006110385395914	0.039311372746738016	0.012316072519411136	9.711470738693606e-09	0.009864672061212332	0.014772407723057768	0.009857284607960537	0.007396040334242571	9.634732123231515e-09	0.03931868686197504	0.007396040334242571	0.06108326313096768	0.02212673343296956	0.022126733433083245	0.012320988875217154	0.01231607251929745	0.06640473846130135	9.792756827664562e-09	0.01232098887533084	0.029510468500802745	0.03201591380377522	9.831524039327633e-09	9.526843314233702e-09	0.02215124201495655	0.014779776754949125	0.08080945876633905	0.048946910900781404	0.05136928449746847	9.981818038795609e-09	0.012316072519411136	0.036872127426477164	9.520931598672178e-09	9.84755388344638e-09	0.009857284607960537	9.993414096243214e-09	0.027036998028961534	0.01231607251929745	0.022141438644666778	0.03192281883650594	0.009857284607960537	0.020128406261135875	6:37:50	120000
