	algorithm	#Fc	D	percFES	run_1	run_2	run_3	run_4	run_5	run_6	run_7	run_8	run_9	run_10	run_11	run_12	run_13	run_14	run_15	run_16	run_17	run_18	run_19	run_20	run_21	run_22	run_23	run_24	run_25	run_26	run_27	run_28	run_29	run_30	run_31	run_32	run_33	run_34	run_35	run_36	run_37	run_38	run_39	run_40	run_41	run_42	run_43	run_44	run_45	run_46	run_47	run_48	run_49	run_50	run_51	mean	elapsed_time	evals
0	CDE/best/1/bin	9	10	0.4	9.949585533113805	26.863844117889926	18.904186774600817	14.936324020719326	10.944544590207101	8.954626476020508	11.939498609481348	8.954626476020621	8.543741480774315	5.969754342559781	5.969754342559781	13.879354876248613	15.919329800035484	29.43756997923515	39.05241062418861	13.929416723667941	32.65605058458016	22.884017965154953	25.868890098615793	16.914268660414336	25.6108777885471	24.260606154474544	9.949585533113918	11.939498609481348	12.934457666574644	23.878992181143644	8.954626476020508	45.6268082970513	15.919329800035484	11.939498609481348	3.9798362283731876	22.323565801723703	29.40024375741143	9.949585533113918	4.9747952854664845	19.899160990589507	4.9747952854664845	41.34256821662757	30.072782342002256	12.934457666574644	45.83151609676588	2.9848771712798907	22.24978679675712	15.91930960332104	13.929396526953497	12.631008384658685	19.899140793875063	26.809350428655762	11.939503647300398	18.431990076329043	30.478788906572618	18.322402681016282	2:50:11	40020
