	algorithm	#Fc	D	percFES	run_1	run_2	run_3	run_4	run_5	run_6	run_7	run_8	run_9	run_10	run_11	run_12	run_13	run_14	run_15	run_16	run_17	run_18	run_19	run_20	run_21	run_22	run_23	run_24	run_25	run_26	run_27	run_28	run_29	run_30	run_31	run_32	run_33	run_34	run_35	run_36	run_37	run_38	run_39	run_40	run_41	run_42	run_43	run_44	run_45	run_46	run_47	run_48	run_49	run_50	run_51	mean	elapsed_time	evals
0	CDE/best/1/bin	9	10	0.9	15.919329800035484	10.944544590207101	27.858782978268778	14.924375780761238	27.572998377855583	12.934457666574644	15.6362066994418	9.949580495294754	12.934457666574644	20.999246616430582	27.181758025402132	5.969754342559781	20.894079654253915	27.64216065273149	9.949585533113805	6.964713399653078	53.816197050089954	10.94453955238805	19.899140793875063	31.32828327950631	24.539512445897458	9.949585533113805	33.2678880657578	10.94453955238805	33.82853228300951	24.974896296285465	20.1568521478016	25.2502651373743	10.944544590207101	6.9647083618340275	18.904181736781766	10.944544590207101	14.924370742942187	9.198481165619341	20.499407879125442	40.22369435037217	13.108741495542972	14.924370742942187	20.89409985096836	12.934457666574644	24.9708423692839	25.7533913847509	4.9747952854664845	3.9798362283731876	33.7617026443919	22.884017965154953	11.939498609481348	16.914268660414336	11.939498609481348	19.899140793875063	11.287161683437262	18.626392584781847	4:52:00	90020
