	algorithm	#Fc	D	percFES	run_1	run_2	run_3	run_4	run_5	run_6	run_7	run_8	run_9	run_10	run_11	run_12	run_13	run_14	run_15	run_16	run_17	run_18	run_19	run_20	run_21	run_22	run_23	run_24	run_25	run_26	run_27	run_28	run_29	run_30	run_31	run_32	run_33	run_34	run_35	run_36	run_37	run_38	run_39	run_40	run_41	run_42	run_43	run_44	run_45	run_46	run_47	run_48	run_49	run_50	run_51	mean	elapsed_time	evals
0	CDE/best/1/bin	9	10	0.2	19.453301359263378	15.91930960332104	5.969754342559781	37.94116711799893	38.2570700973082	8.205836204019988	29.84870109245537	19.89916099058962	22.884033124050347	10.94453955238805	10.944544590207101	20.894099850968473	17.481332611167545	18.904201933496324	25.868829325575348	17.90922267968847	25.32271960887647	12.934457666574644	5.969754342559781	32.59062354493574	23.8789719844292	11.10738613231706	14.924375780761238	12.934432432041149	15.919329800035484	2.9848771712798907	45.457137764825006	20.577595351889613	5.969754342559781	14.924375780761352	17.909227717507633	27.107197226881226	18.90418677460093	9.949585533113918	25.620820062449866	7.959667418927324	10.944544590207101	15.919329800035484	17.909247914222078	7.959667418927324	10.860963107578527	10.944544590207215	7.959667418927324	17.909227717507633	6.9647083618340275	24.35572353319924	11.939498609481348	15.919329800035484	20.268155771578108	26.863844117889926	15.919329800035484	17.586458107138267	1:30:22	20010
