	algorithm	#Fc	D	percFES	run_1	run_2	run_3	run_4	run_5	run_6	run_7	run_8	run_9	run_10	run_11	run_12	run_13	run_14	run_15	run_16	run_17	run_18	run_19	run_20	run_21	run_22	run_23	run_24	run_25	run_26	run_27	run_28	run_29	run_30	run_31	run_32	run_33	run_34	run_35	run_36	run_37	run_38	run_39	run_40	run_41	run_42	run_43	run_44	run_45	run_46	run_47	run_48	run_49	run_50	run_51	mean	elapsed_time	evals
0	CDE/best/1/bin	9	10	0.1	33.29702635797639	8.95462649675062	24.037483253384835	9.949585533478512	19.899160994352314	18.904186774643108	28.853762232076633	27.353937308256263	28.725739991595105	41.34073352539065	32.57859873286111	9.414117164455092	11.939498609498855	8.95462731550333	9.949580497551779	13.929418593965579	19.89908003176788	11.93950365428634	33.8284715099702	15.919334876911876	50.52155424655041	10.94454312500659	9.94958553662741	4.974795300007372	41.88610312031824	18.904207082824087	17.909247919289896	9.949580495480177	25.636187388215035	17.909247914259026	15.871195284474652	11.939498609496468	6.96470836201604	16.91428946573774	12.93445766768832	24.87393104412638	13.33520942496341	10.944544592389548	8.954628315431819	23.72338641493195	14.924370743059967	14.924355584052478	12.934457667462311	15.07549590955989	16.914283819444222	49.82095962815299	14.924370743070995	13.929554779605041	16.429859694996026	6.964708363783188	4.974795285982623	18.55934484281727	0:42:34	10010
