	algorithm	#Fc	D	percFES	run_1	run_2	run_3	run_4	run_5	run_6	run_7	run_8	run_9	run_10	run_11	run_12	run_13	run_14	run_15	run_16	run_17	run_18	run_19	run_20	run_21	run_22	run_23	run_24	run_25	run_26	run_27	run_28	run_29	run_30	run_31	run_32	run_33	run_34	run_35	run_36	run_37	run_38	run_39	run_40	run_41	run_42	run_43	run_44	run_45	run_46	run_47	run_48	run_49	run_50	run_51	mean	elapsed_time	evals
0	CDE/best/1/bin	9	10	0.7	9.949580495294754	12.934457666574644	21.888998135021325	4.9747952854664845	12.934457666574644	10.944544590207101	30.057083387485477	15.91930960332104	5.969754342559781	9.949585533113805	26.752964764448848	43.10864288704613	4.338597570986508	28.6201904226574	20.49669655511741	27.11443638776359	16.914268660414336	23.8789719844292	26.646254693871924	13.038080265441977	25.91062435722688	20.89409985096836	15.91930960332104	12.934457666574644	13.929396526953497	32.495369139764534	20.89409985096836	21.889058908061656	6.964713399653078	30.84366014954867	6.9647083618340275	22.884017965154953	16.914268660414336	16.91428885712878	7.959667418927324	20.894120047682804	12.934457666574644	16.914273698233387	10.944544590207101	18.507573445120784	10.933151041155725	24.881069416584637	20.0824052194464	15.91930960332104	11.939498609481348	15.919329800035484	13.929416723667941	7.959672456746375	14.924370742942187	11.939498609481348	12.934462704393695	17.30001109783081	4:12:12	70010
