	algorithm	#Fc	D	percFES	run_1	run_2	run_3	run_4	run_5	run_6	run_7	run_8	run_9	run_10	run_11	run_12	run_13	run_14	run_15	run_16	run_17	run_18	run_19	run_20	run_21	run_22	run_23	run_24	run_25	run_26	run_27	run_28	run_29	run_30	run_31	run_32	run_33	run_34	run_35	run_36	run_37	run_38	run_39	run_40	run_41	run_42	run_43	run_44	run_45	run_46	run_47	run_48	run_49	run_50	run_51	mean	elapsed_time	evals
0	CDE/best/1/bin	9	10	0.3	20.894120047682918	16.509784085242927	21.889058908061656	6.964713399653078	15.919329800035484	27.168777271558383	12.934457666574644	10.944544590207101	14.924375780761238	7.959667418927211	23.8789719844292	16.91428885712878	9.949585533113805	11.939498609481348	17.02812763538634	13.929416723667941	22.884012927335903	14.924370742942187	6.9647083618340275	16.386897678043738	35.4981606000365	24.591819447978537	27.982847265284136	16.914268660414336	38.53467509944494	20.813470205015733	25.833949270817243	9.949580495294754	18.665405530804605	16.914268660414336	24.996005572430477	3.9798362283731876	21.889058908061656	10.944544590207101	28.853701459036188	32.55331022683879	5.969754342559781	14.924375780761238	35.62409344670289	27.858803174983336	21.077054927396375	21.8890791047761	26.862997586433835	28.577450865959122	38.82066192194259	17.277166216136834	9.949585533113918	7.959667418927324	20.89409985096836	3.9798362283731876	11.939498609481348	18.890739906883073	2:14:09	30020
