	algorithm	#Fc	D	percFES	run_1	run_2	run_3	run_4	run_5	run_6	run_7	run_8	run_9	run_10	run_11	run_12	run_13	run_14	run_15	run_16	run_17	run_18	run_19	run_20	run_21	run_22	run_23	run_24	run_25	run_26	run_27	run_28	run_29	run_30	run_31	run_32	run_33	run_34	run_35	run_36	run_37	run_38	run_39	run_40	run_41	run_42	run_43	run_44	run_45	run_46	run_47	run_48	run_49	run_50	run_51	mean	elapsed_time	evals
0	CDE/best/1/bin	9	10	0.6	30.45934207316293	10.944544590207101	24.73780919727278	16.549117847908406	9.949585533113805	18.774150617339956	15.919329800035484	21.88907406695705	8.954626476020508	8.954626476020621	8.954631513839672	15.91932476221632	26.056795597515134	26.075553215903938	20.89409985096836	11.939498609481348	20.969060002512947	10.944544590207215	11.939503647300398	8.954626476020621	11.939498609481348	5.969754342559781	12.934452628755594	19.899160990589507	8.954626476020508	8.954626476020621	10.86952523365801	9.949585533113805	34.82347114338836	9.949585533113918	8.954626476020621	12.934457666574644	33.82853228300951	17.64789249364742	9.949585533113805	25.944769988925714	23.878992181143644	12.934457666574644	12.934457666574644	21.11747412429952	5.969754342559781	15.919329800035484	8.954626476020621	7.959667418927324	6.9647083618340275	24.873931041522496	12.9344374698602	11.939498609481348	13.432006990784998	24.051277830820595	40.79317483398404	16.03807433659649	3:49:00	60000
