	algorithm	#Fc	D	percFES	run_1	run_2	run_3	run_4	run_5	run_6	run_7	run_8	run_9	run_10	run_11	run_12	run_13	run_14	run_15	run_16	run_17	run_18	run_19	run_20	run_21	run_22	run_23	run_24	run_25	run_26	run_27	run_28	run_29	run_30	run_31	run_32	run_33	run_34	run_35	run_36	run_37	run_38	run_39	run_40	run_41	run_42	run_43	run_44	run_45	run_46	run_47	run_48	run_49	run_50	run_51	mean	elapsed_time	evals
0	CDE/best/1/bin	9	10	0.5	12.501887549989647	13.34737281558148	34.24141659146278	32.833512452875766	26.52338419946966	42.02437257159272	43.95091400460797	9.949580495294754	11.014363452948487	10.325679458061245	15.919329800035484	9.949585533113918	26.43015130075503	19.899140793875063	20.89410488878741	19.461261178313293	12.9344374698602	6.964713399653078	17.90922771750752	14.924375780761238	34.8871358006071	27.85878801608783	9.949585533113805	21.614281589307325	16.56992828944408	11.939503647300398	49.02159833657129	17.142264400353497	21.889058908061656	13.929416723667941	8.954626476020621	23.740066991178423	15.91930960332104	8.954626476020621	6.964713399653078	23.878951787714755	31.94096956934993	30.322395681560238	7.959667418927211	5.969754342559781	9.949585533113805	10.944544590207101	17.90922771750752	10.944544590207101	14.924375780761238	13.653257888738949	39.80618416677203	17.909242876402914	9.949585533113918	27.285498335019042	20.894079654253915	19.32501139434245	3:21:14	50000
