	algorithm	#Fc	D	percFES	run_1	run_2	run_3	run_4	run_5	run_6	run_7	run_8	run_9	run_10	run_11	run_12	run_13	run_14	run_15	run_16	run_17	run_18	run_19	run_20	run_21	run_22	run_23	run_24	run_25	run_26	run_27	run_28	run_29	run_30	run_31	run_32	run_33	run_34	run_35	run_36	run_37	run_38	run_39	run_40	run_41	run_42	run_43	run_44	run_45	run_46	run_47	run_48	run_49	run_50	run_51	mean	elapsed_time	evals
0	CDE/best/1/bin	9	30	0.4	60.69234590021176	61.687340495811895	72.63187501038078	88.55114422027293	120.07371711085659	62.68231974961964	88.55104287090671	88.55109860612788	69.64700287692006	48.752928260485305	59.69746277505419	59.697427419444466	81.58639509921613	70.64197200965145	59.6974476161588	56.712555285983626	54.72266240633053	64.6721670151278	42.78318399356374	75.61675218166079	114.41993301496052	95.51580696796191	71.63688041478076	54.72265736851148	84.57127245339291	39.79832701899829	54.91424624726915	64.67224290162528	68.65204381982676	55.717626546681004	58.702508755779945	75.61675721947984	84.57130277118358	74.62181332128193	72.63183443405501	44.77311726664561	68.65200324350099	127.13105075689327	77.60662468170233	39.798337094636395	49.74787215868321	91.40106152636758	61.687284760590614	95.5157815505313	53.72765269727324	112.54612325391463	43.77814305065692	89.54607785993574	49.747872158683094	58.70250371796101	53.904734154295284	70.13098694297736	8:02:05	120020
