	algorithm	#Fc	D	percFES	run_1	run_2	run_3	run_4	run_5	run_6	run_7	run_8	run_9	run_10	run_11	run_12	run_13	run_14	run_15	run_16	run_17	run_18	run_19	run_20	run_21	run_22	run_23	run_24	run_25	run_26	run_27	run_28	run_29	run_30	run_31	run_32	run_33	run_34	run_35	run_36	run_37	run_38	run_39	run_40	run_41	run_42	run_43	run_44	run_45	run_46	run_47	run_48	run_49	run_50	run_51	mean	elapsed_time	evals
0	CDE/best/1/bin	9	30	1.0	86.00744925329468	58.7024885590655	67.65710999726707	69.64698249730861	226.91769848455624	89.5459557605293	66.66211558456394	82.58141492934965	49.74788731757849	94.52086829048005	46.762934214362986	56.71252986855302	74.00685339524534	138.4277543318908	73.62671252139342	136.5976445424776	52.732698677999	46.76301014629871	85.57172566747613	74.62177292785293	77.60660448498788	152.38290641287745	61.68732011620045	56.71255528598351	92.53093483450107	83.57631339629961	41.78821989865128	103.47546953196706	78.60155850426213	80.59141584540828	83.57628797886912	69.64694210387961	92.53091463778662	60.69234086239271	108.45015843024817	86.56108362706857	60.69234086239271	80.5915171947745	109.68395617137719	95.49927287666287	77.60660448498788	46.76301518411776	65.11979856467917	29.848751561522477	58.7024885590655	73.62681387075963	76.61169104203964	70.64195689619419	66.66216609906905	130.60832269091566	79.59639546194899	80.98979851842027	14:47:21	300000
