	algorithm	#Fc	D	percFES	run_1	run_2	run_3	run_4	run_5	run_6	run_7	run_8	run_9	run_10	run_11	run_12	run_13	run_14	run_15	run_16	run_17	run_18	run_19	run_20	run_21	run_22	run_23	run_24	run_25	run_26	run_27	run_28	run_29	run_30	run_31	run_32	run_33	run_34	run_35	run_36	run_37	run_38	run_39	run_40	run_41	run_42	run_43	run_44	run_45	run_46	run_47	run_48	run_49	run_50	run_51	mean	elapsed_time	evals
0	CDE/best/1/bin	9	30	0.1	40.793266066461	69.64700288198264	84.5712727450632	74.62169205342241	53.727743805381124	124.68314042739166	60.50809607688063	52.73274953778457	73.6265753169871	82.58135434276903	61.68736073213813	85.56625208067805	55.71761660136406	77.69656010377855	80.59153740006991	51.737820635894195	74.62178810082355	113.18880361225604	97.93762464163535	61.68736623711402	82.58141511413919	45.768035964955516	42.78318412259341	49.74790751898183	120.85005870417194	64.760145156499	90.54098335147637	73.0726194106893	102.48044448728001	55.71763158487204	76.61168841192648	90.54926056472095	42.202634318392825	75.61660711565821	84.57127246190055	51.73780039476674	94.30071219517913	85.75539193006944	66.66209123060662	45.76805614023965	98.55718199004411	58.70248860913841	68.65200324582156	82.58137453600659	66.6620263224886	36.81345528668601	34.823536899155215	98.50050129470924	49.74788760530555	82.58142019197805	44.77309707005895	71.41957914961543	2:10:54	30020
