	algorithm	#Fc	D	percFES	run_1	run_2	run_3	run_4	run_5	run_6	run_7	run_8	run_9	run_10	run_11	run_12	run_13	run_14	run_15	run_16	run_17	run_18	run_19	run_20	run_21	run_22	run_23	run_24	run_25	run_26	run_27	run_28	run_29	run_30	run_31	run_32	run_33	run_34	run_35	run_36	run_37	run_38	run_39	run_40	run_41	run_42	run_43	run_44	run_45	run_46	run_47	run_48	run_49	run_50	run_51	mean	elapsed_time	evals
0	CDE/best/1/bin	9	30	0.5	68.65204885764581	72.63178900280695	112.43000477969758	71.63695634671649	66.66213578127827	79.59652259917448	94.52078210000911	76.75099811012899	90.5409761439887	68.76913591388234	88.55093593039578	58.70250875578006	85.56612456997527	107.4552601461952	112.59380736378205	76.61172639764936	66.66213578127827	147.28672489964833	63.67723319256788	73.62677329443386	63.67727376889388	64.67221766709179	110.44013227965604	54.72266240633053	88.55117957588277	71.6369007943922	121.33135195690488	45.76803593031002	56.71253490637207	53.72765773509218	98.37410454327528	53.727718508132625	66.66213074345933	101.60848116424927	102.48042428440294	58.70249359688455	142.27839586248092	107.50885729412175	76.25330923156866	98.50069929813708	118.74411950673107	52.732744292143934	65.66711091332559	99.49549641572082	37.8084189804498	112.60900950860173	62.68227917329375	53.72770334923723	107.45509747046299	62.682274135474586	53.727703349237345	81.32535487469318	9:36:43	150000
