	algorithm	#Fc	D	percFES	run_1	run_2	run_3	run_4	run_5	run_6	run_7	run_8	run_9	run_10	run_11	run_12	run_13	run_14	run_15	run_16	run_17	run_18	run_19	run_20	run_21	run_22	run_23	run_24	run_25	run_26	run_27	run_28	run_29	run_30	run_31	run_32	run_33	run_34	run_35	run_36	run_37	run_38	run_39	run_40	run_41	run_42	run_43	run_44	run_45	run_46	run_47	run_48	run_49	run_50	run_51	mean	elapsed_time	evals
0	CDE/best/1/bin	9	30	0.9	52.73267848128455	83.576328555195	87.5561395490347	66.66213074345922	54.72265736851148	84.57135342314768	50.742805981242896	60.69232570349732	61.687299919485895	108.45007168645168	125.36444243245478	134.761676330907	37.80839374591619	60.69232066567815	49.74786712086404	65.66717672418508	54.72266240633053	57.7075295019722	60.6924319077857	93.52588885377531	99.49555718876115	93.5255416314834	86.56122088537018	63.67727376889388	92.53093483450107	65.66717672418497	56.712555285983626	47.757974241210945	76.61163026899919	57.70755473650581	93.52590905048976	52.73273925432488	88.19820731324296	59.69745265397785	73.62670748357436	53.727723545951676	58.70244798273961	90.54100156141908	55.71763158450017	74.62180828346277	141.73993761289694	92.53092979668202	59.69742741944435	116.39496565629793	79.59656317550048	64.67221766709167	55.717616425604774	187.05138138149323	96.51076098723615	56.71257044487891	115.41481614011809	77.63651796250984	14:04:44	270010
