	algorithm	#Fc	D	percFES	run_1	run_2	run_3	run_4	run_5	run_6	run_7	run_8	run_9	run_10	run_11	run_12	run_13	run_14	run_15	run_16	run_17	run_18	run_19	run_20	run_21	run_22	run_23	run_24	run_25	run_26	run_27	run_28	run_29	run_30	run_31	run_32	run_33	run_34	run_35	run_36	run_37	run_38	run_39	run_40	run_41	run_42	run_43	run_44	run_45	run_46	run_47	run_48	run_49	run_50	run_51	mean	elapsed_time	evals
0	CDE/best/1/bin	9	30	0.6	52.73276952667743	31.838649478994625	87.9336686882267	79.59644162941959	103.4753225684558	110.44007654443476	113.37578038344964	52.73275945103933	73.01211843233477	96.51051734174905	115.41472449596142	113.70266733378094	82.58121708090471	52.73276448885838	58.702508755779945	71.63688041478076	111.435030563709	103.47542895564106	162.25969475523834	98.50066394252735	77.60658428827333	49.74782654453816	63.677278806712934	126.12267693284252	38.80333764411421	62.68227935619075	29.84875659934164	96.51074060762471	146.26385220840712	111.43509133674934	72.63188004819995	120.23452047434307	79.59640049976815	80.59142088322733	71.63680448284492	87.5560838138133	49.74786208304499	68.55232643082763	35.818495828444156	59.697386843118466	49.74788731757849	102.48044951893644	50.74283121577639	76.61166058678998	113.29364448386457	48.75290806377075	36.81343468882301	113.38371578023043	60.692406673252094	137.30358541811938	72.63186997256173	81.63344478949203	10:58:19	180000
