	algorithm	#Fc	D	percFES	run_1	run_2	run_3	run_4	run_5	run_6	run_7	run_8	run_9	run_10	run_11	run_12	run_13	run_14	run_15	run_16	run_17	run_18	run_19	run_20	run_21	run_22	run_23	run_24	run_25	run_26	run_27	run_28	run_29	run_30	run_31	run_32	run_33	run_34	run_35	run_36	run_37	run_38	run_39	run_40	run_41	run_42	run_43	run_44	run_45	run_46	run_47	run_48	run_49	run_50	run_51	mean	elapsed_time	evals
0	CDE/best/1/bin	9	30	0.7	93.52592439228215	85.56616569962671	77.60652855305216	98.63743886573172	38.80337299972393	54.72267252740676	79.59652781989053	77.60668545474277	42.78318903138279	57.70748892564643	85.5662720868122	33.82858778989578	46.76299498740332	56.71255528598351	109.45379976449112	95.54600795561373	46.76301518411776	80.59143622501972	144.29617056460484	90.54089965872731	102.48048505744327	82.58133395959499	73.62681368786275	84.57122683924797	87.33573968926612	55.717616425604774	60.69233582457355	58.702468362351055	105.50687670005448	85.5662466693816	88.55119977259722	62.68229955290519	78.60154838318579	71.04077296926255	66.66215094017366	61.68736573034539	74.62172731370799	63.67725860999849	94.52081255525877	52.73275945103933	85.56610941107988	62.68231974961964	82.18740001823369	92.53086902364157	80.59149681516305	76.61170620093492	80.59138048979844	65.66717672418508	80.59139564869383	72.63181423734045	199.56571466393962	78.18419912252236	12:03:45	210020
