	algorithm	#Fc	D	percFES	run_1	run_2	run_3	run_4	run_5	run_6	run_7	run_8	run_9	run_10	run_11	run_12	run_13	run_14	run_15	run_16	run_17	run_18	run_19	run_20	run_21	run_22	run_23	run_24	run_25	run_26	run_27	run_28	run_29	run_30	run_31	run_32	run_33	run_34	run_35	run_36	run_37	run_38	run_39	run_40	run_41	run_42	run_43	run_44	run_45	run_46	run_47	run_48	run_49	run_50	run_51	mean	elapsed_time	evals
0	CDE/best/1/bin	9	30	0.01	257.8593537624631	266.5761121764356	303.7577561837336	283.96176022092936	299.04483172960863	271.2028205018066	219.03093882330973	259.66163559453116	317.85520888348174	252.79621729630617	298.6383488080546	223.47159146819536	305.6525649593568	304.37428898010285	279.75444145403117	277.4926068508057	255.58589761582402	279.77462871590524	266.07879441135765	283.4935617929725	292.6600681977434	247.64995250878246	290.31855096113077	277.4871581499033	293.247156348594	284.6089045806816	246.01306984442522	280.3130917358094	277.9591840562198	278.7896404672622	283.1925889988777	261.54255350590506	282.8783959268992	267.9353091607811	256.6857355435261	278.8913174682716	293.60061892506496	251.86920287770545	261.66304811124223	296.5886240199545	293.4004771082173	218.0891881890857	264.85341113716686	285.8589331994276	327.65674202689866	228.78465335037527	261.90529534415145	311.4129219206434	239.9598831153594	291.8081277602232	303.5968107659637	275.2408622654021	0:10:20	3000
