	algorithm	#Fc	D	percFES	run_1	run_2	run_3	run_4	run_5	run_6	run_7	run_8	run_9	run_10	run_11	run_12	run_13	run_14	run_15	run_16	run_17	run_18	run_19	run_20	run_21	run_22	run_23	run_24	run_25	run_26	run_27	run_28	run_29	run_30	run_31	run_32	run_33	run_34	run_35	run_36	run_37	run_38	run_39	run_40	run_41	run_42	run_43	run_44	run_45	run_46	run_47	run_48	run_49	run_50	run_51	mean	elapsed_time	evals
0	CDE/best/1/bin	9	30	0.8	94.59803512736698	41.78821989865128	47.757954044496614	86.56121094719094	96.5107811839506	124.36953892768588	63.67722307149165	82.46847064746578	55.717621463423825	66.661968067727	104.47034743640847	76.61170620093492	101.48551084145447	43.778158209552316	51.73780039394603	52.73276448885849	98.50065890470819	60.69240163543304	57.70750930525776	70.64177402374753	73.62677329443386	89.54609823954706	67.65704418640757	89.54569528203388	65.66717672418508	109.44501558464958	61.687345533630946	48.752948457199636	78.60158373879563	81.58646109297251	81.58643063772286	109.45193156957771	94.39893454888352	63.67725860999849	48.75291310158991	56.726685082581525	106.45990825266517	108.45017862696261	82.58123727761904	64.67221766709167	74.62166654066766	90.54107245553575	80.59152223259366	58.7024885590655	88.55101690015056	80.59143604212272	87.55622051878936	77.60653867412839	105.46534184911161	84.57127245339291	73.67252259983093	77.72185472850371	13:10:19	240010
